filename,path,size_bytes,is_image,width,height,text_preview
page_010_clahe_1.clean.txt,C:\Users\User\Downloads\OCR-Engine\ops\page_010_clahe_1.clean.txt,597,False,,,4.輸出入主要國别累年比较Values of Exports and Imports by Countries1931 to1935(人)(检出)ImportsExports32馆1你(T%R119351351您2亿3inxe*中民ChinRussa英吉利GBriinKla逸Germany北米合农U.S.A.其他CXhars1934*Jan中民ChinalaseoasRussia英吉利GBrtin
page_010_clahe_1.png,C:\Users\User\Downloads\OCR-Engine\ops\page_010_clahe_1.png,122275250,True,,,
page_010_clahe_1.ppocr.tiled.txt,C:\Users\User\Downloads\OCR-Engine\ops\page_010_clahe_1.ppocr.tiled.txt,0,False,,,
page_010_clahe_1.rapid.clean.txt,C:\Users\User\Downloads\OCR-Engine\ops\page_010_clahe_1.rapid.clean.txt,597,False,,,4.輸出入主要國别累年比较Values of Exports and Imports by Countries1931 to1935(人)(检出)ImportsExports32馆1你(T%R119351351您2亿3inxe*中民ChinRussa英吉利GBriinKla逸Germany北米合农U.S.A.其他CXhars1934*Jan中民ChinalaseoasRussia英吉利GBrtin
page_010_clahe_1.rapid.normalized.ensemble.clean.txt,C:\Users\User\Downloads\OCR-Engine\ops\page_010_clahe_1.rapid.normalized.ensemble.clean.txt,2955,False,,,4.輸出入主要國别累年比较Values of Exports and Imports by Countries1931 to1935(人)ー ニ ーーーーーーーーー==ImportsValues of Exports( 箱入 )Imports(T%R)? 蓋19351351您圧 入 主 要 國 別 累ports and Iimports by F0=...「i'inxe*中民ChinRussa英吉
page_010_clahe_1.rapid.normalized.ensemble.clean.txt.ollama.suggested.txt,C:\Users\User\Downloads\OCR-Engine\ops\page_010_clahe_1.rapid.normalized.ensemble.clean.txt.ollama.suggested.txt,29,False,,,Error: unknown flag: --prompt
page_010_clahe_1.rapid.normalized.ensemble.normalized.txt,C:\Users\User\Downloads\OCR-Engine\ops\page_010_clahe_1.rapid.normalized.ensemble.normalized.txt,3839,False,,,"4.輸出入主要國别累年比较\nValues of Exports and Imports by Countries,1931 to 1935\n(人)\nー ニ ーーーーーーーーー==\nImports\nValues of Exports\n( 箱\n入 )\nImports\n(T%R)\n? 蓋\n1935\n135\n1您\n圧 入 主 要 國 別 累\nports and Iimports by F0=…「i'\nin"
page_010_clahe_1.rapid.normalized.ensemble.txt,C:\Users\User\Downloads\OCR-Engine\ops\page_010_clahe_1.rapid.normalized.ensemble.txt,3839,False,,,"4.輸出入主要國别累年比较\nValues of Exports and Imports by Countries,1931 to 1935\n(人)\nー ニ ーーーーーーーーー==\nImports\nValues of Exports\n( 箱\n入 )\nImports\n(T%R)\n? 蓋\n1935\n135\n1您\n圧 入 主 要 國 別 累\nports and Iimports by F0=…「i'\nin"
page_010_clahe_1.rapid.normalized.txt,C:\Users\User\Downloads\OCR-Engine\ops\page_010_clahe_1.rapid.normalized.txt,748,False,,,"4.輸出入主要國别累年比较\nValues of Exports and Imports by Countries,1931 to 1935\n(人)\n(检出)\nImports\nExports\n3\n2馆\n1你\n(T%R)\n1\n1935\n135\n1您\n2亿\n3\ninxe*\n中民Chin\nRussa\n英吉利GBriin\nKla\n逸Germany\n北米合农U.S.A.\n其\n他CXhars\n1934\n*Jan"
page_010_clahe_1.rapid.txt,C:\Users\User\Downloads\OCR-Engine\ops\page_010_clahe_1.rapid.txt,762,False,,,"4.輸出入主要國别累年比较\nValues of Exports and Imports by Countries,1931 to 1935\n（人）\n（检出）\nImports\nExports\n3\n2馆\n1你\n(T%R)\n1\n1935\n135\n1您\n2亿\n3\ninxe*\n中民Chin\nRussa\n英吉利GBriin\nKla\n逸Germany\n北米合农U.S.A.\n其\n他CXhars\n1934\n*Jan"
page_010_clahe_1.resized.best-rot0.tess.txt,C:\Users\User\Downloads\OCR-Engine\ops\page_010_clahe_1.resized.best-rot0.tess.txt,0,False,,,
page_010_clahe_1.resized.png,C:\Users\User\Downloads\OCR-Engine\ops\page_010_clahe_1.resized.png,20225055,True,,,
page_010_clahe_1.resized.rot0.tess.tile000.png,C:\Users\User\Downloads\OCR-Engine\ops\page_010_clahe_1.resized.rot0.tess.tile000.png,18798,True,,,
page_010_clahe_1.resized.rot0.tess.tile000.tess.txt,C:\Users\User\Downloads\OCR-Engine\ops\page_010_clahe_1.resized.rot0.tess.tile000.tess.txt,5,False,,,り\n
page_010_clahe_1.resized.rot0.tess.tile001.png,C:\Users\User\Downloads\OCR-Engine\ops\page_010_clahe_1.resized.rot0.tess.tile001.png,51416,True,,,
page_010_clahe_1.resized.rot0.tess.tile001.tess.txt,C:\Users\User\Downloads\OCR-Engine\ops\page_010_clahe_1.resized.rot0.tess.tile001.tess.txt,3,False,,,|\n
page_010_clahe_1.resized.rot0.tess.tile002.png,C:\Users\User\Downloads\OCR-Engine\ops\page_010_clahe_1.resized.rot0.tess.tile002.png,76874,True,,,
page_010_clahe_1.resized.rot0.tess.tile002.tess.txt,C:\Users\User\Downloads\OCR-Engine\ops\page_010_clahe_1.resized.rot0.tess.tile002.tess.txt,7,False,,,『 _\n
page_010_clahe_1.resized.rot0.tess.tile003.png,C:\Users\User\Downloads\OCR-Engine\ops\page_010_clahe_1.resized.rot0.tess.tile003.png,55669,True,,,
page_010_clahe_1.resized.rot0.tess.tile003.tess.txt,C:\Users\User\Downloads\OCR-Engine\ops\page_010_clahe_1.resized.rot0.tess.tile003.tess.txt,0,False,,,
page_010_clahe_1.resized.rot0.tess.tile004.png,C:\Users\User\Downloads\OCR-Engine\ops\page_010_clahe_1.resized.rot0.tess.tile004.png,55358,True,,,
page_010_clahe_1.resized.rot0.tess.tile004.tess.txt,C:\Users\User\Downloads\OCR-Engine\ops\page_010_clahe_1.resized.rot0.tess.tile004.tess.txt,0,False,,,
page_010_clahe_1.resized.rot0.tess.tile005.png,C:\Users\User\Downloads\OCR-Engine\ops\page_010_clahe_1.resized.rot0.tess.tile005.png,47955,True,,,
page_010_clahe_1.resized.rot0.tess.tile005.tess.txt,C:\Users\User\Downloads\OCR-Engine\ops\page_010_clahe_1.resized.rot0.tess.tile005.tess.txt,0,False,,,
page_010_clahe_1.resized.rot0.tess.tile006.png,C:\Users\User\Downloads\OCR-Engine\ops\page_010_clahe_1.resized.rot0.tess.tile006.png,49082,True,,,
page_010_clahe_1.resized.rot0.tess.tile006.tess.txt,C:\Users\User\Downloads\OCR-Engine\ops\page_010_clahe_1.resized.rot0.tess.tile006.tess.txt,0,False,,,
page_010_clahe_1.resized.rot0.tess.tile007.png,C:\Users\User\Downloads\OCR-Engine\ops\page_010_clahe_1.resized.rot0.tess.tile007.png,40422,True,,,
page_010_clahe_1.resized.rot0.tess.tile007.tess.txt,C:\Users\User\Downloads\OCR-Engine\ops\page_010_clahe_1.resized.rot0.tess.tile007.tess.txt,0,False,,,
page_010_clahe_1.resized.rot0.tess.tile008.png,C:\Users\User\Downloads\OCR-Engine\ops\page_010_clahe_1.resized.rot0.tess.tile008.png,53344,True,,,
page_010_clahe_1.resized.rot0.tess.tile008.tess.txt,C:\Users\User\Downloads\OCR-Engine\ops\page_010_clahe_1.resized.rot0.tess.tile008.tess.txt,0,False,,,
page_010_clahe_1.resized.rot0.tess.tile009.png,C:\Users\User\Downloads\OCR-Engine\ops\page_010_clahe_1.resized.rot0.tess.tile009.png,92707,True,,,
page_010_clahe_1.resized.rot0.tess.tile009.tess.txt,C:\Users\User\Downloads\OCR-Engine\ops\page_010_clahe_1.resized.rot0.tess.tile009.tess.txt,0,False,,,
page_010_clahe_1.resized.rot0.tess.tile010.png,C:\Users\User\Downloads\OCR-Engine\ops\page_010_clahe_1.resized.rot0.tess.tile010.png,50662,True,,,
page_010_clahe_1.resized.rot0.tess.tile010.tess.txt,C:\Users\User\Downloads\OCR-Engine\ops\page_010_clahe_1.resized.rot0.tess.tile010.tess.txt,0,False,,,
page_010_clahe_1.resized.rot0.tess.tile011.png,C:\Users\User\Downloads\OCR-Engine\ops\page_010_clahe_1.resized.rot0.tess.tile011.png,47725,True,,,
page_010_clahe_1.resized.rot0.tess.tile011.tess.txt,C:\Users\User\Downloads\OCR-Engine\ops\page_010_clahe_1.resized.rot0.tess.tile011.tess.txt,0,False,,,
page_010_clahe_1.resized.rot0.tess.tile012.png,C:\Users\User\Downloads\OCR-Engine\ops\page_010_clahe_1.resized.rot0.tess.tile012.png,41559,True,,,
page_010_clahe_1.resized.rot0.tess.tile012.tess.txt,C:\Users\User\Downloads\OCR-Engine\ops\page_010_clahe_1.resized.rot0.tess.tile012.tess.txt,0,False,,,
page_010_clahe_1.resized.rot0.tess.tile013.png,C:\Users\User\Downloads\OCR-Engine\ops\page_010_clahe_1.resized.rot0.tess.tile013.png,62923,True,,,
page_010_clahe_1.resized.rot0.tess.tile013.tess.txt,C:\Users\User\Downloads\OCR-Engine\ops\page_010_clahe_1.resized.rot0.tess.tile013.tess.txt,0,False,,,
page_010_clahe_1.resized.rot0.tess.tile014.png,C:\Users\User\Downloads\OCR-Engine\ops\page_010_clahe_1.resized.rot0.tess.tile014.png,48356,True,,,
page_010_clahe_1.resized.rot0.tess.tile014.tess.txt,C:\Users\User\Downloads\OCR-Engine\ops\page_010_clahe_1.resized.rot0.tess.tile014.tess.txt,0,False,,,
page_010_clahe_1.resized.rot0.tess.tile015.png,C:\Users\User\Downloads\OCR-Engine\ops\page_010_clahe_1.resized.rot0.tess.tile015.png,58178,True,,,
page_010_clahe_1.resized.rot0.tess.tile015.tess.txt,C:\Users\User\Downloads\OCR-Engine\ops\page_010_clahe_1.resized.rot0.tess.tile015.tess.txt,0,False,,,
page_010_clahe_1.resized.rot0.tess.tile016.png,C:\Users\User\Downloads\OCR-Engine\ops\page_010_clahe_1.resized.rot0.tess.tile016.png,62286,True,,,
page_010_clahe_1.resized.rot0.tess.tile016.tess.txt,C:\Users\User\Downloads\OCR-Engine\ops\page_010_clahe_1.resized.rot0.tess.tile016.tess.txt,0,False,,,
page_010_clahe_1.resized.rot0.tess.tile017.png,C:\Users\User\Downloads\OCR-Engine\ops\page_010_clahe_1.resized.rot0.tess.tile017.png,26818,True,,,
page_010_clahe_1.resized.rot0.tess.tile017.tess.txt,C:\Users\User\Downloads\OCR-Engine\ops\page_010_clahe_1.resized.rot0.tess.tile017.tess.txt,5,False,,,り\n
page_010_clahe_1.resized.rot0.tess.tile018.png,C:\Users\User\Downloads\OCR-Engine\ops\page_010_clahe_1.resized.rot0.tess.tile018.png,2524,True,,,
page_010_clahe_1.resized.rot0.tess.tile018.tess.txt,C:\Users\User\Downloads\OCR-Engine\ops\page_010_clahe_1.resized.rot0.tess.tile018.tess.txt,0,False,,,
page_010_clahe_1.resized.rot0.tess.tile019.png,C:\Users\User\Downloads\OCR-Engine\ops\page_010_clahe_1.resized.rot0.tess.tile019.png,27423,True,,,
page_010_clahe_1.resized.rot0.tess.tile019.tess.txt,C:\Users\User\Downloads\OCR-Engine\ops\page_010_clahe_1.resized.rot0.tess.tile019.tess.txt,0,False,,,
page_010_clahe_1.resized.rot0.tess.tile020.png,C:\Users\User\Downloads\OCR-Engine\ops\page_010_clahe_1.resized.rot0.tess.tile020.png,140925,True,,,
page_010_clahe_1.resized.rot0.tess.tile020.tess.txt,C:\Users\User\Downloads\OCR-Engine\ops\page_010_clahe_1.resized.rot0.tess.tile020.tess.txt,18,False,,,'ー\n\n[\n\nも\n
page_010_clahe_1.resized.rot0.tess.tile021.png,C:\Users\User\Downloads\OCR-Engine\ops\page_010_clahe_1.resized.rot0.tess.tile021.png,126470,True,,,
page_010_clahe_1.resized.rot0.tess.tile021.tess.txt,C:\Users\User\Downloads\OCR-Engine\ops\page_010_clahe_1.resized.rot0.tess.tile021.tess.txt,14,False,,,ま 」\n\n[\n
page_010_clahe_1.resized.rot0.tess.tile022.png,C:\Users\User\Downloads\OCR-Engine\ops\page_010_clahe_1.resized.rot0.tess.tile022.png,5335,True,,,
page_010_clahe_1.resized.rot0.tess.tile022.tess.txt,C:\Users\User\Downloads\OCR-Engine\ops\page_010_clahe_1.resized.rot0.tess.tile022.tess.txt,0,False,,,
page_010_clahe_1.resized.rot0.tess.tile023.png,C:\Users\User\Downloads\OCR-Engine\ops\page_010_clahe_1.resized.rot0.tess.tile023.png,5335,True,,,
page_010_clahe_1.resized.rot0.tess.tile023.tess.txt,C:\Users\User\Downloads\OCR-Engine\ops\page_010_clahe_1.resized.rot0.tess.tile023.tess.txt,0,False,,,
page_010_clahe_1.resized.rot0.tess.tile024.png,C:\Users\User\Downloads\OCR-Engine\ops\page_010_clahe_1.resized.rot0.tess.tile024.png,5335,True,,,
page_010_clahe_1.resized.rot0.tess.tile024.tess.txt,C:\Users\User\Downloads\OCR-Engine\ops\page_010_clahe_1.resized.rot0.tess.tile024.tess.txt,0,False,,,
page_010_clahe_1.resized.rot0.tess.tile025.png,C:\Users\User\Downloads\OCR-Engine\ops\page_010_clahe_1.resized.rot0.tess.tile025.png,16121,True,,,
page_010_clahe_1.resized.rot0.tess.tile025.tess.txt,C:\Users\User\Downloads\OCR-Engine\ops\page_010_clahe_1.resized.rot0.tess.tile025.tess.txt,0,False,,,
page_010_clahe_1.resized.rot0.tess.tile026.png,C:\Users\User\Downloads\OCR-Engine\ops\page_010_clahe_1.resized.rot0.tess.tile026.png,13791,True,,,
page_010_clahe_1.resized.rot0.tess.tile026.tess.txt,C:\Users\User\Downloads\OCR-Engine\ops\page_010_clahe_1.resized.rot0.tess.tile026.tess.txt,0,False,,,
page_010_clahe_1.resized.rot0.tess.tile027.png,C:\Users\User\Downloads\OCR-Engine\ops\page_010_clahe_1.resized.rot0.tess.tile027.png,10477,True,,,
page_010_clahe_1.resized.rot0.tess.tile027.tess.txt,C:\Users\User\Downloads\OCR-Engine\ops\page_010_clahe_1.resized.rot0.tess.tile027.tess.txt,0,False,,,
page_010_clahe_1.resized.rot0.tess.tile028.png,C:\Users\User\Downloads\OCR-Engine\ops\page_010_clahe_1.resized.rot0.tess.tile028.png,132596,True,,,
page_010_clahe_1.resized.rot0.tess.tile028.tess.txt,C:\Users\User\Downloads\OCR-Engine\ops\page_010_clahe_1.resized.rot0.tess.tile028.tess.txt,5,False,,,ド\n
page_010_clahe_1.resized.rot0.tess.tile029.png,C:\Users\User\Downloads\OCR-Engine\ops\page_010_clahe_1.resized.rot0.tess.tile029.png,8255,True,,,
page_010_clahe_1.resized.rot0.tess.tile029.tess.txt,C:\Users\User\Downloads\OCR-Engine\ops\page_010_clahe_1.resized.rot0.tess.tile029.tess.txt,0,False,,,
page_010_clahe_1.resized.rot0.tess.tile030.png,C:\Users\User\Downloads\OCR-Engine\ops\page_010_clahe_1.resized.rot0.tess.tile030.png,16262,True,,,
page_010_clahe_1.resized.rot0.tess.tile030.tess.txt,C:\Users\User\Downloads\OCR-Engine\ops\page_010_clahe_1.resized.rot0.tess.tile030.tess.txt,0,False,,,
page_010_clahe_1.resized.rot0.tess.tile031.png,C:\Users\User\Downloads\OCR-Engine\ops\page_010_clahe_1.resized.rot0.tess.tile031.png,8160,True,,,
page_010_clahe_1.resized.rot0.tess.tile031.tess.txt,C:\Users\User\Downloads\OCR-Engine\ops\page_010_clahe_1.resized.rot0.tess.tile031.tess.txt,45,False,,,000000⑧\n\n0\n\n0\n\n00000⑧\n\n00000⑧\n
page_010_clahe_1.resized.rot0.tess.tile032.png,C:\Users\User\Downloads\OCR-Engine\ops\page_010_clahe_1.resized.rot0.tess.tile032.png,20892,True,,,
page_010_clahe_1.resized.rot0.tess.tile032.tess.txt,C:\Users\User\Downloads\OCR-Engine\ops\page_010_clahe_1.resized.rot0.tess.tile032.tess.txt,127,False,,,沼 泥 森 一\n\nメ ー ペ =ーー\n\nーーーー 一 ーー\n\n、 メ ーー つ コ\n\ns 真\n\nに\n\n問\n\n0000⑧\n
page_010_clahe_1.resized.rot0.tess.tile033.png,C:\Users\User\Downloads\OCR-Engine\ops\page_010_clahe_1.resized.rot0.tess.tile033.png,31192,True,,,
page_010_clahe_1.resized.rot0.tess.tile033.tess.txt,C:\Users\User\Downloads\OCR-Engine\ops\page_010_clahe_1.resized.rot0.tess.tile033.tess.txt,0,False,,,
page_010_clahe_1.resized.rot0.tess.tile034.png,C:\Users\User\Downloads\OCR-Engine\ops\page_010_clahe_1.resized.rot0.tess.tile034.png,38117,True,,,
page_010_clahe_1.resized.rot0.tess.tile034.tess.txt,C:\Users\User\Downloads\OCR-Engine\ops\page_010_clahe_1.resized.rot0.tess.tile034.tess.txt,0,False,,,
page_010_clahe_1.resized.rot0.tess.tile035.png,C:\Users\User\Downloads\OCR-Engine\ops\page_010_clahe_1.resized.rot0.tess.tile035.png,79143,True,,,
page_010_clahe_1.resized.rot0.tess.tile035.tess.txt,C:\Users\User\Downloads\OCR-Engine\ops\page_010_clahe_1.resized.rot0.tess.tile035.tess.txt,0,False,,,
page_010_clahe_1.resized.rot0.tess.tile036.png,C:\Users\User\Downloads\OCR-Engine\ops\page_010_clahe_1.resized.rot0.tess.tile036.png,22115,True,,,
page_010_clahe_1.resized.rot0.tess.tile036.tess.txt,C:\Users\User\Downloads\OCR-Engine\ops\page_010_clahe_1.resized.rot0.tess.tile036.tess.txt,0,False,,,
page_010_clahe_1.resized.rot0.tess.tile037.png,C:\Users\User\Downloads\OCR-Engine\ops\page_010_clahe_1.resized.rot0.tess.tile037.png,2524,True,,,
page_010_clahe_1.resized.rot0.tess.tile037.tess.txt,C:\Users\User\Downloads\OCR-Engine\ops\page_010_clahe_1.resized.rot0.tess.tile037.tess.txt,0,False,,,
page_010_clahe_1.resized.rot0.tess.tile038.png,C:\Users\User\Downloads\OCR-Engine\ops\page_010_clahe_1.resized.rot0.tess.tile038.png,37995,True,,,
page_010_clahe_1.resized.rot0.tess.tile038.tess.txt,C:\Users\User\Downloads\OCR-Engine\ops\page_010_clahe_1.resized.rot0.tess.tile038.tess.txt,0,False,,,
page_010_clahe_1.resized.rot0.tess.tile039.png,C:\Users\User\Downloads\OCR-Engine\ops\page_010_clahe_1.resized.rot0.tess.tile039.png,156732,True,,,
page_010_clahe_1.resized.rot0.tess.tile039.tess.txt,C:\Users\User\Downloads\OCR-Engine\ops\page_010_clahe_1.resized.rot0.tess.tile039.tess.txt,0,False,,,
page_010_clahe_1.resized.rot0.tess.tile040.png,C:\Users\User\Downloads\OCR-Engine\ops\page_010_clahe_1.resized.rot0.tess.tile040.png,141785,True,,,
page_010_clahe_1.resized.rot0.tess.tile040.tess.txt,C:\Users\User\Downloads\OCR-Engine\ops\page_010_clahe_1.resized.rot0.tess.tile040.tess.txt,0,False,,,
page_010_clahe_1.resized.rot0.tess.tile041.png,C:\Users\User\Downloads\OCR-Engine\ops\page_010_clahe_1.resized.rot0.tess.tile041.png,6929,True,,,
page_010_clahe_1.resized.rot0.tess.tile041.tess.txt,C:\Users\User\Downloads\OCR-Engine\ops\page_010_clahe_1.resized.rot0.tess.tile041.tess.txt,0,False,,,
page_010_clahe_1.resized.rot0.tess.tile042.png,C:\Users\User\Downloads\OCR-Engine\ops\page_010_clahe_1.resized.rot0.tess.tile042.png,5335,True,,,
page_010_clahe_1.resized.rot0.tess.tile042.tess.txt,C:\Users\User\Downloads\OCR-Engine\ops\page_010_clahe_1.resized.rot0.tess.tile042.tess.txt,0,False,,,
page_010_clahe_1.resized.rot0.tess.tile043.png,C:\Users\User\Downloads\OCR-Engine\ops\page_010_clahe_1.resized.rot0.tess.tile043.png,5335,True,,,
page_010_clahe_1.resized.rot0.tess.tile043.tess.txt,C:\Users\User\Downloads\OCR-Engine\ops\page_010_clahe_1.resized.rot0.tess.tile043.tess.txt,0,False,,,
page_010_clahe_1.resized.rot0.tess.tile044.png,C:\Users\User\Downloads\OCR-Engine\ops\page_010_clahe_1.resized.rot0.tess.tile044.png,6356,True,,,
page_010_clahe_1.resized.rot0.tess.tile044.tess.txt,C:\Users\User\Downloads\OCR-Engine\ops\page_010_clahe_1.resized.rot0.tess.tile044.tess.txt,0,False,,,
page_010_clahe_1.resized.rot0.tess.tile045.png,C:\Users\User\Downloads\OCR-Engine\ops\page_010_clahe_1.resized.rot0.tess.tile045.png,8200,True,,,
page_010_clahe_1.resized.rot0.tess.tile045.tess.txt,C:\Users\User\Downloads\OCR-Engine\ops\page_010_clahe_1.resized.rot0.tess.tile045.tess.txt,0,False,,,
page_010_clahe_1.resized.rot0.tess.tile046.png,C:\Users\User\Downloads\OCR-Engine\ops\page_010_clahe_1.resized.rot0.tess.tile046.png,5335,True,,,
page_010_clahe_1.resized.rot0.tess.tile046.tess.txt,C:\Users\User\Downloads\OCR-Engine\ops\page_010_clahe_1.resized.rot0.tess.tile046.tess.txt,0,False,,,
page_010_clahe_1.resized.rot0.tess.tile047.png,C:\Users\User\Downloads\OCR-Engine\ops\page_010_clahe_1.resized.rot0.tess.tile047.png,206761,True,,,
page_010_clahe_1.resized.rot0.tess.tile047.tess.txt,C:\Users\User\Downloads\OCR-Engine\ops\page_010_clahe_1.resized.rot0.tess.tile047.tess.txt,5,False,,,厭\n
page_010_clahe_1.resized.rot0.tess.tile048.png,C:\Users\User\Downloads\OCR-Engine\ops\page_010_clahe_1.resized.rot0.tess.tile048.png,171988,True,,,
page_010_clahe_1.resized.rot0.tess.tile048.tess.txt,C:\Users\User\Downloads\OCR-Engine\ops\page_010_clahe_1.resized.rot0.tess.tile048.tess.txt,23,False,,,m r c ョ ー\n\nValu\n
page_010_clahe_1.resized.rot0.tess.tile049.png,C:\Users\User\Downloads\OCR-Engine\ops\page_010_clahe_1.resized.rot0.tess.tile049.png,321279,True,,,
page_010_clahe_1.resized.rot0.tess.tile049.tess.txt,C:\Users\User\Downloads\OCR-Engine\ops\page_010_clahe_1.resized.rot0.tess.tile049.tess.txt,34,False,,,④. 轍 出\n\nalues of Exports\n
page_010_clahe_1.resized.rot0.tess.tile050.png,C:\Users\User\Downloads\OCR-Engine\ops\page_010_clahe_1.resized.rot0.tess.tile050.png,354401,True,,,
page_010_clahe_1.resized.rot0.tess.tile050.tess.txt,C:\Users\User\Downloads\OCR-Engine\ops\page_010_clahe_1.resized.rot0.tess.tile050.tess.txt,38,False,,,也 入 主 要\n\nrts and Imports |\n
page_010_clahe_1.resized.rot0.tess.tile051.png,C:\Users\User\Downloads\OCR-Engine\ops\page_010_clahe_1.resized.rot0.tess.tile051.png,367645,True,,,
page_010_clahe_1.resized.rot0.tess.tile051.tess.txt,C:\Users\User\Downloads\OCR-Engine\ops\page_010_clahe_1.resized.rot0.tess.tile051.tess.txt,41,False,,,【 國 別 累 年\n\nts by Coluntries\n
page_010_clahe_1.resized.rot0.tess.tile052.png,C:\Users\User\Downloads\OCR-Engine\ops\page_010_clahe_1.resized.rot0.tess.tile052.png,322424,True,,,
page_010_clahe_1.resized.rot0.tess.tile052.tess.txt,C:\Users\User\Downloads\OCR-Engine\ops\page_010_clahe_1.resized.rot0.tess.tile052.tess.txt,47,False,,,"年 比 較\n\nさ , ⑪0⑧① to ①0①⑥\n"
page_010_clahe_1.resized.rot0.tess.tile053.png,C:\Users\User\Downloads\OCR-Engine\ops\page_010_clahe_1.resized.rot0.tess.tile053.png,146710,True,,,
page_010_clahe_1.resized.rot0.tess.tile053.tess.txt,C:\Users\User\Downloads\OCR-Engine\ops\page_010_clahe_1.resized.rot0.tess.tile053.tess.txt,5,False,,,⑪\n
page_010_clahe_1.resized.rot0.tess.tile054.png,C:\Users\User\Downloads\OCR-Engine\ops\page_010_clahe_1.resized.rot0.tess.tile054.png,103772,True,,,
page_010_clahe_1.resized.rot0.tess.tile054.tess.txt,C:\Users\User\Downloads\OCR-Engine\ops\page_010_clahe_1.resized.rot0.tess.tile054.tess.txt,5,False,,,国\n
page_010_clahe_1.resized.rot0.tess.tile055.png,C:\Users\User\Downloads\OCR-Engine\ops\page_010_clahe_1.resized.rot0.tess.tile055.png,37614,True,,,
page_010_clahe_1.resized.rot0.tess.tile055.tess.txt,C:\Users\User\Downloads\OCR-Engine\ops\page_010_clahe_1.resized.rot0.tess.tile055.tess.txt,0,False,,,
page_010_clahe_1.resized.rot0.tess.tile056.png,C:\Users\User\Downloads\OCR-Engine\ops\page_010_clahe_1.resized.rot0.tess.tile056.png,9880,True,,,
page_010_clahe_1.resized.rot0.tess.tile056.tess.txt,C:\Users\User\Downloads\OCR-Engine\ops\page_010_clahe_1.resized.rot0.tess.tile056.tess.txt,0,False,,,
page_010_clahe_1.resized.rot0.tess.tile057.png,C:\Users\User\Downloads\OCR-Engine\ops\page_010_clahe_1.resized.rot0.tess.tile057.png,24277,True,,,
page_010_clahe_1.resized.rot0.tess.tile057.tess.txt,C:\Users\User\Downloads\OCR-Engine\ops\page_010_clahe_1.resized.rot0.tess.tile057.tess.txt,0,False,,,
page_010_clahe_1.resized.rot0.tess.tile058.png,C:\Users\User\Downloads\OCR-Engine\ops\page_010_clahe_1.resized.rot0.tess.tile058.png,168750,True,,,
page_010_clahe_1.resized.rot0.tess.tile058.tess.txt,C:\Users\User\Downloads\OCR-Engine\ops\page_010_clahe_1.resized.rot0.tess.tile058.tess.txt,0,False,,,
page_010_clahe_1.resized.rot0.tess.tile059.png,C:\Users\User\Downloads\OCR-Engine\ops\page_010_clahe_1.resized.rot0.tess.tile059.png,154962,True,,,
page_010_clahe_1.resized.rot0.tess.tile059.tess.txt,C:\Users\User\Downloads\OCR-Engine\ops\page_010_clahe_1.resized.rot0.tess.tile059.tess.txt,3,False,,,N\n
page_010_clahe_1.resized.rot0.tess.tile060.png,C:\Users\User\Downloads\OCR-Engine\ops\page_010_clahe_1.resized.rot0.tess.tile060.png,9238,True,,,
page_010_clahe_1.resized.rot0.tess.tile060.tess.txt,C:\Users\User\Downloads\OCR-Engine\ops\page_010_clahe_1.resized.rot0.tess.tile060.tess.txt,0,False,,,
page_010_clahe_1.resized.rot0.tess.tile061.png,C:\Users\User\Downloads\OCR-Engine\ops\page_010_clahe_1.resized.rot0.tess.tile061.png,5961,True,,,
page_010_clahe_1.resized.rot0.tess.tile061.tess.txt,C:\Users\User\Downloads\OCR-Engine\ops\page_010_clahe_1.resized.rot0.tess.tile061.tess.txt,0,False,,,
page_010_clahe_1.resized.rot0.tess.tile062.png,C:\Users\User\Downloads\OCR-Engine\ops\page_010_clahe_1.resized.rot0.tess.tile062.png,9649,True,,,
page_010_clahe_1.resized.rot0.tess.tile062.tess.txt,C:\Users\User\Downloads\OCR-Engine\ops\page_010_clahe_1.resized.rot0.tess.tile062.tess.txt,0,False,,,
page_010_clahe_1.resized.rot0.tess.tile063.png,C:\Users\User\Downloads\OCR-Engine\ops\page_010_clahe_1.resized.rot0.tess.tile063.png,9228,True,,,
page_010_clahe_1.resized.rot0.tess.tile063.tess.txt,C:\Users\User\Downloads\OCR-Engine\ops\page_010_clahe_1.resized.rot0.tess.tile063.tess.txt,0,False,,,
page_010_clahe_1.resized.rot0.tess.tile064.png,C:\Users\User\Downloads\OCR-Engine\ops\page_010_clahe_1.resized.rot0.tess.tile064.png,9104,True,,,
page_010_clahe_1.resized.rot0.tess.tile064.tess.txt,C:\Users\User\Downloads\OCR-Engine\ops\page_010_clahe_1.resized.rot0.tess.tile064.tess.txt,0,False,,,
page_010_clahe_1.resized.rot0.tess.tile065.png,C:\Users\User\Downloads\OCR-Engine\ops\page_010_clahe_1.resized.rot0.tess.tile065.png,7745,True,,,
page_010_clahe_1.resized.rot0.tess.tile065.tess.txt,C:\Users\User\Downloads\OCR-Engine\ops\page_010_clahe_1.resized.rot0.tess.tile065.tess.txt,0,False,,,
page_010_clahe_1.resized.rot0.tess.tile066.png,C:\Users\User\Downloads\OCR-Engine\ops\page_010_clahe_1.resized.rot0.tess.tile066.png,198021,True,,,
page_010_clahe_1.resized.rot0.tess.tile066.tess.txt,C:\Users\User\Downloads\OCR-Engine\ops\page_010_clahe_1.resized.rot0.tess.tile066.tess.txt,5,False,,,国\n
page_010_clahe_1.resized.rot0.tess.tile067.png,C:\Users\User\Downloads\OCR-Engine\ops\page_010_clahe_1.resized.rot0.tess.tile067.png,273031,True,,,
page_010_clahe_1.resized.rot0.tess.tile067.tess.txt,C:\Users\User\Downloads\OCR-Engine\ops\page_010_clahe_1.resized.rot0.tess.tile067.tess.txt,31,False,,,Valu\n\n③ 華\n\n[ ゑ\n\n|\n
page_010_clahe_1.resized.rot0.tess.tile068.png,C:\Users\User\Downloads\OCR-Engine\ops\page_010_clahe_1.resized.rot0.tess.tile068.png,426155,True,,,
page_010_clahe_1.resized.rot0.tess.tile068.tess.txt,C:\Users\User\Downloads\OCR-Engine\ops\page_010_clahe_1.resized.rot0.tess.tile068.tess.txt,126,False,,,⑦alues of Exports\n\n( 輸\n\nImports\n\n入 )\n\n? 英\n\n⑨ ーー\n\n!\n\n干 ①\n\n|\n\nい 縄\n\nー\n\nー\n\nー\n
page_010_clahe_1.resized.rot0.tess.tile069.png,C:\Users\User\Downloads\OCR-Engine\ops\page_010_clahe_1.resized.rot0.tess.tile069.png,440554,True,,,
page_010_clahe_1.resized.rot0.tess.tile069.tess.txt,C:\Users\User\Downloads\OCR-Engine\ops\page_010_clahe_1.resized.rot0.tess.tile069.tess.txt,87,False,,,rts and Imports |\n\nり\n\n⑤ $ ①\n\nT T !\n\n⑲③⑤\n\n本 一\n\n① Sen ⑧\n
page_010_clahe_1.resized.rot0.tess.tile070.png,C:\Users\User\Downloads\OCR-Engine\ops\page_010_clahe_1.resized.rot0.tess.tile070.png,496106,True,,,
page_010_clahe_1.resized.rot0.tess.tile070.tess.txt,C:\Users\User\Downloads\OCR-Engine\ops\page_010_clahe_1.resized.rot0.tess.tile070.tess.txt,109,False,,,ts by F0伽榊麗'\n\n(|\n\nt T⑧WI\n\n⑲③⑤\n\n】\n\na 事\n\n本 Namn\n\n国 し hini\n\n詞\n\n′\n
page_010_clahe_1.resized.rot0.tess.tile071.png,C:\Users\User\Downloads\OCR-Engine\ops\page_010_clahe_1.resized.rot0.tess.tile071.png,425187,True,,,
page_010_clahe_1.resized.rot0.tess.tile071.tess.txt,C:\Users\User\Downloads\OCR-Engine\ops\page_010_clahe_1.resized.rot0.tess.tile071.tess.txt,92,False,,,s ①0⑧① tQ ①0①⑤\n\n( 輝\n\n自 )\n\nxhorts\n\n① 傳\n\n② 儘\n\nk\n\n① c\n
page_010_clahe_1.resized.rot0.tess.tile072.png,C:\Users\User\Downloads\OCR-Engine\ops\page_010_clahe_1.resized.rot0.tess.tile072.png,177529,True,,,
page_010_clahe_1.resized.rot0.tess.tile072.tess.txt,C:\Users\User\Downloads\OCR-Engine\ops\page_010_clahe_1.resized.rot0.tess.tile072.tess.txt,7,False,,,| | |\n
page_010_clahe_1.resized.rot0.tess.tile073.png,C:\Users\User\Downloads\OCR-Engine\ops\page_010_clahe_1.resized.rot0.tess.tile073.png,98470,True,,,
page_010_clahe_1.resized.rot0.tess.tile073.tess.txt,C:\Users\User\Downloads\OCR-Engine\ops\page_010_clahe_1.resized.rot0.tess.tile073.tess.txt,5,False,,,国\n
page_010_clahe_1.resized.rot0.tess.tile074.png,C:\Users\User\Downloads\OCR-Engine\ops\page_010_clahe_1.resized.rot0.tess.tile074.png,25847,True,,,
page_010_clahe_1.resized.rot0.tess.tile074.tess.txt,C:\Users\User\Downloads\OCR-Engine\ops\page_010_clahe_1.resized.rot0.tess.tile074.tess.txt,0,False,,,
page_010_clahe_1.resized.rot0.tess.tile075.png,C:\Users\User\Downloads\OCR-Engine\ops\page_010_clahe_1.resized.rot0.tess.tile075.png,14540,True,,,
page_010_clahe_1.resized.rot0.tess.tile075.tess.txt,C:\Users\User\Downloads\OCR-Engine\ops\page_010_clahe_1.resized.rot0.tess.tile075.tess.txt,0,False,,,
page_010_clahe_1.resized.rot0.tess.tile076.png,C:\Users\User\Downloads\OCR-Engine\ops\page_010_clahe_1.resized.rot0.tess.tile076.png,10655,True,,,
page_010_clahe_1.resized.rot0.tess.tile076.tess.txt,C:\Users\User\Downloads\OCR-Engine\ops\page_010_clahe_1.resized.rot0.tess.tile076.tess.txt,0,False,,,
page_010_clahe_1.resized.rot0.tess.tile077.png,C:\Users\User\Downloads\OCR-Engine\ops\page_010_clahe_1.resized.rot0.tess.tile077.png,153193,True,,,
page_010_clahe_1.resized.rot0.tess.tile077.tess.txt,C:\Users\User\Downloads\OCR-Engine\ops\page_010_clahe_1.resized.rot0.tess.tile077.tess.txt,9,False,,,す 圃\n
page_010_clahe_1.resized.rot0.tess.tile078.png,C:\Users\User\Downloads\OCR-Engine\ops\page_010_clahe_1.resized.rot0.tess.tile078.png,147281,True,,,
page_010_clahe_1.resized.rot0.tess.tile078.tess.txt,C:\Users\User\Downloads\OCR-Engine\ops\page_010_clahe_1.resized.rot0.tess.tile078.tess.txt,9,False,,,す 真\n
page_010_clahe_1.resized.rot0.tess.tile079.png,C:\Users\User\Downloads\OCR-Engine\ops\page_010_clahe_1.resized.rot0.tess.tile079.png,5335,True,,,
page_010_clahe_1.resized.rot0.tess.tile079.tess.txt,C:\Users\User\Downloads\OCR-Engine\ops\page_010_clahe_1.resized.rot0.tess.tile079.tess.txt,0,False,,,
page_010_clahe_1.resized.rot0.tess.tile080.png,C:\Users\User\Downloads\OCR-Engine\ops\page_010_clahe_1.resized.rot0.tess.tile080.png,10321,True,,,
page_010_clahe_1.resized.rot0.tess.tile080.tess.txt,C:\Users\User\Downloads\OCR-Engine\ops\page_010_clahe_1.resized.rot0.tess.tile080.tess.txt,0,False,,,
page_010_clahe_1.resized.rot0.tess.tile081.png,C:\Users\User\Downloads\OCR-Engine\ops\page_010_clahe_1.resized.rot0.tess.tile081.png,7316,True,,,
page_010_clahe_1.resized.rot0.tess.tile081.tess.txt,C:\Users\User\Downloads\OCR-Engine\ops\page_010_clahe_1.resized.rot0.tess.tile081.tess.txt,0,False,,,
page_010_clahe_1.resized.rot0.tess.tile082.png,C:\Users\User\Downloads\OCR-Engine\ops\page_010_clahe_1.resized.rot0.tess.tile082.png,5335,True,,,
page_010_clahe_1.resized.rot0.tess.tile082.tess.txt,C:\Users\User\Downloads\OCR-Engine\ops\page_010_clahe_1.resized.rot0.tess.tile082.tess.txt,0,False,,,
page_010_clahe_1.resized.rot0.tess.tile083.png,C:\Users\User\Downloads\OCR-Engine\ops\page_010_clahe_1.resized.rot0.tess.tile083.png,5335,True,,,
page_010_clahe_1.resized.rot0.tess.tile083.tess.txt,C:\Users\User\Downloads\OCR-Engine\ops\page_010_clahe_1.resized.rot0.tess.tile083.tess.txt,0,False,,,
page_010_clahe_1.resized.rot0.tess.tile084.png,C:\Users\User\Downloads\OCR-Engine\ops\page_010_clahe_1.resized.rot0.tess.tile084.png,12918,True,,,
page_010_clahe_1.resized.rot0.tess.tile084.tess.txt,C:\Users\User\Downloads\OCR-Engine\ops\page_010_clahe_1.resized.rot0.tess.tile084.tess.txt,16,False,,,⑧ は\n\nし\n
page_010_clahe_1.resized.rot0.tess.tile085.png,C:\Users\User\Downloads\OCR-Engine\ops\page_010_clahe_1.resized.rot0.tess.tile085.png,209515,True,,,
page_010_clahe_1.resized.rot0.tess.tile085.tess.txt,C:\Users\User\Downloads\OCR-Engine\ops\page_010_clahe_1.resized.rot0.tess.tile085.tess.txt,0,False,,,
page_010_clahe_1.resized.rot0.tess.tile086.png,C:\Users\User\Downloads\OCR-Engine\ops\page_010_clahe_1.resized.rot0.tess.tile086.png,202762,True,,,
page_010_clahe_1.resized.rot0.tess.tile086.tess.txt,C:\Users\User\Downloads\OCR-Engine\ops\page_010_clahe_1.resized.rot0.tess.tile086.tess.txt,0,False,,,
page_010_clahe_1.resized.rot0.tess.tile087.png,C:\Users\User\Downloads\OCR-Engine\ops\page_010_clahe_1.resized.rot0.tess.tile087.png,119910,True,,,
page_010_clahe_1.resized.rot0.tess.tile087.tess.txt,C:\Users\User\Downloads\OCR-Engine\ops\page_010_clahe_1.resized.rot0.tess.tile087.tess.txt,5,False,,,日\n
page_010_clahe_1.resized.rot0.tess.tile088.png,C:\Users\User\Downloads\OCR-Engine\ops\page_010_clahe_1.resized.rot0.tess.tile088.png,506533,True,,,
page_010_clahe_1.resized.rot0.tess.tile088.tess.txt,C:\Users\User\Downloads\OCR-Engine\ops\page_010_clahe_1.resized.rot0.tess.tile088.tess.txt,106,False,,,巾 濁 民 国 C|\n\n射 ド\n\n芦 呈 利 t\n\n鐵 (\n\n) 食 人 向 細 碇 り\n\n他\n\n⑲④④\n
page_010_clahe_1.resized.rot0.tess.tile089.png,C:\Users\User\Downloads\OCR-Engine\ops\page_010_clahe_1.resized.rot0.tess.tile089.png,638737,True,,,
page_010_clahe_1.resized.rot0.tess.tile089.tess.txt,C:\Users\User\Downloads\OCR-Engine\ops\page_010_clahe_1.resized.rot0.tess.tile089.tess.txt,189,False,,,岡 China\n\n鸞 ド ussi\n\n判 (t. Rmituin\n\nよ\n\n邉 (icrmany\n\n國 り . ⑤. AA.\n\n代 (Nhcrs\n\n穿{~\n\n⑲①④\n\nー キ ー ー ー エ ビ ー ー キ ベド エ ー と\n
page_010_clahe_1.resized.rot0.tess.tile090.png,C:\Users\User\Downloads\OCR-Engine\ops\page_010_clahe_1.resized.rot0.tess.tile090.png,252274,True,,,
page_010_clahe_1.resized.rot0.tess.tile090.tess.txt,C:\Users\User\Downloads\OCR-Engine\ops\page_010_clahe_1.resized.rot0.tess.tile090.tess.txt,135,False,,,璽'\n\n一 鋼 す\n\nド 江\n\n碇\n\nー さ\n\nゴー\n\nま ま\n\n翼欄ー E 絵 ① ー_」・__翼翼ー〕 & a\n\nC\n\nE A\n
page_010_clahe_1.resized.rot0.tess.tile091.png,C:\Users\User\Downloads\OCR-Engine\ops\page_010_clahe_1.resized.rot0.tess.tile091.png,163181,True,,,
page_010_clahe_1.resized.rot0.tess.tile091.tess.txt,C:\Users\User\Downloads\OCR-Engine\ops\page_010_clahe_1.resized.rot0.tess.tile091.tess.txt,5,False,,,門\n
page_010_clahe_1.resized.rot0.tess.tile092.png,C:\Users\User\Downloads\OCR-Engine\ops\page_010_clahe_1.resized.rot0.tess.tile092.png,107212,True,,,
page_010_clahe_1.resized.rot0.tess.tile092.tess.txt,C:\Users\User\Downloads\OCR-Engine\ops\page_010_clahe_1.resized.rot0.tess.tile092.tess.txt,0,False,,,
page_010_clahe_1.resized.rot0.tess.tile093.png,C:\Users\User\Downloads\OCR-Engine\ops\page_010_clahe_1.resized.rot0.tess.tile093.png,20379,True,,,
page_010_clahe_1.resized.rot0.tess.tile093.tess.txt,C:\Users\User\Downloads\OCR-Engine\ops\page_010_clahe_1.resized.rot0.tess.tile093.tess.txt,7,False,,,R 上\n
page_010_clahe_1.resized.rot0.tess.tile094.png,C:\Users\User\Downloads\OCR-Engine\ops\page_010_clahe_1.resized.rot0.tess.tile094.png,6695,True,,,
page_010_clahe_1.resized.rot0.tess.tile094.tess.txt,C:\Users\User\Downloads\OCR-Engine\ops\page_010_clahe_1.resized.rot0.tess.tile094.tess.txt,7,False,,,s ま\n
page_010_clahe_1.resized.rot0.tess.tile095.png,C:\Users\User\Downloads\OCR-Engine\ops\page_010_clahe_1.resized.rot0.tess.tile095.png,28505,True,,,
page_010_clahe_1.resized.rot0.tess.tile095.tess.txt,C:\Users\User\Downloads\OCR-Engine\ops\page_010_clahe_1.resized.rot0.tess.tile095.tess.txt,0,False,,,
page_010_clahe_1.resized.rot0.tess.tile096.png,C:\Users\User\Downloads\OCR-Engine\ops\page_010_clahe_1.resized.rot0.tess.tile096.png,176533,True,,,
page_010_clahe_1.resized.rot0.tess.tile096.tess.txt,C:\Users\User\Downloads\OCR-Engine\ops\page_010_clahe_1.resized.rot0.tess.tile096.tess.txt,0,False,,,
page_010_clahe_1.resized.rot0.tess.tile097.png,C:\Users\User\Downloads\OCR-Engine\ops\page_010_clahe_1.resized.rot0.tess.tile097.png,141520,True,,,
page_010_clahe_1.resized.rot0.tess.tile097.tess.txt,C:\Users\User\Downloads\OCR-Engine\ops\page_010_clahe_1.resized.rot0.tess.tile097.tess.txt,9,False,,,丿 ①\n
page_010_clahe_1.resized.rot0.tess.tile098.png,C:\Users\User\Downloads\OCR-Engine\ops\page_010_clahe_1.resized.rot0.tess.tile098.png,5335,True,,,
page_010_clahe_1.resized.rot0.tess.tile098.tess.txt,C:\Users\User\Downloads\OCR-Engine\ops\page_010_clahe_1.resized.rot0.tess.tile098.tess.txt,0,False,,,
page_010_clahe_1.resized.rot0.tess.tile099.png,C:\Users\User\Downloads\OCR-Engine\ops\page_010_clahe_1.resized.rot0.tess.tile099.png,7782,True,,,
page_010_clahe_1.resized.rot0.tess.tile099.tess.txt,C:\Users\User\Downloads\OCR-Engine\ops\page_010_clahe_1.resized.rot0.tess.tile099.tess.txt,0,False,,,
page_010_clahe_1.resized.rot0.tess.tile100.png,C:\Users\User\Downloads\OCR-Engine\ops\page_010_clahe_1.resized.rot0.tess.tile100.png,9521,True,,,
page_010_clahe_1.resized.rot0.tess.tile100.tess.txt,C:\Users\User\Downloads\OCR-Engine\ops\page_010_clahe_1.resized.rot0.tess.tile100.tess.txt,0,False,,,
page_010_clahe_1.resized.rot0.tess.tile101.png,C:\Users\User\Downloads\OCR-Engine\ops\page_010_clahe_1.resized.rot0.tess.tile101.png,6321,True,,,
page_010_clahe_1.resized.rot0.tess.tile101.tess.txt,C:\Users\User\Downloads\OCR-Engine\ops\page_010_clahe_1.resized.rot0.tess.tile101.tess.txt,0,False,,,
page_010_clahe_1.resized.rot0.tess.tile102.png,C:\Users\User\Downloads\OCR-Engine\ops\page_010_clahe_1.resized.rot0.tess.tile102.png,7137,True,,,
page_010_clahe_1.resized.rot0.tess.tile102.tess.txt,C:\Users\User\Downloads\OCR-Engine\ops\page_010_clahe_1.resized.rot0.tess.tile102.tess.txt,0,False,,,
page_010_clahe_1.resized.rot0.tess.tile103.png,C:\Users\User\Downloads\OCR-Engine\ops\page_010_clahe_1.resized.rot0.tess.tile103.png,13008,True,,,
page_010_clahe_1.resized.rot0.tess.tile103.tess.txt,C:\Users\User\Downloads\OCR-Engine\ops\page_010_clahe_1.resized.rot0.tess.tile103.tess.txt,24,False,,,-_~\n\ne\n\n⑫\n\nに\n
page_010_clahe_1.resized.rot0.tess.tile104.png,C:\Users\User\Downloads\OCR-Engine\ops\page_010_clahe_1.resized.rot0.tess.tile104.png,207665,True,,,
page_010_clahe_1.resized.rot0.tess.tile104.tess.txt,C:\Users\User\Downloads\OCR-Engine\ops\page_010_clahe_1.resized.rot0.tess.tile104.tess.txt,5,False,,,ド\n
page_010_clahe_1.resized.rot0.tess.tile105.png,C:\Users\User\Downloads\OCR-Engine\ops\page_010_clahe_1.resized.rot0.tess.tile105.png,191208,True,,,
page_010_clahe_1.resized.rot0.tess.tile105.tess.txt,C:\Users\User\Downloads\OCR-Engine\ops\page_010_clahe_1.resized.rot0.tess.tile105.tess.txt,5,False,,,貫\n
page_010_clahe_1.resized.rot0.tess.tile106.png,C:\Users\User\Downloads\OCR-Engine\ops\page_010_clahe_1.resized.rot0.tess.tile106.png,147292,True,,,
page_010_clahe_1.resized.rot0.tess.tile106.tess.txt,C:\Users\User\Downloads\OCR-Engine\ops\page_010_clahe_1.resized.rot0.tess.tile106.tess.txt,3,False,,,|\n
page_010_clahe_1.resized.rot0.tess.tile107.png,C:\Users\User\Downloads\OCR-Engine\ops\page_010_clahe_1.resized.rot0.tess.tile107.png,535696,True,,,
page_010_clahe_1.resized.rot0.tess.tile107.tess.txt,C:\Users\User\Downloads\OCR-Engine\ops\page_010_clahe_1.resized.rot0.tess.tile107.tess.txt,104,False,,,⑲③④\n\nI\n\n|\n\n本 瓜\n\n田 華 民 国 C|\n\n臓 R\n\n茂 吉 刑 (\n\n逆 c\n\n瞥鱒_ り\n
page_010_clahe_1.resized.rot0.tess.tile108.png,C:\Users\User\Downloads\OCR-Engine\ops\page_010_clahe_1.resized.rot0.tess.tile108.png,660540,True,,,
page_010_clahe_1.resized.rot0.tess.tile108.tess.txt,C:\Users\User\Downloads\OCR-Engine\ops\page_010_clahe_1.resized.rot0.tess.tile108.tess.txt,137,False,,,⑲③④\n\nT ま ① セ 、 は し す\n\n本 mn\n\n国 China\n\n室 Rusi\n\n利 Ut.liikiin\n\nま り\n\n当 U. S ん ョ\n\n! 肉\n
page_010_clahe_1.resized.rot0.tess.tile109.png,C:\Users\User\Downloads\OCR-Engine\ops\page_010_clahe_1.resized.rot0.tess.tile109.png,273569,True,,,
page_010_clahe_1.resized.rot0.tess.tile109.tess.txt,C:\Users\User\Downloads\OCR-Engine\ops\page_010_clahe_1.resized.rot0.tess.tile109.tess.txt,98,False,,,す W\n\nP M\n\nt 忠 f 暁\n\nn |\n\n」ー\n\nい 【\n\n. い\n\na ② り\n\n楊 林 艸 貝\n
page_010_clahe_1.resized.rot0.tess.tile110.png,C:\Users\User\Downloads\OCR-Engine\ops\page_010_clahe_1.resized.rot0.tess.tile110.png,165103,True,,,
page_010_clahe_1.resized.rot0.tess.tile110.tess.txt,C:\Users\User\Downloads\OCR-Engine\ops\page_010_clahe_1.resized.rot0.tess.tile110.tess.txt,5,False,,,川\n
page_010_clahe_1.resized.rot0.tess.tile111.png,C:\Users\User\Downloads\OCR-Engine\ops\page_010_clahe_1.resized.rot0.tess.tile111.png,96960,True,,,
page_010_clahe_1.resized.rot0.tess.tile111.tess.txt,C:\Users\User\Downloads\OCR-Engine\ops\page_010_clahe_1.resized.rot0.tess.tile111.tess.txt,0,False,,,
page_010_clahe_1.resized.rot0.tess.tile112.png,C:\Users\User\Downloads\OCR-Engine\ops\page_010_clahe_1.resized.rot0.tess.tile112.png,13931,True,,,
page_010_clahe_1.resized.rot0.tess.tile112.tess.txt,C:\Users\User\Downloads\OCR-Engine\ops\page_010_clahe_1.resized.rot0.tess.tile112.tess.txt,0,False,,,
page_010_clahe_1.resized.rot0.tess.tile113.png,C:\Users\User\Downloads\OCR-Engine\ops\page_010_clahe_1.resized.rot0.tess.tile113.png,2524,True,,,
page_010_clahe_1.resized.rot0.tess.tile113.tess.txt,C:\Users\User\Downloads\OCR-Engine\ops\page_010_clahe_1.resized.rot0.tess.tile113.tess.txt,0,False,,,
page_010_clahe_1.resized.rot0.tess.tile114.png,C:\Users\User\Downloads\OCR-Engine\ops\page_010_clahe_1.resized.rot0.tess.tile114.png,33775,True,,,
page_010_clahe_1.resized.rot0.tess.tile114.tess.txt,C:\Users\User\Downloads\OCR-Engine\ops\page_010_clahe_1.resized.rot0.tess.tile114.tess.txt,0,False,,,
page_010_clahe_1.resized.rot0.tess.tile115.png,C:\Users\User\Downloads\OCR-Engine\ops\page_010_clahe_1.resized.rot0.tess.tile115.png,158588,True,,,
page_010_clahe_1.resized.rot0.tess.tile115.tess.txt,C:\Users\User\Downloads\OCR-Engine\ops\page_010_clahe_1.resized.rot0.tess.tile115.tess.txt,0,False,,,
page_010_clahe_1.resized.rot0.tess.tile116.png,C:\Users\User\Downloads\OCR-Engine\ops\page_010_clahe_1.resized.rot0.tess.tile116.png,112026,True,,,
page_010_clahe_1.resized.rot0.tess.tile116.tess.txt,C:\Users\User\Downloads\OCR-Engine\ops\page_010_clahe_1.resized.rot0.tess.tile116.tess.txt,0,False,,,
page_010_clahe_1.resized.rot0.tess.tile117.png,C:\Users\User\Downloads\OCR-Engine\ops\page_010_clahe_1.resized.rot0.tess.tile117.png,5335,True,,,
page_010_clahe_1.resized.rot0.tess.tile117.tess.txt,C:\Users\User\Downloads\OCR-Engine\ops\page_010_clahe_1.resized.rot0.tess.tile117.tess.txt,0,False,,,
page_010_clahe_1.resized.rot0.tess.tile118.png,C:\Users\User\Downloads\OCR-Engine\ops\page_010_clahe_1.resized.rot0.tess.tile118.png,5335,True,,,
page_010_clahe_1.resized.rot0.tess.tile118.tess.txt,C:\Users\User\Downloads\OCR-Engine\ops\page_010_clahe_1.resized.rot0.tess.tile118.tess.txt,0,False,,,
page_010_clahe_1.resized.rot0.tess.tile119.png,C:\Users\User\Downloads\OCR-Engine\ops\page_010_clahe_1.resized.rot0.tess.tile119.png,8742,True,,,
page_010_clahe_1.resized.rot0.tess.tile119.tess.txt,C:\Users\User\Downloads\OCR-Engine\ops\page_010_clahe_1.resized.rot0.tess.tile119.tess.txt,0,False,,,
page_010_clahe_1.resized.rot0.tess.tile120.png,C:\Users\User\Downloads\OCR-Engine\ops\page_010_clahe_1.resized.rot0.tess.tile120.png,11731,True,,,
page_010_clahe_1.resized.rot0.tess.tile120.tess.txt,C:\Users\User\Downloads\OCR-Engine\ops\page_010_clahe_1.resized.rot0.tess.tile120.tess.txt,0,False,,,
page_010_clahe_1.resized.rot0.tess.tile121.png,C:\Users\User\Downloads\OCR-Engine\ops\page_010_clahe_1.resized.rot0.tess.tile121.png,9727,True,,,
page_010_clahe_1.resized.rot0.tess.tile121.tess.txt,C:\Users\User\Downloads\OCR-Engine\ops\page_010_clahe_1.resized.rot0.tess.tile121.tess.txt,0,False,,,
page_010_clahe_1.resized.rot0.tess.tile122.png,C:\Users\User\Downloads\OCR-Engine\ops\page_010_clahe_1.resized.rot0.tess.tile122.png,6206,True,,,
page_010_clahe_1.resized.rot0.tess.tile122.tess.txt,C:\Users\User\Downloads\OCR-Engine\ops\page_010_clahe_1.resized.rot0.tess.tile122.tess.txt,0,False,,,
page_010_clahe_1.resized.rot0.tess.tile123.png,C:\Users\User\Downloads\OCR-Engine\ops\page_010_clahe_1.resized.rot0.tess.tile123.png,212985,True,,,
page_010_clahe_1.resized.rot0.tess.tile123.tess.txt,C:\Users\User\Downloads\OCR-Engine\ops\page_010_clahe_1.resized.rot0.tess.tile123.tess.txt,0,False,,,
page_010_clahe_1.resized.rot0.tess.tile124.png,C:\Users\User\Downloads\OCR-Engine\ops\page_010_clahe_1.resized.rot0.tess.tile124.png,169601,True,,,
page_010_clahe_1.resized.rot0.tess.tile124.tess.txt,C:\Users\User\Downloads\OCR-Engine\ops\page_010_clahe_1.resized.rot0.tess.tile124.tess.txt,5,False,,,謀\n
page_010_clahe_1.resized.rot0.tess.tile125.png,C:\Users\User\Downloads\OCR-Engine\ops\page_010_clahe_1.resized.rot0.tess.tile125.png,139731,True,,,
page_010_clahe_1.resized.rot0.tess.tile125.tess.txt,C:\Users\User\Downloads\OCR-Engine\ops\page_010_clahe_1.resized.rot0.tess.tile125.tess.txt,18,False,,,① す ①\n\n|\n
page_010_clahe_1.resized.rot0.tess.tile126.png,C:\Users\User\Downloads\OCR-Engine\ops\page_010_clahe_1.resized.rot0.tess.tile126.png,516991,True,,,
page_010_clahe_1.resized.rot0.tess.tile126.tess.txt,C:\Users\User\Downloads\OCR-Engine\ops\page_010_clahe_1.resized.rot0.tess.tile126.tess.txt,131,False,,,"鵜鶴鸞 り ,\n\n玩\n\n代 (\n\n⑲0③③\n\n囁\n\nI ① ①\n\nま 厨\n\n巾 菓 民 国 Chi\n\n羅 R\n\n|\n\n藁轍嘱砒\n"
page_010_clahe_1.resized.rot0.tess.tile127.png,C:\Users\User\Downloads\OCR-Engine\ops\page_010_clahe_1.resized.rot0.tess.tile127.png,662291,True,,,
page_010_clahe_1.resized.rot0.tess.tile127.tess.txt,C:\Users\User\Downloads\OCR-Engine\ops\page_010_clahe_1.resized.rot0.tess.tile127.tess.txt,162,False,,,画 U. S A\n\n隆 (thcrs\n\nRAA\n\nす ! ョ イ C ド イ\n\ne f I 電\n\nト an\n\n賓 Chirkt\n\nT e れ\n\n閻 i\n\nb a ⑪\n\n【\n\n芒 竺欅ー幟傭 ド\n
page_010_clahe_1.resized.rot0.tess.tile128.png,C:\Users\User\Downloads\OCR-Engine\ops\page_010_clahe_1.resized.rot0.tess.tile128.png,289065,True,,,
page_010_clahe_1.resized.rot0.tess.tile128.tess.txt,C:\Users\User\Downloads\OCR-Engine\ops\page_010_clahe_1.resized.rot0.tess.tile128.tess.txt,58,False,,,ー\n\nて a s\n\nF m T 記 k\n\n更\n\n〒 吉\n\nド n\n
page_010_clahe_1.resized.rot0.tess.tile129.png,C:\Users\User\Downloads\OCR-Engine\ops\page_010_clahe_1.resized.rot0.tess.tile129.png,151474,True,,,
page_010_clahe_1.resized.rot0.tess.tile129.tess.txt,C:\Users\User\Downloads\OCR-Engine\ops\page_010_clahe_1.resized.rot0.tess.tile129.tess.txt,10,False,,,| |\n\n0\n
page_010_clahe_1.resized.rot0.tess.tile130.png,C:\Users\User\Downloads\OCR-Engine\ops\page_010_clahe_1.resized.rot0.tess.tile130.png,107942,True,,,
page_010_clahe_1.resized.rot0.tess.tile130.tess.txt,C:\Users\User\Downloads\OCR-Engine\ops\page_010_clahe_1.resized.rot0.tess.tile130.tess.txt,0,False,,,
page_010_clahe_1.resized.rot0.tess.tile131.png,C:\Users\User\Downloads\OCR-Engine\ops\page_010_clahe_1.resized.rot0.tess.tile131.png,29304,True,,,
page_010_clahe_1.resized.rot0.tess.tile131.tess.txt,C:\Users\User\Downloads\OCR-Engine\ops\page_010_clahe_1.resized.rot0.tess.tile131.tess.txt,0,False,,,
page_010_clahe_1.resized.rot0.tess.tile132.png,C:\Users\User\Downloads\OCR-Engine\ops\page_010_clahe_1.resized.rot0.tess.tile132.png,18552,True,,,
page_010_clahe_1.resized.rot0.tess.tile132.tess.txt,C:\Users\User\Downloads\OCR-Engine\ops\page_010_clahe_1.resized.rot0.tess.tile132.tess.txt,0,False,,,
page_010_clahe_1.resized.rot0.tess.tile133.png,C:\Users\User\Downloads\OCR-Engine\ops\page_010_clahe_1.resized.rot0.tess.tile133.png,24750,True,,,
page_010_clahe_1.resized.rot0.tess.tile133.tess.txt,C:\Users\User\Downloads\OCR-Engine\ops\page_010_clahe_1.resized.rot0.tess.tile133.tess.txt,0,False,,,
page_010_clahe_1.resized.rot0.tess.tile134.png,C:\Users\User\Downloads\OCR-Engine\ops\page_010_clahe_1.resized.rot0.tess.tile134.png,182050,True,,,
page_010_clahe_1.resized.rot0.tess.tile134.tess.txt,C:\Users\User\Downloads\OCR-Engine\ops\page_010_clahe_1.resized.rot0.tess.tile134.tess.txt,3,False,,,|\n
page_010_clahe_1.resized.rot0.tess.tile135.png,C:\Users\User\Downloads\OCR-Engine\ops\page_010_clahe_1.resized.rot0.tess.tile135.png,118315,True,,,
page_010_clahe_1.resized.rot0.tess.tile135.tess.txt,C:\Users\User\Downloads\OCR-Engine\ops\page_010_clahe_1.resized.rot0.tess.tile135.tess.txt,3,False,,,W\n
page_010_clahe_1.resized.rot0.tess.tile136.png,C:\Users\User\Downloads\OCR-Engine\ops\page_010_clahe_1.resized.rot0.tess.tile136.png,5335,True,,,
page_010_clahe_1.resized.rot0.tess.tile136.tess.txt,C:\Users\User\Downloads\OCR-Engine\ops\page_010_clahe_1.resized.rot0.tess.tile136.tess.txt,0,False,,,
page_010_clahe_1.resized.rot0.tess.tile137.png,C:\Users\User\Downloads\OCR-Engine\ops\page_010_clahe_1.resized.rot0.tess.tile137.png,13979,True,,,
page_010_clahe_1.resized.rot0.tess.tile137.tess.txt,C:\Users\User\Downloads\OCR-Engine\ops\page_010_clahe_1.resized.rot0.tess.tile137.tess.txt,9,False,,,ず ョ\n
page_010_clahe_1.resized.rot0.tess.tile138.png,C:\Users\User\Downloads\OCR-Engine\ops\page_010_clahe_1.resized.rot0.tess.tile138.png,9471,True,,,
page_010_clahe_1.resized.rot0.tess.tile138.tess.txt,C:\Users\User\Downloads\OCR-Engine\ops\page_010_clahe_1.resized.rot0.tess.tile138.tess.txt,0,False,,,
page_010_clahe_1.resized.rot0.tess.tile139.png,C:\Users\User\Downloads\OCR-Engine\ops\page_010_clahe_1.resized.rot0.tess.tile139.png,9362,True,,,
page_010_clahe_1.resized.rot0.tess.tile139.tess.txt,C:\Users\User\Downloads\OCR-Engine\ops\page_010_clahe_1.resized.rot0.tess.tile139.tess.txt,0,False,,,
page_010_clahe_1.resized.rot0.tess.tile140.png,C:\Users\User\Downloads\OCR-Engine\ops\page_010_clahe_1.resized.rot0.tess.tile140.png,6000,True,,,
page_010_clahe_1.resized.rot0.tess.tile140.tess.txt,C:\Users\User\Downloads\OCR-Engine\ops\page_010_clahe_1.resized.rot0.tess.tile140.tess.txt,0,False,,,
page_010_clahe_1.resized.rot0.tess.tile141.png,C:\Users\User\Downloads\OCR-Engine\ops\page_010_clahe_1.resized.rot0.tess.tile141.png,28256,True,,,
page_010_clahe_1.resized.rot0.tess.tile141.tess.txt,C:\Users\User\Downloads\OCR-Engine\ops\page_010_clahe_1.resized.rot0.tess.tile141.tess.txt,5,False,,,唇\n
page_010_clahe_1.resized.rot0.tess.tile142.png,C:\Users\User\Downloads\OCR-Engine\ops\page_010_clahe_1.resized.rot0.tess.tile142.png,223098,True,,,
page_010_clahe_1.resized.rot0.tess.tile142.tess.txt,C:\Users\User\Downloads\OCR-Engine\ops\page_010_clahe_1.resized.rot0.tess.tile142.tess.txt,0,False,,,
page_010_clahe_1.resized.rot0.tess.tile143.png,C:\Users\User\Downloads\OCR-Engine\ops\page_010_clahe_1.resized.rot0.tess.tile143.png,193978,True,,,
page_010_clahe_1.resized.rot0.tess.tile143.tess.txt,C:\Users\User\Downloads\OCR-Engine\ops\page_010_clahe_1.resized.rot0.tess.tile143.tess.txt,12,False,,,田\n\n顕\n
page_010_clahe_1.resized.rot0.tess.tile144.png,C:\Users\User\Downloads\OCR-Engine\ops\page_010_clahe_1.resized.rot0.tess.tile144.png,205117,True,,,
page_010_clahe_1.resized.rot0.tess.tile144.tess.txt,C:\Users\User\Downloads\OCR-Engine\ops\page_010_clahe_1.resized.rot0.tess.tile144.tess.txt,88,False,,,駿\n\n談\n\nに\n\nす @\n\n鸞';_\n\nに g 、\n\nー~_\n\n__・.\n\n= ョ\n\na 口\n
page_010_clahe_1.resized.rot0.tess.tile145.png,C:\Users\User\Downloads\OCR-Engine\ops\page_010_clahe_1.resized.rot0.tess.tile145.png,591770,True,,,
page_010_clahe_1.resized.rot0.tess.tile145.tess.txt,C:\Users\User\Downloads\OCR-Engine\ops\page_010_clahe_1.resized.rot0.tess.tile145.tess.txt,152,False,,,落 東 利 { よ\n\n翔\n\n逸 G\n\n北 梨 介 紫 固 り\n\n兄\n\n他 U\n\n冊 ②\n\nー〕ー\n\n本 Jup\n\nーーー\n\n` 木 菌 錦 隆 CRhi\n
page_010_clahe_1.resized.rot0.tess.tile146.png,C:\Users\User\Downloads\OCR-Engine\ops\page_010_clahe_1.resized.rot0.tess.tile146.png,708429,True,,,
page_010_clahe_1.resized.rot0.tess.tile146.tess.txt,C:\Users\User\Downloads\OCR-Engine\ops\page_010_clahe_1.resized.rot0.tess.tile146.tess.txt,199,False,,,ロ て 進ー ト\n\nま 「止ー幟鵠 _\n\n也 Cermamy\n\ner\n\n田 は . . 人 W\n\nま Uthurs\n\nト jmn\n\nM ⑧\n\nて e\n\n曽 Chins\n\nー テ ョ\n\nす 雪\n\nエ サ す た っ\n\nfwt\n
page_010_clahe_1.resized.rot0.tess.tile147.png,C:\Users\User\Downloads\OCR-Engine\ops\page_010_clahe_1.resized.rot0.tess.tile147.png,399213,True,,,
page_010_clahe_1.resized.rot0.tess.tile147.tess.txt,C:\Users\User\Downloads\OCR-Engine\ops\page_010_clahe_1.resized.rot0.tess.tile147.tess.txt,160,False,,,"c\n\nーー\n\nC k 談 ①\n\n』 ke\n\nL 談 ,\n\nー で ⑤m\n\n依 ④ す ①\n\nt す ら\n\n着 」\n\n馨_ー葱`\n\n~ー\n\nに 芋\n\n| __~\n\n⑧ |\n"
page_010_clahe_1.resized.rot0.tess.tile148.png,C:\Users\User\Downloads\OCR-Engine\ops\page_010_clahe_1.resized.rot0.tess.tile148.png,197277,True,,,
page_010_clahe_1.resized.rot0.tess.tile148.tess.txt,C:\Users\User\Downloads\OCR-Engine\ops\page_010_clahe_1.resized.rot0.tess.tile148.tess.txt,5,False,,,ま\n
page_010_clahe_1.resized.rot0.tess.tile149.png,C:\Users\User\Downloads\OCR-Engine\ops\page_010_clahe_1.resized.rot0.tess.tile149.png,108071,True,,,
page_010_clahe_1.resized.rot0.tess.tile149.tess.txt,C:\Users\User\Downloads\OCR-Engine\ops\page_010_clahe_1.resized.rot0.tess.tile149.tess.txt,0,False,,,
page_010_clahe_1.resized.rot0.tess.tile150.png,C:\Users\User\Downloads\OCR-Engine\ops\page_010_clahe_1.resized.rot0.tess.tile150.png,33013,True,,,
page_010_clahe_1.resized.rot0.tess.tile150.tess.txt,C:\Users\User\Downloads\OCR-Engine\ops\page_010_clahe_1.resized.rot0.tess.tile150.tess.txt,0,False,,,
page_010_clahe_1.resized.rot0.tess.tile151.png,C:\Users\User\Downloads\OCR-Engine\ops\page_010_clahe_1.resized.rot0.tess.tile151.png,12476,True,,,
page_010_clahe_1.resized.rot0.tess.tile151.tess.txt,C:\Users\User\Downloads\OCR-Engine\ops\page_010_clahe_1.resized.rot0.tess.tile151.tess.txt,0,False,,,
page_010_clahe_1.resized.rot0.tess.tile152.png,C:\Users\User\Downloads\OCR-Engine\ops\page_010_clahe_1.resized.rot0.tess.tile152.png,22629,True,,,
page_010_clahe_1.resized.rot0.tess.tile152.tess.txt,C:\Users\User\Downloads\OCR-Engine\ops\page_010_clahe_1.resized.rot0.tess.tile152.tess.txt,5,False,,,ト\n
page_010_clahe_1.resized.rot0.tess.tile153.png,C:\Users\User\Downloads\OCR-Engine\ops\page_010_clahe_1.resized.rot0.tess.tile153.png,180289,True,,,
page_010_clahe_1.resized.rot0.tess.tile153.tess.txt,C:\Users\User\Downloads\OCR-Engine\ops\page_010_clahe_1.resized.rot0.tess.tile153.tess.txt,3,False,,,|\n
page_010_clahe_1.resized.rot0.tess.tile154.png,C:\Users\User\Downloads\OCR-Engine\ops\page_010_clahe_1.resized.rot0.tess.tile154.png,94212,True,,,
page_010_clahe_1.resized.rot0.tess.tile154.tess.txt,C:\Users\User\Downloads\OCR-Engine\ops\page_010_clahe_1.resized.rot0.tess.tile154.tess.txt,0,False,,,
page_010_clahe_1.resized.rot0.tess.tile155.png,C:\Users\User\Downloads\OCR-Engine\ops\page_010_clahe_1.resized.rot0.tess.tile155.png,8914,True,,,
page_010_clahe_1.resized.rot0.tess.tile155.tess.txt,C:\Users\User\Downloads\OCR-Engine\ops\page_010_clahe_1.resized.rot0.tess.tile155.tess.txt,0,False,,,
page_010_clahe_1.resized.rot0.tess.tile156.png,C:\Users\User\Downloads\OCR-Engine\ops\page_010_clahe_1.resized.rot0.tess.tile156.png,7875,True,,,
page_010_clahe_1.resized.rot0.tess.tile156.tess.txt,C:\Users\User\Downloads\OCR-Engine\ops\page_010_clahe_1.resized.rot0.tess.tile156.tess.txt,0,False,,,
page_010_clahe_1.resized.rot0.tess.tile157.png,C:\Users\User\Downloads\OCR-Engine\ops\page_010_clahe_1.resized.rot0.tess.tile157.png,9470,True,,,
page_010_clahe_1.resized.rot0.tess.tile157.tess.txt,C:\Users\User\Downloads\OCR-Engine\ops\page_010_clahe_1.resized.rot0.tess.tile157.tess.txt,0,False,,,
page_010_clahe_1.resized.rot0.tess.tile158.png,C:\Users\User\Downloads\OCR-Engine\ops\page_010_clahe_1.resized.rot0.tess.tile158.png,9362,True,,,
page_010_clahe_1.resized.rot0.tess.tile158.tess.txt,C:\Users\User\Downloads\OCR-Engine\ops\page_010_clahe_1.resized.rot0.tess.tile158.tess.txt,0,False,,,
page_010_clahe_1.resized.rot0.tess.tile159.png,C:\Users\User\Downloads\OCR-Engine\ops\page_010_clahe_1.resized.rot0.tess.tile159.png,5335,True,,,
page_010_clahe_1.resized.rot0.tess.tile159.tess.txt,C:\Users\User\Downloads\OCR-Engine\ops\page_010_clahe_1.resized.rot0.tess.tile159.tess.txt,0,False,,,
page_010_clahe_1.resized.rot0.tess.tile160.png,C:\Users\User\Downloads\OCR-Engine\ops\page_010_clahe_1.resized.rot0.tess.tile160.png,14639,True,,,
page_010_clahe_1.resized.rot0.tess.tile160.tess.txt,C:\Users\User\Downloads\OCR-Engine\ops\page_010_clahe_1.resized.rot0.tess.tile160.tess.txt,5,False,,,も\n
page_010_clahe_1.resized.rot0.tess.tile161.png,C:\Users\User\Downloads\OCR-Engine\ops\page_010_clahe_1.resized.rot0.tess.tile161.png,225216,True,,,
page_010_clahe_1.resized.rot0.tess.tile161.tess.txt,C:\Users\User\Downloads\OCR-Engine\ops\page_010_clahe_1.resized.rot0.tess.tile161.tess.txt,0,False,,,
page_010_clahe_1.resized.rot0.tess.tile162.png,C:\Users\User\Downloads\OCR-Engine\ops\page_010_clahe_1.resized.rot0.tess.tile162.png,205164,True,,,
page_010_clahe_1.resized.rot0.tess.tile162.tess.txt,C:\Users\User\Downloads\OCR-Engine\ops\page_010_clahe_1.resized.rot0.tess.tile162.tess.txt,0,False,,,
page_010_clahe_1.resized.rot0.tess.tile163.png,C:\Users\User\Downloads\OCR-Engine\ops\page_010_clahe_1.resized.rot0.tess.tile163.png,182677,True,,,
page_010_clahe_1.resized.rot0.tess.tile163.tess.txt,C:\Users\User\Downloads\OCR-Engine\ops\page_010_clahe_1.resized.rot0.tess.tile163.tess.txt,22,False,,,ー キ * 目\n\n防\n
page_010_clahe_1.resized.rot0.tess.tile164.png,C:\Users\User\Downloads\OCR-Engine\ops\page_010_clahe_1.resized.rot0.tess.tile164.png,604917,True,,,
page_010_clahe_1.resized.rot0.tess.tile164.tess.txt,C:\Users\User\Downloads\OCR-Engine\ops\page_010_clahe_1.resized.rot0.tess.tile164.tess.txt,162,False,,,B 拐 l ]'「 *\n\n綱 縄 )\n\n田 菓 餡 阿 CRhi\n\n` 慄\n\n羅 R\n\n: 英 害 芸 (\n\n送 G\n\n` 芋 木 食 繁 綱 U\n\n配 ⑧\n\n他 th\n\n①0③①\n
page_010_clahe_1.resized.rot0.tess.tile165.png,C:\Users\User\Downloads\OCR-Engine\ops\page_010_clahe_1.resized.rot0.tess.tile165.png,670640,True,,,
page_010_clahe_1.resized.rot0.tess.tile165.tess.txt,C:\Users\User\Downloads\OCR-Engine\ops\page_010_clahe_1.resized.rot0.tess.tile165.tess.txt,128,False,,,W ′中_ E\n\n岬馴\n\n曽 Chins\n\nA に a\n\n十 Russ\n\nす Gblidain\n\nま GCmiany\n\nU. S ん\n\n& (Othcrs\n\n①③①\n
page_010_clahe_1.resized.rot0.tess.tile166.png,C:\Users\User\Downloads\OCR-Engine\ops\page_010_clahe_1.resized.rot0.tess.tile166.png,318529,True,,,
page_010_clahe_1.resized.rot0.tess.tile166.tess.txt,C:\Users\User\Downloads\OCR-Engine\ops\page_010_clahe_1.resized.rot0.tess.tile166.tess.txt,130,False,,,"ま ー ョ e ま ョ に ① ド ル\n\nt す c T\n\n啓\n\n拝 ""ーヂ`\n\nご\n\nて ッT す\n\nーー_\n\n團 、\n\n〝ー\n"
page_010_clahe_1.resized.rot0.tess.tile167.png,C:\Users\User\Downloads\OCR-Engine\ops\page_010_clahe_1.resized.rot0.tess.tile167.png,187704,True,,,
page_010_clahe_1.resized.rot0.tess.tile167.tess.txt,C:\Users\User\Downloads\OCR-Engine\ops\page_010_clahe_1.resized.rot0.tess.tile167.tess.txt,5,False,,,目\n
page_010_clahe_1.resized.rot0.tess.tile168.png,C:\Users\User\Downloads\OCR-Engine\ops\page_010_clahe_1.resized.rot0.tess.tile168.png,98314,True,,,
page_010_clahe_1.resized.rot0.tess.tile168.tess.txt,C:\Users\User\Downloads\OCR-Engine\ops\page_010_clahe_1.resized.rot0.tess.tile168.tess.txt,0,False,,,
page_010_clahe_1.resized.rot0.tess.tile169.png,C:\Users\User\Downloads\OCR-Engine\ops\page_010_clahe_1.resized.rot0.tess.tile169.png,10498,True,,,
page_010_clahe_1.resized.rot0.tess.tile169.tess.txt,C:\Users\User\Downloads\OCR-Engine\ops\page_010_clahe_1.resized.rot0.tess.tile169.tess.txt,0,False,,,
page_010_clahe_1.resized.rot0.tess.tile170.png,C:\Users\User\Downloads\OCR-Engine\ops\page_010_clahe_1.resized.rot0.tess.tile170.png,2524,True,,,
page_010_clahe_1.resized.rot0.tess.tile170.tess.txt,C:\Users\User\Downloads\OCR-Engine\ops\page_010_clahe_1.resized.rot0.tess.tile170.tess.txt,0,False,,,
page_010_clahe_1.resized.rot0.tess.tile171.png,C:\Users\User\Downloads\OCR-Engine\ops\page_010_clahe_1.resized.rot0.tess.tile171.png,23540,True,,,
page_010_clahe_1.resized.rot0.tess.tile171.tess.txt,C:\Users\User\Downloads\OCR-Engine\ops\page_010_clahe_1.resized.rot0.tess.tile171.tess.txt,0,False,,,
page_010_clahe_1.resized.rot0.tess.tile172.png,C:\Users\User\Downloads\OCR-Engine\ops\page_010_clahe_1.resized.rot0.tess.tile172.png,173230,True,,,
page_010_clahe_1.resized.rot0.tess.tile172.tess.txt,C:\Users\User\Downloads\OCR-Engine\ops\page_010_clahe_1.resized.rot0.tess.tile172.tess.txt,0,False,,,
page_010_clahe_1.resized.rot0.tess.tile173.png,C:\Users\User\Downloads\OCR-Engine\ops\page_010_clahe_1.resized.rot0.tess.tile173.png,60277,True,,,
page_010_clahe_1.resized.rot0.tess.tile173.tess.txt,C:\Users\User\Downloads\OCR-Engine\ops\page_010_clahe_1.resized.rot0.tess.tile173.tess.txt,0,False,,,
page_010_clahe_1.resized.rot0.tess.tile174.png,C:\Users\User\Downloads\OCR-Engine\ops\page_010_clahe_1.resized.rot0.tess.tile174.png,6412,True,,,
page_010_clahe_1.resized.rot0.tess.tile174.tess.txt,C:\Users\User\Downloads\OCR-Engine\ops\page_010_clahe_1.resized.rot0.tess.tile174.tess.txt,11,False,,,ve\n\nし\n
page_010_clahe_1.resized.rot0.tess.tile175.png,C:\Users\User\Downloads\OCR-Engine\ops\page_010_clahe_1.resized.rot0.tess.tile175.png,12920,True,,,
page_010_clahe_1.resized.rot0.tess.tile175.tess.txt,C:\Users\User\Downloads\OCR-Engine\ops\page_010_clahe_1.resized.rot0.tess.tile175.tess.txt,0,False,,,
page_010_clahe_1.resized.rot0.tess.tile176.png,C:\Users\User\Downloads\OCR-Engine\ops\page_010_clahe_1.resized.rot0.tess.tile176.png,12609,True,,,
page_010_clahe_1.resized.rot0.tess.tile176.tess.txt,C:\Users\User\Downloads\OCR-Engine\ops\page_010_clahe_1.resized.rot0.tess.tile176.tess.txt,0,False,,,
page_010_clahe_1.resized.rot0.tess.tile177.png,C:\Users\User\Downloads\OCR-Engine\ops\page_010_clahe_1.resized.rot0.tess.tile177.png,5335,True,,,
page_010_clahe_1.resized.rot0.tess.tile177.tess.txt,C:\Users\User\Downloads\OCR-Engine\ops\page_010_clahe_1.resized.rot0.tess.tile177.tess.txt,0,False,,,
page_010_clahe_1.resized.rot0.tess.tile178.png,C:\Users\User\Downloads\OCR-Engine\ops\page_010_clahe_1.resized.rot0.tess.tile178.png,5335,True,,,
page_010_clahe_1.resized.rot0.tess.tile178.tess.txt,C:\Users\User\Downloads\OCR-Engine\ops\page_010_clahe_1.resized.rot0.tess.tile178.tess.txt,0,False,,,
page_010_clahe_1.resized.rot0.tess.tile179.png,C:\Users\User\Downloads\OCR-Engine\ops\page_010_clahe_1.resized.rot0.tess.tile179.png,7234,True,,,
page_010_clahe_1.resized.rot0.tess.tile179.tess.txt,C:\Users\User\Downloads\OCR-Engine\ops\page_010_clahe_1.resized.rot0.tess.tile179.tess.txt,0,False,,,
page_010_clahe_1.resized.rot0.tess.tile180.png,C:\Users\User\Downloads\OCR-Engine\ops\page_010_clahe_1.resized.rot0.tess.tile180.png,215567,True,,,
page_010_clahe_1.resized.rot0.tess.tile180.tess.txt,C:\Users\User\Downloads\OCR-Engine\ops\page_010_clahe_1.resized.rot0.tess.tile180.tess.txt,0,False,,,
page_010_clahe_1.resized.rot0.tess.tile181.png,C:\Users\User\Downloads\OCR-Engine\ops\page_010_clahe_1.resized.rot0.tess.tile181.png,189911,True,,,
page_010_clahe_1.resized.rot0.tess.tile181.tess.txt,C:\Users\User\Downloads\OCR-Engine\ops\page_010_clahe_1.resized.rot0.tess.tile181.tess.txt,5,False,,,肥\n
page_010_clahe_1.resized.rot0.tess.tile182.png,C:\Users\User\Downloads\OCR-Engine\ops\page_010_clahe_1.resized.rot0.tess.tile182.png,227961,True,,,
page_010_clahe_1.resized.rot0.tess.tile182.tess.txt,C:\Users\User\Downloads\OCR-Engine\ops\page_010_clahe_1.resized.rot0.tess.tile182.tess.txt,77,False,,,ほ で て\n\nr 暁\n\nし R\n\nド F よ\n\n_鱒 を\n\n_ー_\n\n|\n\n手\n
page_010_clahe_1.resized.rot0.tess.tile183.png,C:\Users\User\Downloads\OCR-Engine\ops\page_010_clahe_1.resized.rot0.tess.tile183.png,593402,True,,,
page_010_clahe_1.resized.rot0.tess.tile183.tess.txt,C:\Users\User\Downloads\OCR-Engine\ops\page_010_clahe_1.resized.rot0.tess.tile183.tess.txt,188,False,,,g 】\n\n時 啓 詞 ー て で ド\n\n①0③①\n\nー ー\n\n向 細\n\n本 a\n\n壊蠣輿‥L杣\n\n‥\n\n轟 R\n\n: 英 賓 利 C\n\n膚\n\n鴨 Gcn\n\n・ 北 来 人 紫 畿 U. :\n
page_010_clahe_1.resized.rot0.tess.tile184.png,C:\Users\User\Downloads\OCR-Engine\ops\page_010_clahe_1.resized.rot0.tess.tile184.png,659726,True,,,
page_010_clahe_1.resized.rot0.tess.tile184.tess.txt,C:\Users\User\Downloads\OCR-Engine\ops\page_010_clahe_1.resized.rot0.tess.tile184.tess.txt,217,False,,,_ b ま J⑧cScbaeles\n\nBa a S E ュ\n\nい 」 し コ\n\n①③①\n\nさ キ\n\nc 江 ま\n\namn\n\nす ま e d\n\nI じ hNina 、\n\nま Russin\n\nー 誰‥\n\n坪 ま\n\n① GL Ritin\n\n| Gcnnany\n\nU ⑤ た\n
page_010_clahe_1.resized.rot0.tess.tile185.png,C:\Users\User\Downloads\OCR-Engine\ops\page_010_clahe_1.resized.rot0.tess.tile185.png,404916,True,,,
page_010_clahe_1.resized.rot0.tess.tile185.tess.txt,C:\Users\User\Downloads\OCR-Engine\ops\page_010_clahe_1.resized.rot0.tess.tile185.tess.txt,84,False,,,e っ\n\nま\n\nす す ま 髑]ー〝ー 憂\n\nい -\n\n藤魄\n\n①\n\nの aee\n
page_010_clahe_1.resized.rot0.tess.tile186.png,C:\Users\User\Downloads\OCR-Engine\ops\page_010_clahe_1.resized.rot0.tess.tile186.png,235050,True,,,
page_010_clahe_1.resized.rot0.tess.tile186.tess.txt,C:\Users\User\Downloads\OCR-Engine\ops\page_010_clahe_1.resized.rot0.tess.tile186.tess.txt,15,False,,,Rd r\n\nA 進\n
page_010_clahe_1.resized.rot0.tess.tile187.png,C:\Users\User\Downloads\OCR-Engine\ops\page_010_clahe_1.resized.rot0.tess.tile187.png,68550,True,,,
page_010_clahe_1.resized.rot0.tess.tile187.tess.txt,C:\Users\User\Downloads\OCR-Engine\ops\page_010_clahe_1.resized.rot0.tess.tile187.tess.txt,0,False,,,
page_010_clahe_1.resized.rot0.tess.tile188.png,C:\Users\User\Downloads\OCR-Engine\ops\page_010_clahe_1.resized.rot0.tess.tile188.png,6526,True,,,
page_010_clahe_1.resized.rot0.tess.tile188.tess.txt,C:\Users\User\Downloads\OCR-Engine\ops\page_010_clahe_1.resized.rot0.tess.tile188.tess.txt,0,False,,,
page_010_clahe_1.resized.rot0.tess.tile189.png,C:\Users\User\Downloads\OCR-Engine\ops\page_010_clahe_1.resized.rot0.tess.tile189.png,3090,True,,,
page_010_clahe_1.resized.rot0.tess.tile189.tess.txt,C:\Users\User\Downloads\OCR-Engine\ops\page_010_clahe_1.resized.rot0.tess.tile189.tess.txt,0,False,,,
page_010_clahe_1.resized.rot0.tess.tile190.png,C:\Users\User\Downloads\OCR-Engine\ops\page_010_clahe_1.resized.rot0.tess.tile190.png,22854,True,,,
page_010_clahe_1.resized.rot0.tess.tile190.tess.txt,C:\Users\User\Downloads\OCR-Engine\ops\page_010_clahe_1.resized.rot0.tess.tile190.tess.txt,0,False,,,
page_010_clahe_1.resized.rot0.tess.tile191.png,C:\Users\User\Downloads\OCR-Engine\ops\page_010_clahe_1.resized.rot0.tess.tile191.png,160978,True,,,
page_010_clahe_1.resized.rot0.tess.tile191.tess.txt,C:\Users\User\Downloads\OCR-Engine\ops\page_010_clahe_1.resized.rot0.tess.tile191.tess.txt,0,False,,,
page_010_clahe_1.resized.rot0.tess.tile192.png,C:\Users\User\Downloads\OCR-Engine\ops\page_010_clahe_1.resized.rot0.tess.tile192.png,43220,True,,,
page_010_clahe_1.resized.rot0.tess.tile192.tess.txt,C:\Users\User\Downloads\OCR-Engine\ops\page_010_clahe_1.resized.rot0.tess.tile192.tess.txt,0,False,,,
page_010_clahe_1.resized.rot0.tess.tile193.png,C:\Users\User\Downloads\OCR-Engine\ops\page_010_clahe_1.resized.rot0.tess.tile193.png,11473,True,,,
page_010_clahe_1.resized.rot0.tess.tile193.tess.txt,C:\Users\User\Downloads\OCR-Engine\ops\page_010_clahe_1.resized.rot0.tess.tile193.tess.txt,0,False,,,
page_010_clahe_1.resized.rot0.tess.tile194.png,C:\Users\User\Downloads\OCR-Engine\ops\page_010_clahe_1.resized.rot0.tess.tile194.png,13746,True,,,
page_010_clahe_1.resized.rot0.tess.tile194.tess.txt,C:\Users\User\Downloads\OCR-Engine\ops\page_010_clahe_1.resized.rot0.tess.tile194.tess.txt,0,False,,,
page_010_clahe_1.resized.rot0.tess.tile195.png,C:\Users\User\Downloads\OCR-Engine\ops\page_010_clahe_1.resized.rot0.tess.tile195.png,11343,True,,,
page_010_clahe_1.resized.rot0.tess.tile195.tess.txt,C:\Users\User\Downloads\OCR-Engine\ops\page_010_clahe_1.resized.rot0.tess.tile195.tess.txt,0,False,,,
page_010_clahe_1.resized.rot0.tess.tile196.png,C:\Users\User\Downloads\OCR-Engine\ops\page_010_clahe_1.resized.rot0.tess.tile196.png,5335,True,,,
page_010_clahe_1.resized.rot0.tess.tile196.tess.txt,C:\Users\User\Downloads\OCR-Engine\ops\page_010_clahe_1.resized.rot0.tess.tile196.tess.txt,0,False,,,
page_010_clahe_1.resized.rot0.tess.tile197.png,C:\Users\User\Downloads\OCR-Engine\ops\page_010_clahe_1.resized.rot0.tess.tile197.png,9869,True,,,
page_010_clahe_1.resized.rot0.tess.tile197.tess.txt,C:\Users\User\Downloads\OCR-Engine\ops\page_010_clahe_1.resized.rot0.tess.tile197.tess.txt,0,False,,,
page_010_clahe_1.resized.rot0.tess.tile198.png,C:\Users\User\Downloads\OCR-Engine\ops\page_010_clahe_1.resized.rot0.tess.tile198.png,10164,True,,,
page_010_clahe_1.resized.rot0.tess.tile198.tess.txt,C:\Users\User\Downloads\OCR-Engine\ops\page_010_clahe_1.resized.rot0.tess.tile198.tess.txt,7,False,,,①il\n
page_010_clahe_1.resized.rot0.tess.tile199.png,C:\Users\User\Downloads\OCR-Engine\ops\page_010_clahe_1.resized.rot0.tess.tile199.png,259326,True,,,
page_010_clahe_1.resized.rot0.tess.tile199.tess.txt,C:\Users\User\Downloads\OCR-Engine\ops\page_010_clahe_1.resized.rot0.tess.tile199.tess.txt,36,False,,,② ュ\n\nr ュ\n\n[ 詞 -\n\nさ\n
page_010_clahe_1.resized.rot0.tess.tile200.png,C:\Users\User\Downloads\OCR-Engine\ops\page_010_clahe_1.resized.rot0.tess.tile200.png,218944,True,,,
page_010_clahe_1.resized.rot0.tess.tile200.tess.txt,C:\Users\User\Downloads\OCR-Engine\ops\page_010_clahe_1.resized.rot0.tess.tile200.tess.txt,69,False,,,肛ー | |\n\nミ ー 一 ー - 一 ーーー: ーーーー 一 一\n
page_010_clahe_1.resized.rot0.tess.tile201.png,C:\Users\User\Downloads\OCR-Engine\ops\page_010_clahe_1.resized.rot0.tess.tile201.png,208686,True,,,
page_010_clahe_1.resized.rot0.tess.tile201.tess.txt,C:\Users\User\Downloads\OCR-Engine\ops\page_010_clahe_1.resized.rot0.tess.tile201.tess.txt,20,False,,,| ① 一 |\n\nIOn\n
page_010_clahe_1.resized.rot0.tess.tile202.png,C:\Users\User\Downloads\OCR-Engine\ops\page_010_clahe_1.resized.rot0.tess.tile202.png,373975,True,,,
page_010_clahe_1.resized.rot0.tess.tile202.tess.txt,C:\Users\User\Downloads\OCR-Engine\ops\page_010_clahe_1.resized.rot0.tess.tile202.tess.txt,123,False,,,送 志 進 モ ざ に き ⑧\n\n* 芋 来 人 細 異 り . :\n\n貴 。\n\n: 共\n\n他 (\n\n⑤0 ③0 IU\n\nANillinn\n
page_010_clahe_1.resized.rot0.tess.tile203.png,C:\Users\User\Downloads\OCR-Engine\ops\page_010_clahe_1.resized.rot0.tess.tile203.png,402800,True,,,
page_010_clahe_1.resized.rot0.tess.tile203.tess.txt,C:\Users\User\Downloads\OCR-Engine\ops\page_010_clahe_1.resized.rot0.tess.tile203.tess.txt,210,False,,,"目 ` さ a 磯 ー]田ーー\n\nU ⑤ A た\n\n(Jhcra\n\nRNRA e\n\nI0 ③0 ⑤0\n\n|\n\nNilfinn\n\nー エ エ ーー ニ , ニ に デ ニ ニ ー ニ ー モ ン ー エ ュ ュ ー ニ ー ニ ニ ニ ー\n"
page_010_clahe_1.resized.rot0.tess.tile204.png,C:\Users\User\Downloads\OCR-Engine\ops\page_010_clahe_1.resized.rot0.tess.tile204.png,203031,True,,,
page_010_clahe_1.resized.rot0.tess.tile204.tess.txt,C:\Users\User\Downloads\OCR-Engine\ops\page_010_clahe_1.resized.rot0.tess.tile204.tess.txt,15,False,,,E\n\nI\n\n?00\n
page_010_clahe_1.resized.rot0.tess.tile205.png,C:\Users\User\Downloads\OCR-Engine\ops\page_010_clahe_1.resized.rot0.tess.tile205.png,162237,True,,,
page_010_clahe_1.resized.rot0.tess.tile205.tess.txt,C:\Users\User\Downloads\OCR-Engine\ops\page_010_clahe_1.resized.rot0.tess.tile205.tess.txt,0,False,,,
page_010_clahe_1.resized.rot0.tess.tile206.png,C:\Users\User\Downloads\OCR-Engine\ops\page_010_clahe_1.resized.rot0.tess.tile206.png,66908,True,,,
page_010_clahe_1.resized.rot0.tess.tile206.tess.txt,C:\Users\User\Downloads\OCR-Engine\ops\page_010_clahe_1.resized.rot0.tess.tile206.tess.txt,0,False,,,
page_010_clahe_1.resized.rot0.tess.tile207.png,C:\Users\User\Downloads\OCR-Engine\ops\page_010_clahe_1.resized.rot0.tess.tile207.png,16767,True,,,
page_010_clahe_1.resized.rot0.tess.tile207.tess.txt,C:\Users\User\Downloads\OCR-Engine\ops\page_010_clahe_1.resized.rot0.tess.tile207.tess.txt,5,False,,,壷\n
page_010_clahe_1.resized.rot0.tess.tile208.png,C:\Users\User\Downloads\OCR-Engine\ops\page_010_clahe_1.resized.rot0.tess.tile208.png,10498,True,,,
page_010_clahe_1.resized.rot0.tess.tile208.tess.txt,C:\Users\User\Downloads\OCR-Engine\ops\page_010_clahe_1.resized.rot0.tess.tile208.tess.txt,0,False,,,
page_010_clahe_1.resized.rot0.tess.tile209.png,C:\Users\User\Downloads\OCR-Engine\ops\page_010_clahe_1.resized.rot0.tess.tile209.png,50768,True,,,
page_010_clahe_1.resized.rot0.tess.tile209.tess.txt,C:\Users\User\Downloads\OCR-Engine\ops\page_010_clahe_1.resized.rot0.tess.tile209.tess.txt,0,False,,,
page_010_clahe_1.resized.rot0.tess.tile210.png,C:\Users\User\Downloads\OCR-Engine\ops\page_010_clahe_1.resized.rot0.tess.tile210.png,117803,True,,,
page_010_clahe_1.resized.rot0.tess.tile210.tess.txt,C:\Users\User\Downloads\OCR-Engine\ops\page_010_clahe_1.resized.rot0.tess.tile210.tess.txt,13,False,,,ま ま ュ\n
page_010_clahe_1.resized.rot0.tess.tile211.png,C:\Users\User\Downloads\OCR-Engine\ops\page_010_clahe_1.resized.rot0.tess.tile211.png,90680,True,,,
page_010_clahe_1.resized.rot0.tess.tile211.tess.txt,C:\Users\User\Downloads\OCR-Engine\ops\page_010_clahe_1.resized.rot0.tess.tile211.tess.txt,18,False,,,ま ま ュ\n\nB\n
page_010_clahe_1.resized.rot0.tess.tile212.png,C:\Users\User\Downloads\OCR-Engine\ops\page_010_clahe_1.resized.rot0.tess.tile212.png,44656,True,,,
page_010_clahe_1.resized.rot0.tess.tile212.tess.txt,C:\Users\User\Downloads\OCR-Engine\ops\page_010_clahe_1.resized.rot0.tess.tile212.tess.txt,0,False,,,
page_010_clahe_1.resized.rot0.tess.tile213.png,C:\Users\User\Downloads\OCR-Engine\ops\page_010_clahe_1.resized.rot0.tess.tile213.png,44379,True,,,
page_010_clahe_1.resized.rot0.tess.tile213.tess.txt,C:\Users\User\Downloads\OCR-Engine\ops\page_010_clahe_1.resized.rot0.tess.tile213.tess.txt,0,False,,,
page_010_clahe_1.resized.rot0.tess.tile214.png,C:\Users\User\Downloads\OCR-Engine\ops\page_010_clahe_1.resized.rot0.tess.tile214.png,38907,True,,,
page_010_clahe_1.resized.rot0.tess.tile214.tess.txt,C:\Users\User\Downloads\OCR-Engine\ops\page_010_clahe_1.resized.rot0.tess.tile214.tess.txt,0,False,,,
page_010_clahe_1.resized.rot0.tess.tile215.png,C:\Users\User\Downloads\OCR-Engine\ops\page_010_clahe_1.resized.rot0.tess.tile215.png,39710,True,,,
page_010_clahe_1.resized.rot0.tess.tile215.tess.txt,C:\Users\User\Downloads\OCR-Engine\ops\page_010_clahe_1.resized.rot0.tess.tile215.tess.txt,0,False,,,
page_010_clahe_1.resized.rot0.tess.tile216.png,C:\Users\User\Downloads\OCR-Engine\ops\page_010_clahe_1.resized.rot0.tess.tile216.png,62676,True,,,
page_010_clahe_1.resized.rot0.tess.tile216.tess.txt,C:\Users\User\Downloads\OCR-Engine\ops\page_010_clahe_1.resized.rot0.tess.tile216.tess.txt,0,False,,,
page_010_clahe_1.resized.rot0.tess.tile217.png,C:\Users\User\Downloads\OCR-Engine\ops\page_010_clahe_1.resized.rot0.tess.tile217.png,44882,True,,,
page_010_clahe_1.resized.rot0.tess.tile217.tess.txt,C:\Users\User\Downloads\OCR-Engine\ops\page_010_clahe_1.resized.rot0.tess.tile217.tess.txt,0,False,,,
page_010_clahe_1.resized.rot0.tess.tile218.png,C:\Users\User\Downloads\OCR-Engine\ops\page_010_clahe_1.resized.rot0.tess.tile218.png,147397,True,,,
page_010_clahe_1.resized.rot0.tess.tile218.tess.txt,C:\Users\User\Downloads\OCR-Engine\ops\page_010_clahe_1.resized.rot0.tess.tile218.tess.txt,6,False,,,_ー\n
page_010_clahe_1.resized.rot0.tess.tile219.png,C:\Users\User\Downloads\OCR-Engine\ops\page_010_clahe_1.resized.rot0.tess.tile219.png,59859,True,,,
page_010_clahe_1.resized.rot0.tess.tile219.tess.txt,C:\Users\User\Downloads\OCR-Engine\ops\page_010_clahe_1.resized.rot0.tess.tile219.tess.txt,0,False,,,
page_010_clahe_1.resized.rot0.tess.tile220.png,C:\Users\User\Downloads\OCR-Engine\ops\page_010_clahe_1.resized.rot0.tess.tile220.png,55267,True,,,
page_010_clahe_1.resized.rot0.tess.tile220.tess.txt,C:\Users\User\Downloads\OCR-Engine\ops\page_010_clahe_1.resized.rot0.tess.tile220.tess.txt,5,False,,,ー\n
page_010_clahe_1.resized.rot0.tess.tile221.png,C:\Users\User\Downloads\OCR-Engine\ops\page_010_clahe_1.resized.rot0.tess.tile221.png,54894,True,,,
page_010_clahe_1.resized.rot0.tess.tile221.tess.txt,C:\Users\User\Downloads\OCR-Engine\ops\page_010_clahe_1.resized.rot0.tess.tile221.tess.txt,0,False,,,
page_010_clahe_1.resized.rot0.tess.tile222.png,C:\Users\User\Downloads\OCR-Engine\ops\page_010_clahe_1.resized.rot0.tess.tile222.png,49549,True,,,
page_010_clahe_1.resized.rot0.tess.tile222.tess.txt,C:\Users\User\Downloads\OCR-Engine\ops\page_010_clahe_1.resized.rot0.tess.tile222.tess.txt,0,False,,,
page_010_clahe_1.resized.rot0.tess.tile223.png,C:\Users\User\Downloads\OCR-Engine\ops\page_010_clahe_1.resized.rot0.tess.tile223.png,45170,True,,,
page_010_clahe_1.resized.rot0.tess.tile223.tess.txt,C:\Users\User\Downloads\OCR-Engine\ops\page_010_clahe_1.resized.rot0.tess.tile223.tess.txt,0,False,,,
page_010_clahe_1.resized.rot0.tess.tile224.png,C:\Users\User\Downloads\OCR-Engine\ops\page_010_clahe_1.resized.rot0.tess.tile224.png,52979,True,,,
page_010_clahe_1.resized.rot0.tess.tile224.tess.txt,C:\Users\User\Downloads\OCR-Engine\ops\page_010_clahe_1.resized.rot0.tess.tile224.tess.txt,0,False,,,
page_010_clahe_1.resized.rot0.tess.tile225.png,C:\Users\User\Downloads\OCR-Engine\ops\page_010_clahe_1.resized.rot0.tess.tile225.png,76556,True,,,
page_010_clahe_1.resized.rot0.tess.tile225.tess.txt,C:\Users\User\Downloads\OCR-Engine\ops\page_010_clahe_1.resized.rot0.tess.tile225.tess.txt,0,False,,,
page_010_clahe_1.resized.rot0.tess.tile226.png,C:\Users\User\Downloads\OCR-Engine\ops\page_010_clahe_1.resized.rot0.tess.tile226.png,28270,True,,,
page_010_clahe_1.resized.rot0.tess.tile226.tess.txt,C:\Users\User\Downloads\OCR-Engine\ops\page_010_clahe_1.resized.rot0.tess.tile226.tess.txt,47,False,,,u\n\n磨\n\n闇 .\n\n聖\n\n閃\n\nに\n\n⑧\n
page_010_clahe_1.resized.rot0.tess.tile227.png,C:\Users\User\Downloads\OCR-Engine\ops\page_010_clahe_1.resized.rot0.tess.tile227.png,7963,True,,,
page_010_clahe_1.resized.rot0.tess.tile227.tess.txt,C:\Users\User\Downloads\OCR-Engine\ops\page_010_clahe_1.resized.rot0.tess.tile227.tess.txt,0,False,,,
page_010_clahe_1.resized.rot0.tess.tile228.png,C:\Users\User\Downloads\OCR-Engine\ops\page_010_clahe_1.resized.rot0.tess.tile228.png,10975,True,,,
page_010_clahe_1.resized.rot0.tess.tile228.tess.txt,C:\Users\User\Downloads\OCR-Engine\ops\page_010_clahe_1.resized.rot0.tess.tile228.tess.txt,16,False,,,匿 阜\n\n道\n
page_010_clahe_1.resized.rot0.tess.tile229.png,C:\Users\User\Downloads\OCR-Engine\ops\page_010_clahe_1.resized.rot0.tess.tile229.png,23783,True,,,
page_010_clahe_1.resized.rot0.tess.tile229.tess.txt,C:\Users\User\Downloads\OCR-Engine\ops\page_010_clahe_1.resized.rot0.tess.tile229.tess.txt,25,False,,,節\n\n薇 コ\n\n- 彰\n
page_010_clahe_1.resized.rot0.tess.tile230.png,C:\Users\User\Downloads\OCR-Engine\ops\page_010_clahe_1.resized.rot0.tess.tile230.png,15728,True,,,
page_010_clahe_1.resized.rot0.tess.tile230.tess.txt,C:\Users\User\Downloads\OCR-Engine\ops\page_010_clahe_1.resized.rot0.tess.tile230.tess.txt,0,False,,,
page_010_clahe_1.resized.rot0.tess.tile231.png,C:\Users\User\Downloads\OCR-Engine\ops\page_010_clahe_1.resized.rot0.tess.tile231.png,22944,True,,,
page_010_clahe_1.resized.rot0.tess.tile231.tess.txt,C:\Users\User\Downloads\OCR-Engine\ops\page_010_clahe_1.resized.rot0.tess.tile231.tess.txt,0,False,,,
page_010_clahe_1.resized.rot0.tess.tile232.png,C:\Users\User\Downloads\OCR-Engine\ops\page_010_clahe_1.resized.rot0.tess.tile232.png,13683,True,,,
page_010_clahe_1.resized.rot0.tess.tile232.tess.txt,C:\Users\User\Downloads\OCR-Engine\ops\page_010_clahe_1.resized.rot0.tess.tile232.tess.txt,11,False,,,聖蕃榊\n
page_010_clahe_1.resized.rot0.tess.tile233.png,C:\Users\User\Downloads\OCR-Engine\ops\page_010_clahe_1.resized.rot0.tess.tile233.png,15160,True,,,
page_010_clahe_1.resized.rot0.tess.tile233.tess.txt,C:\Users\User\Downloads\OCR-Engine\ops\page_010_clahe_1.resized.rot0.tess.tile233.tess.txt,0,False,,,
page_010_clahe_1.resized.rot0.tess.tile234.png,C:\Users\User\Downloads\OCR-Engine\ops\page_010_clahe_1.resized.rot0.tess.tile234.png,19288,True,,,
page_010_clahe_1.resized.rot0.tess.tile234.tess.txt,C:\Users\User\Downloads\OCR-Engine\ops\page_010_clahe_1.resized.rot0.tess.tile234.tess.txt,40,False,,,も ご こ き\n\n睦\n\nW\n\n国 」\n
page_010_clahe_1.resized.rot0.tess.tile235.png,C:\Users\User\Downloads\OCR-Engine\ops\page_010_clahe_1.resized.rot0.tess.tile235.png,39055,True,,,
page_010_clahe_1.resized.rot0.tess.tile235.tess.txt,C:\Users\User\Downloads\OCR-Engine\ops\page_010_clahe_1.resized.rot0.tess.tile235.tess.txt,0,False,,,
page_010_clahe_1.resized.rot0.tess.tile236.png,C:\Users\User\Downloads\OCR-Engine\ops\page_010_clahe_1.resized.rot0.tess.tile236.png,12085,True,,,
page_010_clahe_1.resized.rot0.tess.tile236.tess.txt,C:\Users\User\Downloads\OCR-Engine\ops\page_010_clahe_1.resized.rot0.tess.tile236.tess.txt,0,False,,,
page_010_clahe_1.resized.rot0.tess.tile237.png,C:\Users\User\Downloads\OCR-Engine\ops\page_010_clahe_1.resized.rot0.tess.tile237.png,13355,True,,,
page_010_clahe_1.resized.rot0.tess.tile237.tess.txt,C:\Users\User\Downloads\OCR-Engine\ops\page_010_clahe_1.resized.rot0.tess.tile237.tess.txt,5,False,,,弐\n
page_010_clahe_1.resized.rot0.tess.tile238.png,C:\Users\User\Downloads\OCR-Engine\ops\page_010_clahe_1.resized.rot0.tess.tile238.png,29920,True,,,
page_010_clahe_1.resized.rot0.tess.tile238.tess.txt,C:\Users\User\Downloads\OCR-Engine\ops\page_010_clahe_1.resized.rot0.tess.tile238.tess.txt,3,False,,,R\n
page_010_clahe_1.resized.rot0.tess.tile239.png,C:\Users\User\Downloads\OCR-Engine\ops\page_010_clahe_1.resized.rot0.tess.tile239.png,31324,True,,,
page_010_clahe_1.resized.rot0.tess.tile239.tess.txt,C:\Users\User\Downloads\OCR-Engine\ops\page_010_clahe_1.resized.rot0.tess.tile239.tess.txt,38,False,,,Wry\n\nに に\n\n陶 コ\n\nー藏'\n
page_010_clahe_1.resized.rot0.tess.tile240.png,C:\Users\User\Downloads\OCR-Engine\ops\page_010_clahe_1.resized.rot0.tess.tile240.png,35586,True,,,
page_010_clahe_1.resized.rot0.tess.tile240.tess.txt,C:\Users\User\Downloads\OCR-Engine\ops\page_010_clahe_1.resized.rot0.tess.tile240.tess.txt,23,False,,,mil\n\nい\n\nな “\n
page_010_clahe_1.resized.rot0.tess.tile241.png,C:\Users\User\Downloads\OCR-Engine\ops\page_010_clahe_1.resized.rot0.tess.tile241.png,27501,True,,,
page_010_clahe_1.resized.rot0.tess.tile241.tess.txt,C:\Users\User\Downloads\OCR-Engine\ops\page_010_clahe_1.resized.rot0.tess.tile241.tess.txt,0,False,,,
page_010_clahe_1.resized.rot0.tess.tile242.png,C:\Users\User\Downloads\OCR-Engine\ops\page_010_clahe_1.resized.rot0.tess.tile242.png,148641,True,,,
page_010_clahe_1.resized.rot0.tess.tile242.tess.txt,C:\Users\User\Downloads\OCR-Engine\ops\page_010_clahe_1.resized.rot0.tess.tile242.tess.txt,49,False,,,州嚢\n\n.・「_\n\nー e\n\nビ デ ー\n\nd\n
page_010_clahe_1.resized.rot0.tess.tile243.png,C:\Users\User\Downloads\OCR-Engine\ops\page_010_clahe_1.resized.rot0.tess.tile243.png,393263,True,,,
page_010_clahe_1.resized.rot0.tess.tile243.tess.txt,C:\Users\User\Downloads\OCR-Engine\ops\page_010_clahe_1.resized.rot0.tess.tile243.tess.txt,165,False,,,[\n\n[\n\n~鬱軸 】\n\nと ベ*\n\n思\n\nっ\n\n{\n\nン ニ ア 0\n\nド\n\nる ま\n\n_二鼻・_号夏\n\nP\n\n【貞叫 報\n\n生ゞ\n\nー\n\nM② に 吉\n
page_010_clahe_1.resized.rot0.tess.tile244.png,C:\Users\User\Downloads\OCR-Engine\ops\page_010_clahe_1.resized.rot0.tess.tile244.png,474444,True,,,
page_010_clahe_1.resized.rot0.tess.tile244.tess.txt,C:\Users\User\Downloads\OCR-Engine\ops\page_010_clahe_1.resized.rot0.tess.tile244.tess.txt,304,False,,,定\n\n誌 コ\n\n‡]_\n\n楊\n\nョ\n\n佇\n\nョ\n\nョ e ~i 水 さ\n\n‡礦「\n\nー\n\n讐\n\n・\n\n。\n\n「\n\nい\n\nE\n\nコ\n\n~\n\n縄』薯\n\n~ー縄\n\n喪\n\n荷\n\nい“〝\n\n縄 艸 ⑧ 」州\n\n)_ ~轟縄ー縄~ 貴ーー\n\n沼 畿\n\nor れ コ ト ト けた ら\n\n國 託\n
page_010_clahe_1.resized.rot0.tess.tile245.png,C:\Users\User\Downloads\OCR-Engine\ops\page_010_clahe_1.resized.rot0.tess.tile245.png,348111,True,,,
page_010_clahe_1.resized.rot0.tess.tile245.tess.txt,C:\Users\User\Downloads\OCR-Engine\ops\page_010_clahe_1.resized.rot0.tess.tile245.tess.txt,141,False,,,県\n\n` 賭\n\n陶\n\nン 火 縄紺 c\n\n'【\n\nーー・\n\n封 = 白 一 痴 に\n\n一 や\n\n一叫\n\nP\n\n~『\n\nー`鱒\n\nT 談\n
page_010_clahe_1.resized.rot0.tess.tile246.png,C:\Users\User\Downloads\OCR-Engine\ops\page_010_clahe_1.resized.rot0.tess.tile246.png,63402,True,,,
page_010_clahe_1.resized.rot0.tess.tile246.tess.txt,C:\Users\User\Downloads\OCR-Engine\ops\page_010_clahe_1.resized.rot0.tess.tile246.tess.txt,49,False,,,に\n\n` 荒 a ご .\n\nー ミ P\n\nで |\n\nr\n
page_010_clahe_1.resized.rot0.tess.tiled.psm11.txt,C:\Users\User\Downloads\OCR-Engine\ops\page_010_clahe_1.resized.rot0.tess.tiled.psm11.txt,5288,False,,,り\n|\n『 _\nり\n'ー\n\n[\n\nも\nま 」\n\n[\nド\n000000⑧\n\n0\n\n0\n\n00000⑧\n\n00000⑧\n沼 泥 森 一\n\nメ ー ペ =ーー\n\nーーーー 一 ーー\n\n、 メ ーー つ コ\n\ns 真\n\nに\n\n問\n\n0000⑧\n厭\nm r c ョ ー\n\nValu\n④. 轍 出\n\nalues of Exports\n也 入 主 要\n\nrts and Imports |\n【 國 別 累 年\n\nt
page_010_clahe_1.resized.rot180.tess.tile000.png,C:\Users\User\Downloads\OCR-Engine\ops\page_010_clahe_1.resized.rot180.tess.tile000.png,334438,True,,,
page_010_clahe_1.resized.rot180.tess.tile000.tess.txt,C:\Users\User\Downloads\OCR-Engine\ops\page_010_clahe_1.resized.rot180.tess.tile000.tess.txt,177,False,,,( 患\n\n髏ー\n\n.\n\nF t\n\n誠 誠\n\n誠 一 直\n\nL . S 細 す\n\n[ ・寶\n\nW . ` 思 一 比\n\nm\n\nーー\n\n逢 -\n\n.-.〕}_\n\ne r 刊\n\np ま\n\nt 喪 |\n\nI\n
page_010_clahe_1.resized.rot180.tess.tile001.png,C:\Users\User\Downloads\OCR-Engine\ops\page_010_clahe_1.resized.rot180.tess.tile001.png,503597,True,,,
page_010_clahe_1.resized.rot180.tess.tile001.tess.txt,C:\Users\User\Downloads\OCR-Engine\ops\page_010_clahe_1.resized.rot180.tess.tile001.tess.txt,265,False,,,C に\n\nf as ora w\n\na 所 閤\n\nー す\n\n賓 向\n\nま ま\n\n愚\n\n來 ぎ\n\n更 ad\n\nm yis ま ま\n\nミ ①\n\nP 」\n\n~_\n\n酔 。\n\n奉 ー\n\nー 一 ー 一\n\nト ー キ ー マ\n\nや\n\nベ\n\nョ\n\n啓 s に\n\nー 一\n\n】ー`\n\nー\n
page_010_clahe_1.resized.rot180.tess.tile002.png,C:\Users\User\Downloads\OCR-Engine\ops\page_010_clahe_1.resized.rot180.tess.tile002.png,446097,True,,,
page_010_clahe_1.resized.rot180.tess.tile002.tess.txt,C:\Users\User\Downloads\OCR-Engine\ops\page_010_clahe_1.resized.rot180.tess.tile002.tess.txt,194,False,,,me . ー ャ ー\n\nー ーーーーー\n\nす ま\n\ni m\n\nし よ ュ\n\nャ ェ ー\n\na 記\n\nち\n\nに ま\n\nー タ\n\nォ キ ー\n\nで\n\nま ま\n\n- ド\n\nF 迦\n\nb ュ\n\nこ\n
page_010_clahe_1.resized.rot180.tess.tile003.png,C:\Users\User\Downloads\OCR-Engine\ops\page_010_clahe_1.resized.rot180.tess.tile003.png,207850,True,,,
page_010_clahe_1.resized.rot180.tess.tile003.tess.txt,C:\Users\User\Downloads\OCR-Engine\ops\page_010_clahe_1.resized.rot180.tess.tile003.tess.txt,63,False,,,Lcs、\n\nャ\n\n・\n\nっ\n\nャ\n\nマ\n\nに ま\n\np ①\n
page_010_clahe_1.resized.rot180.tess.tile004.png,C:\Users\User\Downloads\OCR-Engine\ops\page_010_clahe_1.resized.rot180.tess.tile004.png,62090,True,,,
page_010_clahe_1.resized.rot180.tess.tile004.tess.txt,C:\Users\User\Downloads\OCR-Engine\ops\page_010_clahe_1.resized.rot180.tess.tile004.tess.txt,0,False,,,
page_010_clahe_1.resized.rot180.tess.tile005.png,C:\Users\User\Downloads\OCR-Engine\ops\page_010_clahe_1.resized.rot180.tess.tile005.png,76196,True,,,
page_010_clahe_1.resized.rot180.tess.tile005.tess.txt,C:\Users\User\Downloads\OCR-Engine\ops\page_010_clahe_1.resized.rot180.tess.tile005.tess.txt,0,False,,,
page_010_clahe_1.resized.rot180.tess.tile006.png,C:\Users\User\Downloads\OCR-Engine\ops\page_010_clahe_1.resized.rot180.tess.tile006.png,77637,True,,,
page_010_clahe_1.resized.rot180.tess.tile006.tess.txt,C:\Users\User\Downloads\OCR-Engine\ops\page_010_clahe_1.resized.rot180.tess.tile006.tess.txt,0,False,,,
page_010_clahe_1.resized.rot180.tess.tile007.png,C:\Users\User\Downloads\OCR-Engine\ops\page_010_clahe_1.resized.rot180.tess.tile007.png,74609,True,,,
page_010_clahe_1.resized.rot180.tess.tile007.tess.txt,C:\Users\User\Downloads\OCR-Engine\ops\page_010_clahe_1.resized.rot180.tess.tile007.tess.txt,49,False,,,y i 談 a き a ー ー ー キ ー ュ モ ー\n
page_010_clahe_1.resized.rot180.tess.tile008.png,C:\Users\User\Downloads\OCR-Engine\ops\page_010_clahe_1.resized.rot180.tess.tile008.png,49446,True,,,
page_010_clahe_1.resized.rot180.tess.tile008.tess.txt,C:\Users\User\Downloads\OCR-Engine\ops\page_010_clahe_1.resized.rot180.tess.tile008.tess.txt,8,False,,,叫一\n
page_010_clahe_1.resized.rot180.tess.tile009.png,C:\Users\User\Downloads\OCR-Engine\ops\page_010_clahe_1.resized.rot180.tess.tile009.png,40388,True,,,
page_010_clahe_1.resized.rot180.tess.tile009.tess.txt,C:\Users\User\Downloads\OCR-Engine\ops\page_010_clahe_1.resized.rot180.tess.tile009.tess.txt,0,False,,,
page_010_clahe_1.resized.rot180.tess.tile010.png,C:\Users\User\Downloads\OCR-Engine\ops\page_010_clahe_1.resized.rot180.tess.tile010.png,81215,True,,,
page_010_clahe_1.resized.rot180.tess.tile010.tess.txt,C:\Users\User\Downloads\OCR-Engine\ops\page_010_clahe_1.resized.rot180.tess.tile010.tess.txt,12,False,,,ー\n\nー\n
page_010_clahe_1.resized.rot180.tess.tile011.png,C:\Users\User\Downloads\OCR-Engine\ops\page_010_clahe_1.resized.rot180.tess.tile011.png,41479,True,,,
page_010_clahe_1.resized.rot180.tess.tile011.tess.txt,C:\Users\User\Downloads\OCR-Engine\ops\page_010_clahe_1.resized.rot180.tess.tile011.tess.txt,135,False,,,画 ①\n\nー\n\n|\n\n駅\n\nっ\n\nFe\n\nド\n\nーー こ キ : ニ ーーー ニ ーーー- 一\n\nー ニ ニ ー\n\nー ー g m\n
page_010_clahe_1.resized.rot180.tess.tile012.png,C:\Users\User\Downloads\OCR-Engine\ops\page_010_clahe_1.resized.rot180.tess.tile012.png,23026,True,,,
page_010_clahe_1.resized.rot180.tess.tile012.tess.txt,C:\Users\User\Downloads\OCR-Engine\ops\page_010_clahe_1.resized.rot180.tess.tile012.tess.txt,13,False,,,ー\n\n・_\n
page_010_clahe_1.resized.rot180.tess.tile013.png,C:\Users\User\Downloads\OCR-Engine\ops\page_010_clahe_1.resized.rot180.tess.tile013.png,21696,True,,,
page_010_clahe_1.resized.rot180.tess.tile013.tess.txt,C:\Users\User\Downloads\OCR-Engine\ops\page_010_clahe_1.resized.rot180.tess.tile013.tess.txt,34,False,,,駐\n\n申量睾\n\n_ 国 _\n\n0\n
page_010_clahe_1.resized.rot180.tess.tile014.png,C:\Users\User\Downloads\OCR-Engine\ops\page_010_clahe_1.resized.rot180.tess.tile014.png,26030,True,,,
page_010_clahe_1.resized.rot180.tess.tile014.tess.txt,C:\Users\User\Downloads\OCR-Engine\ops\page_010_clahe_1.resized.rot180.tess.tile014.tess.txt,0,False,,,
page_010_clahe_1.resized.rot180.tess.tile015.png,C:\Users\User\Downloads\OCR-Engine\ops\page_010_clahe_1.resized.rot180.tess.tile015.png,26717,True,,,
page_010_clahe_1.resized.rot180.tess.tile015.tess.txt,C:\Users\User\Downloads\OCR-Engine\ops\page_010_clahe_1.resized.rot180.tess.tile015.tess.txt,0,False,,,
page_010_clahe_1.resized.rot180.tess.tile016.png,C:\Users\User\Downloads\OCR-Engine\ops\page_010_clahe_1.resized.rot180.tess.tile016.png,23664,True,,,
page_010_clahe_1.resized.rot180.tess.tile016.tess.txt,C:\Users\User\Downloads\OCR-Engine\ops\page_010_clahe_1.resized.rot180.tess.tile016.tess.txt,12,False,,,ぎ\n\n綱\n
page_010_clahe_1.resized.rot180.tess.tile017.png,C:\Users\User\Downloads\OCR-Engine\ops\page_010_clahe_1.resized.rot180.tess.tile017.png,16327,True,,,
page_010_clahe_1.resized.rot180.tess.tile017.tess.txt,C:\Users\User\Downloads\OCR-Engine\ops\page_010_clahe_1.resized.rot180.tess.tile017.tess.txt,44,False,,,③\n\n誠\n\n国 コ\n\n三\n\n罹\n\n防\n
page_010_clahe_1.resized.rot180.tess.tile018.png,C:\Users\User\Downloads\OCR-Engine\ops\page_010_clahe_1.resized.rot180.tess.tile018.png,5794,True,,,
page_010_clahe_1.resized.rot180.tess.tile018.tess.txt,C:\Users\User\Downloads\OCR-Engine\ops\page_010_clahe_1.resized.rot180.tess.tile018.tess.txt,0,False,,,
page_010_clahe_1.resized.rot180.tess.tile019.png,C:\Users\User\Downloads\OCR-Engine\ops\page_010_clahe_1.resized.rot180.tess.tile019.png,22966,True,,,
page_010_clahe_1.resized.rot180.tess.tile019.tess.txt,C:\Users\User\Downloads\OCR-Engine\ops\page_010_clahe_1.resized.rot180.tess.tile019.tess.txt,27,False,,,に 閻 謀 」\n\n蝉ー\n
page_010_clahe_1.resized.rot180.tess.tile020.png,C:\Users\User\Downloads\OCR-Engine\ops\page_010_clahe_1.resized.rot180.tess.tile020.png,82840,True,,,
page_010_clahe_1.resized.rot180.tess.tile020.tess.txt,C:\Users\User\Downloads\OCR-Engine\ops\page_010_clahe_1.resized.rot180.tess.tile020.tess.txt,0,False,,,
page_010_clahe_1.resized.rot180.tess.tile021.png,C:\Users\User\Downloads\OCR-Engine\ops\page_010_clahe_1.resized.rot180.tess.tile021.png,110290,True,,,
page_010_clahe_1.resized.rot180.tess.tile021.tess.txt,C:\Users\User\Downloads\OCR-Engine\ops\page_010_clahe_1.resized.rot180.tess.tile021.tess.txt,5,False,,,團\n
page_010_clahe_1.resized.rot180.tess.tile022.png,C:\Users\User\Downloads\OCR-Engine\ops\page_010_clahe_1.resized.rot180.tess.tile022.png,110880,True,,,
page_010_clahe_1.resized.rot180.tess.tile022.tess.txt,C:\Users\User\Downloads\OCR-Engine\ops\page_010_clahe_1.resized.rot180.tess.tile022.tess.txt,139,False,,,に ーーーー ニ ー ニ ー ニ ー ニ ー ー ヵ リ レ ー ニ ー コ マ ニ ォ マ ベー エ ー シ ーー\n\nー ー ー\n
page_010_clahe_1.resized.rot180.tess.tile023.png,C:\Users\User\Downloads\OCR-Engine\ops\page_010_clahe_1.resized.rot180.tess.tile023.png,106733,True,,,
page_010_clahe_1.resized.rot180.tess.tile023.tess.txt,C:\Users\User\Downloads\OCR-Engine\ops\page_010_clahe_1.resized.rot180.tess.tile023.tess.txt,89,False,,,ー ー ー テ ー ュ ニ ー . こ ニ ニ ー 一 ニ ー ュ + ュ ー ニ ー に\n
page_010_clahe_1.resized.rot180.tess.tile024.png,C:\Users\User\Downloads\OCR-Engine\ops\page_010_clahe_1.resized.rot180.tess.tile024.png,120584,True,,,
page_010_clahe_1.resized.rot180.tess.tile024.tess.txt,C:\Users\User\Downloads\OCR-Engine\ops\page_010_clahe_1.resized.rot180.tess.tile024.tess.txt,8,False,,,弧暁\n
page_010_clahe_1.resized.rot180.tess.tile025.png,C:\Users\User\Downloads\OCR-Engine\ops\page_010_clahe_1.resized.rot180.tess.tile025.png,136027,True,,,
page_010_clahe_1.resized.rot180.tess.tile025.tess.txt,C:\Users\User\Downloads\OCR-Engine\ops\page_010_clahe_1.resized.rot180.tess.tile025.tess.txt,8,False,,,ーー\n
page_010_clahe_1.resized.rot180.tess.tile026.png,C:\Users\User\Downloads\OCR-Engine\ops\page_010_clahe_1.resized.rot180.tess.tile026.png,136531,True,,,
page_010_clahe_1.resized.rot180.tess.tile026.tess.txt,C:\Users\User\Downloads\OCR-Engine\ops\page_010_clahe_1.resized.rot180.tess.tile026.tess.txt,11,False,,,_『_~「\n
page_010_clahe_1.resized.rot180.tess.tile027.png,C:\Users\User\Downloads\OCR-Engine\ops\page_010_clahe_1.resized.rot180.tess.tile027.png,210616,True,,,
page_010_clahe_1.resized.rot180.tess.tile027.tess.txt,C:\Users\User\Downloads\OCR-Engine\ops\page_010_clahe_1.resized.rot180.tess.tile027.tess.txt,54,False,,,哉\n\nに 」\n\nし ⑧\n\nFg\n\n= ュ ー 「′`\n
page_010_clahe_1.resized.rot180.tess.tile028.png,C:\Users\User\Downloads\OCR-Engine\ops\page_010_clahe_1.resized.rot180.tess.tile028.png,70301,True,,,
page_010_clahe_1.resized.rot180.tess.tile028.tess.txt,C:\Users\User\Downloads\OCR-Engine\ops\page_010_clahe_1.resized.rot180.tess.tile028.tess.txt,0,False,,,
page_010_clahe_1.resized.rot180.tess.tile029.png,C:\Users\User\Downloads\OCR-Engine\ops\page_010_clahe_1.resized.rot180.tess.tile029.png,59764,True,,,
page_010_clahe_1.resized.rot180.tess.tile029.tess.txt,C:\Users\User\Downloads\OCR-Engine\ops\page_010_clahe_1.resized.rot180.tess.tile029.tess.txt,0,False,,,
page_010_clahe_1.resized.rot180.tess.tile030.png,C:\Users\User\Downloads\OCR-Engine\ops\page_010_clahe_1.resized.rot180.tess.tile030.png,40427,True,,,
page_010_clahe_1.resized.rot180.tess.tile030.tess.txt,C:\Users\User\Downloads\OCR-Engine\ops\page_010_clahe_1.resized.rot180.tess.tile030.tess.txt,0,False,,,
page_010_clahe_1.resized.rot180.tess.tile031.png,C:\Users\User\Downloads\OCR-Engine\ops\page_010_clahe_1.resized.rot180.tess.tile031.png,40008,True,,,
page_010_clahe_1.resized.rot180.tess.tile031.tess.txt,C:\Users\User\Downloads\OCR-Engine\ops\page_010_clahe_1.resized.rot180.tess.tile031.tess.txt,0,False,,,
page_010_clahe_1.resized.rot180.tess.tile032.png,C:\Users\User\Downloads\OCR-Engine\ops\page_010_clahe_1.resized.rot180.tess.tile032.png,35099,True,,,
page_010_clahe_1.resized.rot180.tess.tile032.tess.txt,C:\Users\User\Downloads\OCR-Engine\ops\page_010_clahe_1.resized.rot180.tess.tile032.tess.txt,0,False,,,
page_010_clahe_1.resized.rot180.tess.tile033.png,C:\Users\User\Downloads\OCR-Engine\ops\page_010_clahe_1.resized.rot180.tess.tile033.png,34025,True,,,
page_010_clahe_1.resized.rot180.tess.tile033.tess.txt,C:\Users\User\Downloads\OCR-Engine\ops\page_010_clahe_1.resized.rot180.tess.tile033.tess.txt,0,False,,,
page_010_clahe_1.resized.rot180.tess.tile034.png,C:\Users\User\Downloads\OCR-Engine\ops\page_010_clahe_1.resized.rot180.tess.tile034.png,65330,True,,,
page_010_clahe_1.resized.rot180.tess.tile034.tess.txt,C:\Users\User\Downloads\OCR-Engine\ops\page_010_clahe_1.resized.rot180.tess.tile034.tess.txt,0,False,,,
page_010_clahe_1.resized.rot180.tess.tile035.png,C:\Users\User\Downloads\OCR-Engine\ops\page_010_clahe_1.resized.rot180.tess.tile035.png,147561,True,,,
page_010_clahe_1.resized.rot180.tess.tile035.tess.txt,C:\Users\User\Downloads\OCR-Engine\ops\page_010_clahe_1.resized.rot180.tess.tile035.tess.txt,10,False,,,J\n\nW |\n
page_010_clahe_1.resized.rot180.tess.tile036.png,C:\Users\User\Downloads\OCR-Engine\ops\page_010_clahe_1.resized.rot180.tess.tile036.png,51086,True,,,
page_010_clahe_1.resized.rot180.tess.tile036.tess.txt,C:\Users\User\Downloads\OCR-Engine\ops\page_010_clahe_1.resized.rot180.tess.tile036.tess.txt,0,False,,,
page_010_clahe_1.resized.rot180.tess.tile037.png,C:\Users\User\Downloads\OCR-Engine\ops\page_010_clahe_1.resized.rot180.tess.tile037.png,25322,True,,,
page_010_clahe_1.resized.rot180.tess.tile037.tess.txt,C:\Users\User\Downloads\OCR-Engine\ops\page_010_clahe_1.resized.rot180.tess.tile037.tess.txt,0,False,,,
page_010_clahe_1.resized.rot180.tess.tile038.png,C:\Users\User\Downloads\OCR-Engine\ops\page_010_clahe_1.resized.rot180.tess.tile038.png,9689,True,,,
page_010_clahe_1.resized.rot180.tess.tile038.tess.txt,C:\Users\User\Downloads\OCR-Engine\ops\page_010_clahe_1.resized.rot180.tess.tile038.tess.txt,0,False,,,
page_010_clahe_1.resized.rot180.tess.tile039.png,C:\Users\User\Downloads\OCR-Engine\ops\page_010_clahe_1.resized.rot180.tess.tile039.png,38525,True,,,
page_010_clahe_1.resized.rot180.tess.tile039.tess.txt,C:\Users\User\Downloads\OCR-Engine\ops\page_010_clahe_1.resized.rot180.tess.tile039.tess.txt,0,False,,,
page_010_clahe_1.resized.rot180.tess.tile040.png,C:\Users\User\Downloads\OCR-Engine\ops\page_010_clahe_1.resized.rot180.tess.tile040.png,178357,True,,,
page_010_clahe_1.resized.rot180.tess.tile040.tess.txt,C:\Users\User\Downloads\OCR-Engine\ops\page_010_clahe_1.resized.rot180.tess.tile040.tess.txt,5,False,,,目\n
page_010_clahe_1.resized.rot180.tess.tile041.png,C:\Users\User\Downloads\OCR-Engine\ops\page_010_clahe_1.resized.rot180.tess.tile041.png,215940,True,,,
page_010_clahe_1.resized.rot180.tess.tile041.tess.txt,C:\Users\User\Downloads\OCR-Engine\ops\page_010_clahe_1.resized.rot180.tess.tile041.tess.txt,29,False,,,UUe\n\n山 山\n\n目 圃 |\n
page_010_clahe_1.resized.rot180.tess.tile042.png,C:\Users\User\Downloads\OCR-Engine\ops\page_010_clahe_1.resized.rot180.tess.tile042.png,527209,True,,,
page_010_clahe_1.resized.rot180.tess.tile042.tess.txt,C:\Users\User\Downloads\OCR-Engine\ops\page_010_clahe_1.resized.rot180.tess.tile042.tess.txt,202,False,,,"ン ーイ ー ー ー ー テ ー ョ ー ! こ ニ ニ ーーー ニ ー ュ エ ュ ー ニ ー ニ コ\n\nM\n\nJ\n\n0⑨ E l\n\nーゴ,\n\nM\n\nに e し V\n\nY S ⑪\n\nAueutmr\n\n是 曽 oid ①\n"
page_010_clahe_1.resized.rot180.tess.tile043.png,C:\Users\User\Downloads\OCR-Engine\ops\page_010_clahe_1.resized.rot180.tess.tile043.png,515105,True,,,
page_010_clahe_1.resized.rot180.tess.tile043.tess.txt,C:\Users\User\Downloads\OCR-Engine\ops\page_010_clahe_1.resized.rot180.tess.tile043.tess.txt,107,False,,,"UGiIIV\n\nー咄鵬\n\nJaK) 電\n\n賽%\n\n⑤ fi疇傭‡""\n\n〝喇寶\n\n'〟\n\n基 ⑲ 院 昌 葺 !\n"
page_010_clahe_1.resized.rot180.tess.tile044.png,C:\Users\User\Downloads\OCR-Engine\ops\page_010_clahe_1.resized.rot180.tess.tile044.png,269686,True,,,
page_010_clahe_1.resized.rot180.tess.tile044.tess.txt,C:\Users\User\Downloads\OCR-Engine\ops\page_010_clahe_1.resized.rot180.tess.tile044.tess.txt,5,False,,,日\n
page_010_clahe_1.resized.rot180.tess.tile045.png,C:\Users\User\Downloads\OCR-Engine\ops\page_010_clahe_1.resized.rot180.tess.tile045.png,237230,True,,,
page_010_clahe_1.resized.rot180.tess.tile045.tess.txt,C:\Users\User\Downloads\OCR-Engine\ops\page_010_clahe_1.resized.rot180.tess.tile045.tess.txt,9,False,,,国 門\n
page_010_clahe_1.resized.rot180.tess.tile046.png,C:\Users\User\Downloads\OCR-Engine\ops\page_010_clahe_1.resized.rot180.tess.tile046.png,267218,True,,,
page_010_clahe_1.resized.rot180.tess.tile046.tess.txt,C:\Users\User\Downloads\OCR-Engine\ops\page_010_clahe_1.resized.rot180.tess.tile046.tess.txt,28,False,,,し ⑧\n\n= ュ ー\n\nFg\n
page_010_clahe_1.resized.rot180.tess.tile047.png,C:\Users\User\Downloads\OCR-Engine\ops\page_010_clahe_1.resized.rot180.tess.tile047.png,30870,True,,,
page_010_clahe_1.resized.rot180.tess.tile047.tess.txt,C:\Users\User\Downloads\OCR-Engine\ops\page_010_clahe_1.resized.rot180.tess.tile047.tess.txt,43,False,,,B ま\n\nF n\n\n【i\n\nに\n\n⑤\n\n①\n
page_010_clahe_1.resized.rot180.tess.tile048.png,C:\Users\User\Downloads\OCR-Engine\ops\page_010_clahe_1.resized.rot180.tess.tile048.png,10060,True,,,
page_010_clahe_1.resized.rot180.tess.tile048.tess.txt,C:\Users\User\Downloads\OCR-Engine\ops\page_010_clahe_1.resized.rot180.tess.tile048.tess.txt,0,False,,,
page_010_clahe_1.resized.rot180.tess.tile049.png,C:\Users\User\Downloads\OCR-Engine\ops\page_010_clahe_1.resized.rot180.tess.tile049.png,5335,True,,,
page_010_clahe_1.resized.rot180.tess.tile049.tess.txt,C:\Users\User\Downloads\OCR-Engine\ops\page_010_clahe_1.resized.rot180.tess.tile049.tess.txt,0,False,,,
page_010_clahe_1.resized.rot180.tess.tile050.png,C:\Users\User\Downloads\OCR-Engine\ops\page_010_clahe_1.resized.rot180.tess.tile050.png,5335,True,,,
page_010_clahe_1.resized.rot180.tess.tile050.tess.txt,C:\Users\User\Downloads\OCR-Engine\ops\page_010_clahe_1.resized.rot180.tess.tile050.tess.txt,0,False,,,
page_010_clahe_1.resized.rot180.tess.tile051.png,C:\Users\User\Downloads\OCR-Engine\ops\page_010_clahe_1.resized.rot180.tess.tile051.png,16637,True,,,
page_010_clahe_1.resized.rot180.tess.tile051.tess.txt,C:\Users\User\Downloads\OCR-Engine\ops\page_010_clahe_1.resized.rot180.tess.tile051.tess.txt,0,False,,,
page_010_clahe_1.resized.rot180.tess.tile052.png,C:\Users\User\Downloads\OCR-Engine\ops\page_010_clahe_1.resized.rot180.tess.tile052.png,13128,True,,,
page_010_clahe_1.resized.rot180.tess.tile052.tess.txt,C:\Users\User\Downloads\OCR-Engine\ops\page_010_clahe_1.resized.rot180.tess.tile052.tess.txt,0,False,,,
page_010_clahe_1.resized.rot180.tess.tile053.png,C:\Users\User\Downloads\OCR-Engine\ops\page_010_clahe_1.resized.rot180.tess.tile053.png,10541,True,,,
page_010_clahe_1.resized.rot180.tess.tile053.tess.txt,C:\Users\User\Downloads\OCR-Engine\ops\page_010_clahe_1.resized.rot180.tess.tile053.tess.txt,0,False,,,
page_010_clahe_1.resized.rot180.tess.tile054.png,C:\Users\User\Downloads\OCR-Engine\ops\page_010_clahe_1.resized.rot180.tess.tile054.png,168398,True,,,
page_010_clahe_1.resized.rot180.tess.tile054.tess.txt,C:\Users\User\Downloads\OCR-Engine\ops\page_010_clahe_1.resized.rot180.tess.tile054.tess.txt,0,False,,,
page_010_clahe_1.resized.rot180.tess.tile055.png,C:\Users\User\Downloads\OCR-Engine\ops\page_010_clahe_1.resized.rot180.tess.tile055.png,11382,True,,,
page_010_clahe_1.resized.rot180.tess.tile055.tess.txt,C:\Users\User\Downloads\OCR-Engine\ops\page_010_clahe_1.resized.rot180.tess.tile055.tess.txt,0,False,,,
page_010_clahe_1.resized.rot180.tess.tile056.png,C:\Users\User\Downloads\OCR-Engine\ops\page_010_clahe_1.resized.rot180.tess.tile056.png,3406,True,,,
page_010_clahe_1.resized.rot180.tess.tile056.tess.txt,C:\Users\User\Downloads\OCR-Engine\ops\page_010_clahe_1.resized.rot180.tess.tile056.tess.txt,0,False,,,
page_010_clahe_1.resized.rot180.tess.tile057.png,C:\Users\User\Downloads\OCR-Engine\ops\page_010_clahe_1.resized.rot180.tess.tile057.png,5606,True,,,
page_010_clahe_1.resized.rot180.tess.tile057.tess.txt,C:\Users\User\Downloads\OCR-Engine\ops\page_010_clahe_1.resized.rot180.tess.tile057.tess.txt,0,False,,,
page_010_clahe_1.resized.rot180.tess.tile058.png,C:\Users\User\Downloads\OCR-Engine\ops\page_010_clahe_1.resized.rot180.tess.tile058.png,46607,True,,,
page_010_clahe_1.resized.rot180.tess.tile058.tess.txt,C:\Users\User\Downloads\OCR-Engine\ops\page_010_clahe_1.resized.rot180.tess.tile058.tess.txt,0,False,,,
page_010_clahe_1.resized.rot180.tess.tile059.png,C:\Users\User\Downloads\OCR-Engine\ops\page_010_clahe_1.resized.rot180.tess.tile059.png,224456,True,,,
page_010_clahe_1.resized.rot180.tess.tile059.tess.txt,C:\Users\User\Downloads\OCR-Engine\ops\page_010_clahe_1.resized.rot180.tess.tile059.tess.txt,5,False,,,郎\n
page_010_clahe_1.resized.rot180.tess.tile060.png,C:\Users\User\Downloads\OCR-Engine\ops\page_010_clahe_1.resized.rot180.tess.tile060.png,399065,True,,,
page_010_clahe_1.resized.rot180.tess.tile060.tess.txt,C:\Users\User\Downloads\OCR-Engine\ops\page_010_clahe_1.resized.rot180.tess.tile060.tess.txt,83,False,,,ド 逢\n\nYAee\n\nゅ n\n\ne S\n\nい m\n\n0 す 0\n\nす A\n\n_\n\nー\n\n_ ー\n
page_010_clahe_1.resized.rot180.tess.tile061.png,C:\Users\User\Downloads\OCR-Engine\ops\page_010_clahe_1.resized.rot180.tess.tile061.png,663434,True,,,
page_010_clahe_1.resized.rot180.tess.tile061.tess.txt,C:\Users\User\Downloads\OCR-Engine\ops\page_010_clahe_1.resized.rot180.tess.tile061.tess.txt,156,False,,,定 湯\n\nQIEN ①\n\nW\n\nt さ w\n\nF ⑪\n\nc ⑪\n\nド a 綱 S\n\nー 茂 森 誠\n\n巡\n\n鞭L\n\na す\n\nL\n\nい 亀・\n\nS\n\nョ ヤ さ ⑪\n
page_010_clahe_1.resized.rot180.tess.tile062.png,C:\Users\User\Downloads\OCR-Engine\ops\page_010_clahe_1.resized.rot180.tess.tile062.png,642153,True,,,
page_010_clahe_1.resized.rot180.tess.tile062.tess.txt,C:\Users\User\Downloads\OCR-Engine\ops\page_010_clahe_1.resized.rot180.tess.tile062.tess.txt,127,False,,,基 ⑲ 院 昌 葺 !\n\nssluul 麟\n\n‥\n\n帆ー‥鸞巖攣\n\nー ー\n\nmiel ギ\n\nE\n\np 電\n\nき 鸞輩腑\n\n口\n
page_010_clahe_1.resized.rot180.tess.tile063.png,C:\Users\User\Downloads\OCR-Engine\ops\page_010_clahe_1.resized.rot180.tess.tile063.png,247976,True,,,
page_010_clahe_1.resized.rot180.tess.tile063.tess.txt,C:\Users\User\Downloads\OCR-Engine\ops\page_010_clahe_1.resized.rot180.tess.tile063.tess.txt,123,False,,,‡_\n\nー・ 鳳~ー 誰' ①\n\nー_~ 逢\n\n⑤\n\n学\n\nす\n\n=\n\nし ロ ①\n\nド る rs\n\n健\n\nW\n\n嚢ー\n
page_010_clahe_1.resized.rot180.tess.tile064.png,C:\Users\User\Downloads\OCR-Engine\ops\page_010_clahe_1.resized.rot180.tess.tile064.png,175704,True,,,
page_010_clahe_1.resized.rot180.tess.tile064.tess.txt,C:\Users\User\Downloads\OCR-Engine\ops\page_010_clahe_1.resized.rot180.tess.tile064.tess.txt,16,False,,,① 巾\n\n日\n
page_010_clahe_1.resized.rot180.tess.tile065.png,C:\Users\User\Downloads\OCR-Engine\ops\page_010_clahe_1.resized.rot180.tess.tile065.png,209575,True,,,
page_010_clahe_1.resized.rot180.tess.tile065.tess.txt,C:\Users\User\Downloads\OCR-Engine\ops\page_010_clahe_1.resized.rot180.tess.tile065.tess.txt,0,False,,,
page_010_clahe_1.resized.rot180.tess.tile066.png,C:\Users\User\Downloads\OCR-Engine\ops\page_010_clahe_1.resized.rot180.tess.tile066.png,22222,True,,,
page_010_clahe_1.resized.rot180.tess.tile066.tess.txt,C:\Users\User\Downloads\OCR-Engine\ops\page_010_clahe_1.resized.rot180.tess.tile066.tess.txt,28,False,,,_ー\n\n『ー\n\n|\n\n『\n
page_010_clahe_1.resized.rot180.tess.tile067.png,C:\Users\User\Downloads\OCR-Engine\ops\page_010_clahe_1.resized.rot180.tess.tile067.png,5335,True,,,
page_010_clahe_1.resized.rot180.tess.tile067.tess.txt,C:\Users\User\Downloads\OCR-Engine\ops\page_010_clahe_1.resized.rot180.tess.tile067.tess.txt,0,False,,,
page_010_clahe_1.resized.rot180.tess.tile068.png,C:\Users\User\Downloads\OCR-Engine\ops\page_010_clahe_1.resized.rot180.tess.tile068.png,5335,True,,,
page_010_clahe_1.resized.rot180.tess.tile068.tess.txt,C:\Users\User\Downloads\OCR-Engine\ops\page_010_clahe_1.resized.rot180.tess.tile068.tess.txt,0,False,,,
page_010_clahe_1.resized.rot180.tess.tile069.png,C:\Users\User\Downloads\OCR-Engine\ops\page_010_clahe_1.resized.rot180.tess.tile069.png,5458,True,,,
page_010_clahe_1.resized.rot180.tess.tile069.tess.txt,C:\Users\User\Downloads\OCR-Engine\ops\page_010_clahe_1.resized.rot180.tess.tile069.tess.txt,0,False,,,
page_010_clahe_1.resized.rot180.tess.tile070.png,C:\Users\User\Downloads\OCR-Engine\ops\page_010_clahe_1.resized.rot180.tess.tile070.png,11582,True,,,
page_010_clahe_1.resized.rot180.tess.tile070.tess.txt,C:\Users\User\Downloads\OCR-Engine\ops\page_010_clahe_1.resized.rot180.tess.tile070.tess.txt,0,False,,,
page_010_clahe_1.resized.rot180.tess.tile071.png,C:\Users\User\Downloads\OCR-Engine\ops\page_010_clahe_1.resized.rot180.tess.tile071.png,8918,True,,,
page_010_clahe_1.resized.rot270.tess.tile000.png,C:\Users\User\Downloads\OCR-Engine\ops\page_010_clahe_1.resized.rot270.tess.tile000.png,14316,True,,,
page_010_clahe_1.resized.rot270.tess.tile000.tess.txt,C:\Users\User\Downloads\OCR-Engine\ops\page_010_clahe_1.resized.rot270.tess.tile000.tess.txt,42,False,,,年\n\n④\n\n言 用\n\n~薯\n\n巾 珪\n
page_010_clahe_1.resized.rot270.tess.tile001.png,C:\Users\User\Downloads\OCR-Engine\ops\page_010_clahe_1.resized.rot270.tess.tile001.png,50508,True,,,
page_010_clahe_1.resized.rot270.tess.tile001.tess.txt,C:\Users\User\Downloads\OCR-Engine\ops\page_010_clahe_1.resized.rot270.tess.tile001.tess.txt,11,False,,,し m 】\n
page_010_clahe_1.resized.rot270.tess.tile002.png,C:\Users\User\Downloads\OCR-Engine\ops\page_010_clahe_1.resized.rot270.tess.tile002.png,12171,True,,,
page_010_clahe_1.resized.rot270.tess.tile002.tess.txt,C:\Users\User\Downloads\OCR-Engine\ops\page_010_clahe_1.resized.rot270.tess.tile002.tess.txt,0,False,,,
page_010_clahe_1.resized.rot270.tess.tile003.png,C:\Users\User\Downloads\OCR-Engine\ops\page_010_clahe_1.resized.rot270.tess.tile003.png,24907,True,,,
page_010_clahe_1.resized.rot270.tess.tile003.tess.txt,C:\Users\User\Downloads\OCR-Engine\ops\page_010_clahe_1.resized.rot270.tess.tile003.tess.txt,0,False,,,
page_010_clahe_1.resized.rot270.tess.tile004.png,C:\Users\User\Downloads\OCR-Engine\ops\page_010_clahe_1.resized.rot270.tess.tile004.png,19014,True,,,
page_010_clahe_1.resized.rot270.tess.tile004.tess.txt,C:\Users\User\Downloads\OCR-Engine\ops\page_010_clahe_1.resized.rot270.tess.tile004.tess.txt,5,False,,,ー\n
page_010_clahe_1.resized.rot270.tess.tile005.png,C:\Users\User\Downloads\OCR-Engine\ops\page_010_clahe_1.resized.rot270.tess.tile005.png,26947,True,,,
page_010_clahe_1.resized.rot270.tess.tile005.tess.txt,C:\Users\User\Downloads\OCR-Engine\ops\page_010_clahe_1.resized.rot270.tess.tile005.tess.txt,0,False,,,
page_010_clahe_1.resized.rot270.tess.tile006.png,C:\Users\User\Downloads\OCR-Engine\ops\page_010_clahe_1.resized.rot270.tess.tile006.png,29823,True,,,
page_010_clahe_1.resized.rot270.tess.tile006.tess.txt,C:\Users\User\Downloads\OCR-Engine\ops\page_010_clahe_1.resized.rot270.tess.tile006.tess.txt,12,False,,,初\n\nー\n
page_010_clahe_1.resized.rot270.tess.tile007.png,C:\Users\User\Downloads\OCR-Engine\ops\page_010_clahe_1.resized.rot270.tess.tile007.png,32325,True,,,
page_010_clahe_1.resized.rot270.tess.tile007.tess.txt,C:\Users\User\Downloads\OCR-Engine\ops\page_010_clahe_1.resized.rot270.tess.tile007.tess.txt,3,False,,,B\n
page_010_clahe_1.resized.rot270.tess.tile008.png,C:\Users\User\Downloads\OCR-Engine\ops\page_010_clahe_1.resized.rot270.tess.tile008.png,12168,True,,,
page_010_clahe_1.resized.rot270.tess.tile008.tess.txt,C:\Users\User\Downloads\OCR-Engine\ops\page_010_clahe_1.resized.rot270.tess.tile008.tess.txt,0,False,,,
page_010_clahe_1.resized.rot270.tess.tile009.png,C:\Users\User\Downloads\OCR-Engine\ops\page_010_clahe_1.resized.rot270.tess.tile009.png,30955,True,,,
page_010_clahe_1.resized.rot270.tess.tile009.tess.txt,C:\Users\User\Downloads\OCR-Engine\ops\page_010_clahe_1.resized.rot270.tess.tile009.tess.txt,0,False,,,
page_010_clahe_1.resized.rot270.tess.tile010.png,C:\Users\User\Downloads\OCR-Engine\ops\page_010_clahe_1.resized.rot270.tess.tile010.png,31419,True,,,
page_010_clahe_1.resized.rot270.tess.tile010.tess.txt,C:\Users\User\Downloads\OCR-Engine\ops\page_010_clahe_1.resized.rot270.tess.tile010.tess.txt,0,False,,,
page_010_clahe_1.resized.rot270.tess.tile011.png,C:\Users\User\Downloads\OCR-Engine\ops\page_010_clahe_1.resized.rot270.tess.tile011.png,23567,True,,,
page_010_clahe_1.resized.rot270.tess.tile011.tess.txt,C:\Users\User\Downloads\OCR-Engine\ops\page_010_clahe_1.resized.rot270.tess.tile011.tess.txt,0,False,,,
page_010_clahe_1.resized.rot270.tess.tile012.png,C:\Users\User\Downloads\OCR-Engine\ops\page_010_clahe_1.resized.rot270.tess.tile012.png,14247,True,,,
page_010_clahe_1.resized.rot270.tess.tile012.tess.txt,C:\Users\User\Downloads\OCR-Engine\ops\page_010_clahe_1.resized.rot270.tess.tile012.tess.txt,5,False,,,誠\n
page_010_clahe_1.resized.rot270.tess.tile013.png,C:\Users\User\Downloads\OCR-Engine\ops\page_010_clahe_1.resized.rot270.tess.tile013.png,24815,True,,,
page_010_clahe_1.resized.rot270.tess.tile013.tess.txt,C:\Users\User\Downloads\OCR-Engine\ops\page_010_clahe_1.resized.rot270.tess.tile013.tess.txt,32,False,,,匣\n\n九 用\n\nW\n\n屍 コ\n
page_010_clahe_1.resized.rot270.tess.tile014.png,C:\Users\User\Downloads\OCR-Engine\ops\page_010_clahe_1.resized.rot270.tess.tile014.png,131505,True,,,
page_010_clahe_1.resized.rot270.tess.tile014.tess.txt,C:\Users\User\Downloads\OCR-Engine\ops\page_010_clahe_1.resized.rot270.tess.tile014.tess.txt,92,False,,,E 一 ①\n\nーーーー ー 一\n\n覚 ま a ① e s マ\n\n0 s P ョ ー m aam m\n\n耳\n
page_010_clahe_1.resized.rot270.tess.tile015.png,C:\Users\User\Downloads\OCR-Engine\ops\page_010_clahe_1.resized.rot270.tess.tile015.png,142482,True,,,
page_010_clahe_1.resized.rot270.tess.tile015.tess.txt,C:\Users\User\Downloads\OCR-Engine\ops\page_010_clahe_1.resized.rot270.tess.tile015.tess.txt,72,False,,,m 『酬\n\nーー\n\nー ーー=s s\n\nャ ー\n\no .\n\nり\n\nー *\n
page_010_clahe_1.resized.rot270.tess.tile016.png,C:\Users\User\Downloads\OCR-Engine\ops\page_010_clahe_1.resized.rot270.tess.tile016.png,142150,True,,,
page_010_clahe_1.resized.rot270.tess.tile016.tess.txt,C:\Users\User\Downloads\OCR-Engine\ops\page_010_clahe_1.resized.rot270.tess.tile016.tess.txt,181,False,,,誠 、ammmm md ホ コ ユ ー に ト -diuic_nm 、 ペ ーimmmmes ョ ーー-\n\nェ で 瑛 ョ\n\nャ ・\n\nさ\n\nー\n\nキ ー\n\nャ\n\nと ー マ ー ー ョ ー m ュ\n
page_010_clahe_1.resized.rot270.tess.tile017.png,C:\Users\User\Downloads\OCR-Engine\ops\page_010_clahe_1.resized.rot270.tess.tile017.png,156022,True,,,
page_010_clahe_1.resized.rot270.tess.tile017.tess.txt,C:\Users\User\Downloads\OCR-Engine\ops\page_010_clahe_1.resized.rot270.tess.tile017.tess.txt,145,False,,,ャ ・\n\n- モ ーーー ニ ー == ー ニ -\n\nー ー a ー\n\nー 一 ー - - ュ ー ミ\n\nミ ー ベ ー 一 ー ー ョ ュ r ee m ;\n
page_010_clahe_1.resized.rot270.tess.tile018.png,C:\Users\User\Downloads\OCR-Engine\ops\page_010_clahe_1.resized.rot270.tess.tile018.png,146286,True,,,
page_010_clahe_1.resized.rot270.tess.tile018.tess.txt,C:\Users\User\Downloads\OCR-Engine\ops\page_010_clahe_1.resized.rot270.tess.tile018.tess.txt,138,False,,,ー _\n\nー ー ム =ー ム ー 一 ー ュ ー _ ュ コ ーーー\n\nm t mmeemaras s ー a\n\nー\n\nャ ー ・ー\n\nド t 一 ま\n
page_010_clahe_1.resized.rot270.tess.tile019.png,C:\Users\User\Downloads\OCR-Engine\ops\page_010_clahe_1.resized.rot270.tess.tile019.png,136709,True,,,
page_010_clahe_1.resized.rot270.tess.tile019.tess.txt,C:\Users\User\Downloads\OCR-Engine\ops\page_010_clahe_1.resized.rot270.tess.tile019.tess.txt,56,False,,,= ュ ュ ー ーー\n\nー\n\nー\n\n縄嚇膿_「』\n
page_010_clahe_1.resized.rot270.tess.tile020.png,C:\Users\User\Downloads\OCR-Engine\ops\page_010_clahe_1.resized.rot270.tess.tile020.png,146532,True,,,
page_010_clahe_1.resized.rot270.tess.tile020.tess.txt,C:\Users\User\Downloads\OCR-Engine\ops\page_010_clahe_1.resized.rot270.tess.tile020.tess.txt,74,False,,,髏 さ\n\nペ eme セ\n\n」' こ\n\n= ョ ー n ェ\n\n._一.\n\n_~鱒\n
page_010_clahe_1.resized.rot270.tess.tile021.png,C:\Users\User\Downloads\OCR-Engine\ops\page_010_clahe_1.resized.rot270.tess.tile021.png,134401,True,,,
page_010_clahe_1.resized.rot270.tess.tile021.tess.txt,C:\Users\User\Downloads\OCR-Engine\ops\page_010_clahe_1.resized.rot270.tess.tile021.tess.txt,85,False,,,ャ\n\n_~蠣_ ー 胴\n\nョ ー そ ー ョ mss ー - _\n\nL\n\nc .\n\nキ ー っ\n
page_010_clahe_1.resized.rot270.tess.tile022.png,C:\Users\User\Downloads\OCR-Engine\ops\page_010_clahe_1.resized.rot270.tess.tile022.png,145130,True,,,
page_010_clahe_1.resized.rot270.tess.tile022.tess.txt,C:\Users\User\Downloads\OCR-Engine\ops\page_010_clahe_1.resized.rot270.tess.tile022.tess.txt,19,False,,,・` s\n\nョ . =\n
page_010_clahe_1.resized.rot270.tess.tile023.png,C:\Users\User\Downloads\OCR-Engine\ops\page_010_clahe_1.resized.rot270.tess.tile023.png,130238,True,,,
page_010_clahe_1.resized.rot270.tess.tile023.tess.txt,C:\Users\User\Downloads\OCR-Engine\ops\page_010_clahe_1.resized.rot270.tess.tile023.tess.txt,17,False,,,⑤②\n\ni こ\n
page_010_clahe_1.resized.rot270.tess.tile024.png,C:\Users\User\Downloads\OCR-Engine\ops\page_010_clahe_1.resized.rot270.tess.tile024.png,107694,True,,,
page_010_clahe_1.resized.rot270.tess.tile024.tess.txt,C:\Users\User\Downloads\OCR-Engine\ops\page_010_clahe_1.resized.rot270.tess.tile024.tess.txt,0,False,,,
page_010_clahe_1.resized.rot270.tess.tile025.png,C:\Users\User\Downloads\OCR-Engine\ops\page_010_clahe_1.resized.rot270.tess.tile025.png,19831,True,,,
page_010_clahe_1.resized.rot270.tess.tile025.tess.txt,C:\Users\User\Downloads\OCR-Engine\ops\page_010_clahe_1.resized.rot270.tess.tile025.tess.txt,0,False,,,
page_010_clahe_1.resized.rot270.tess.tile026.png,C:\Users\User\Downloads\OCR-Engine\ops\page_010_clahe_1.resized.rot270.tess.tile026.png,22898,True,,,
page_010_clahe_1.resized.rot270.tess.tile026.tess.txt,C:\Users\User\Downloads\OCR-Engine\ops\page_010_clahe_1.resized.rot270.tess.tile026.tess.txt,0,False,,,
page_010_clahe_1.resized.rot270.tess.tile027.png,C:\Users\User\Downloads\OCR-Engine\ops\page_010_clahe_1.resized.rot270.tess.tile027.png,95600,True,,,
page_010_clahe_1.resized.rot270.tess.tile027.tess.txt,C:\Users\User\Downloads\OCR-Engine\ops\page_010_clahe_1.resized.rot270.tess.tile027.tess.txt,5,False,,,玉\n
page_010_clahe_1.resized.rot270.tess.tile028.png,C:\Users\User\Downloads\OCR-Engine\ops\page_010_clahe_1.resized.rot270.tess.tile028.png,37587,True,,,
page_010_clahe_1.resized.rot270.tess.tile028.tess.txt,C:\Users\User\Downloads\OCR-Engine\ops\page_010_clahe_1.resized.rot270.tess.tile028.tess.txt,68,False,,,に に ①\n\nc\n\n彦 e m m n e\n\n日\n\n迦 ま コ\n\n雪 = g\n
page_010_clahe_1.resized.rot270.tess.tile029.png,C:\Users\User\Downloads\OCR-Engine\ops\page_010_clahe_1.resized.rot270.tess.tile029.png,55986,True,,,
page_010_clahe_1.resized.rot270.tess.tile029.tess.txt,C:\Users\User\Downloads\OCR-Engine\ops\page_010_clahe_1.resized.rot270.tess.tile029.tess.txt,101,False,,,ま\n\nで\n\ne シ ー シ ー\n\n目 ー_q~~~_‥\n\nし 』\n\n向 ニ マ ー セ ー e ー ュ\n
page_010_clahe_1.resized.rot270.tess.tile030.png,C:\Users\User\Downloads\OCR-Engine\ops\page_010_clahe_1.resized.rot270.tess.tile030.png,78052,True,,,
page_010_clahe_1.resized.rot270.tess.tile030.tess.txt,C:\Users\User\Downloads\OCR-Engine\ops\page_010_clahe_1.resized.rot270.tess.tile030.tess.txt,109,False,,,ー ー ュ ー ュ ーーーーーー ー\n\nー\n\nー r m m に ー\n\nョ\n\nー ョ ー F mmm_ms o aaa\n
page_010_clahe_1.resized.rot270.tess.tile031.png,C:\Users\User\Downloads\OCR-Engine\ops\page_010_clahe_1.resized.rot270.tess.tile031.png,99349,True,,,
page_010_clahe_1.resized.rot270.tess.tile031.tess.txt,C:\Users\User\Downloads\OCR-Engine\ops\page_010_clahe_1.resized.rot270.tess.tile031.tess.txt,68,False,,,aa tiiimmmemra _ ョ ー ー [ コ\n\nュ ー ェ キ - デ\n\nー\n
page_010_clahe_1.resized.rot270.tess.tile032.png,C:\Users\User\Downloads\OCR-Engine\ops\page_010_clahe_1.resized.rot270.tess.tile032.png,101576,True,,,
page_010_clahe_1.resized.rot270.tess.tile032.tess.txt,C:\Users\User\Downloads\OCR-Engine\ops\page_010_clahe_1.resized.rot270.tess.tile032.tess.txt,70,False,,,E 誌 aeeeeenig ) モ ーo E 和\n\nー\n\nー\n\nに ー 迦\n\nま\n
page_010_clahe_1.resized.rot270.tess.tile033.png,C:\Users\User\Downloads\OCR-Engine\ops\page_010_clahe_1.resized.rot270.tess.tile033.png,120689,True,,,
page_010_clahe_1.resized.rot270.tess.tile033.tess.txt,C:\Users\User\Downloads\OCR-Engine\ops\page_010_clahe_1.resized.rot270.tess.tile033.tess.txt,55,False,,,ー 一\n\n刊髑_\n\nmsme\n\n` 森 」\n\nマ\n\nー\n
page_010_clahe_1.resized.rot270.tess.tile034.png,C:\Users\User\Downloads\OCR-Engine\ops\page_010_clahe_1.resized.rot270.tess.tile034.png,123106,True,,,
page_010_clahe_1.resized.rot270.tess.tile034.tess.txt,C:\Users\User\Downloads\OCR-Engine\ops\page_010_clahe_1.resized.rot270.tess.tile034.tess.txt,89,False,,,・~鞭〇 n 嶼\n\nー\n\nー で ュ m ー -\n\nェ a\n\nL\n\nキ ー ー\n\nL ae_。\n
page_010_clahe_1.resized.rot270.tess.tile035.png,C:\Users\User\Downloads\OCR-Engine\ops\page_010_clahe_1.resized.rot270.tess.tile035.png,128732,True,,,
page_010_clahe_1.resized.rot270.tess.tile035.tess.txt,C:\Users\User\Downloads\OCR-Engine\ops\page_010_clahe_1.resized.rot270.tess.tile035.tess.txt,28,False,,,mmmue ー m\n\nャ ュ ー\n
page_010_clahe_1.resized.rot270.tess.tile036.png,C:\Users\User\Downloads\OCR-Engine\ops\page_010_clahe_1.resized.rot270.tess.tile036.png,116005,True,,,
page_010_clahe_1.resized.rot270.tess.tile036.tess.txt,C:\Users\User\Downloads\OCR-Engine\ops\page_010_clahe_1.resized.rot270.tess.tile036.tess.txt,39,False,,,ー\n\nc\n\n[\n\nャ さ\n\n+ 託 こ\n
page_010_clahe_1.resized.rot270.tess.tile037.png,C:\Users\User\Downloads\OCR-Engine\ops\page_010_clahe_1.resized.rot270.tess.tile037.png,133871,True,,,
page_010_clahe_1.resized.rot270.tess.tile037.tess.txt,C:\Users\User\Downloads\OCR-Engine\ops\page_010_clahe_1.resized.rot270.tess.tile037.tess.txt,0,False,,,
page_010_clahe_1.resized.rot270.tess.tile038.png,C:\Users\User\Downloads\OCR-Engine\ops\page_010_clahe_1.resized.rot270.tess.tile038.png,57311,True,,,
page_010_clahe_1.resized.rot270.tess.tile038.tess.txt,C:\Users\User\Downloads\OCR-Engine\ops\page_010_clahe_1.resized.rot270.tess.tile038.tess.txt,0,False,,,
page_010_clahe_1.resized.rot270.tess.tile039.png,C:\Users\User\Downloads\OCR-Engine\ops\page_010_clahe_1.resized.rot270.tess.tile039.png,28909,True,,,
page_010_clahe_1.resized.rot270.tess.tile039.tess.txt,C:\Users\User\Downloads\OCR-Engine\ops\page_010_clahe_1.resized.rot270.tess.tile039.tess.txt,0,False,,,
page_010_clahe_1.resized.rot270.tess.tile040.png,C:\Users\User\Downloads\OCR-Engine\ops\page_010_clahe_1.resized.rot270.tess.tile040.png,43310,True,,,
page_010_clahe_1.resized.rot270.tess.tile040.tess.txt,C:\Users\User\Downloads\OCR-Engine\ops\page_010_clahe_1.resized.rot270.tess.tile040.tess.txt,0,False,,,
page_010_clahe_1.resized.rot270.tess.tile041.png,C:\Users\User\Downloads\OCR-Engine\ops\page_010_clahe_1.resized.rot270.tess.tile041.png,11762,True,,,
page_010_clahe_1.resized.rot270.tess.tile041.tess.txt,C:\Users\User\Downloads\OCR-Engine\ops\page_010_clahe_1.resized.rot270.tess.tile041.tess.txt,0,False,,,
page_010_clahe_1.resized.rot270.tess.tile042.png,C:\Users\User\Downloads\OCR-Engine\ops\page_010_clahe_1.resized.rot270.tess.tile042.png,8920,True,,,
page_010_clahe_1.resized.rot270.tess.tile042.tess.txt,C:\Users\User\Downloads\OCR-Engine\ops\page_010_clahe_1.resized.rot270.tess.tile042.tess.txt,0,False,,,
page_010_clahe_1.resized.rot270.tess.tile043.png,C:\Users\User\Downloads\OCR-Engine\ops\page_010_clahe_1.resized.rot270.tess.tile043.png,7555,True,,,
page_010_clahe_1.resized.rot270.tess.tile043.tess.txt,C:\Users\User\Downloads\OCR-Engine\ops\page_010_clahe_1.resized.rot270.tess.tile043.tess.txt,0,False,,,
page_010_clahe_1.resized.rot270.tess.tile044.png,C:\Users\User\Downloads\OCR-Engine\ops\page_010_clahe_1.resized.rot270.tess.tile044.png,5335,True,,,
page_010_clahe_1.resized.rot270.tess.tile044.tess.txt,C:\Users\User\Downloads\OCR-Engine\ops\page_010_clahe_1.resized.rot270.tess.tile044.tess.txt,0,False,,,
page_010_clahe_1.resized.rot270.tess.tile045.png,C:\Users\User\Downloads\OCR-Engine\ops\page_010_clahe_1.resized.rot270.tess.tile045.png,5335,True,,,
page_010_clahe_1.resized.rot270.tess.tile045.tess.txt,C:\Users\User\Downloads\OCR-Engine\ops\page_010_clahe_1.resized.rot270.tess.tile045.tess.txt,0,False,,,
page_010_clahe_1.resized.rot270.tess.tile046.png,C:\Users\User\Downloads\OCR-Engine\ops\page_010_clahe_1.resized.rot270.tess.tile046.png,5335,True,,,
page_010_clahe_1.resized.rot270.tess.tile046.tess.txt,C:\Users\User\Downloads\OCR-Engine\ops\page_010_clahe_1.resized.rot270.tess.tile046.tess.txt,0,False,,,
page_010_clahe_1.resized.rot270.tess.tile047.png,C:\Users\User\Downloads\OCR-Engine\ops\page_010_clahe_1.resized.rot270.tess.tile047.png,5335,True,,,
page_010_clahe_1.resized.rot270.tess.tile047.tess.txt,C:\Users\User\Downloads\OCR-Engine\ops\page_010_clahe_1.resized.rot270.tess.tile047.tess.txt,0,False,,,
page_010_clahe_1.resized.rot270.tess.tile048.png,C:\Users\User\Downloads\OCR-Engine\ops\page_010_clahe_1.resized.rot270.tess.tile048.png,9194,True,,,
page_010_clahe_1.resized.rot270.tess.tile048.tess.txt,C:\Users\User\Downloads\OCR-Engine\ops\page_010_clahe_1.resized.rot270.tess.tile048.tess.txt,0,False,,,
page_010_clahe_1.resized.rot270.tess.tile049.png,C:\Users\User\Downloads\OCR-Engine\ops\page_010_clahe_1.resized.rot270.tess.tile049.png,5335,True,,,
page_010_clahe_1.resized.rot270.tess.tile049.tess.txt,C:\Users\User\Downloads\OCR-Engine\ops\page_010_clahe_1.resized.rot270.tess.tile049.tess.txt,0,False,,,
page_010_clahe_1.resized.rot270.tess.tile050.png,C:\Users\User\Downloads\OCR-Engine\ops\page_010_clahe_1.resized.rot270.tess.tile050.png,61539,True,,,
page_010_clahe_1.resized.rot270.tess.tile050.tess.txt,C:\Users\User\Downloads\OCR-Engine\ops\page_010_clahe_1.resized.rot270.tess.tile050.tess.txt,0,False,,,
page_010_clahe_1.resized.rot270.tess.tile051.png,C:\Users\User\Downloads\OCR-Engine\ops\page_010_clahe_1.resized.rot270.tess.tile051.png,62381,True,,,
page_010_clahe_1.resized.rot270.tess.tile051.tess.txt,C:\Users\User\Downloads\OCR-Engine\ops\page_010_clahe_1.resized.rot270.tess.tile051.tess.txt,0,False,,,
page_010_clahe_1.resized.rot270.tess.tile052.png,C:\Users\User\Downloads\OCR-Engine\ops\page_010_clahe_1.resized.rot270.tess.tile052.png,15480,True,,,
page_010_clahe_1.resized.rot270.tess.tile052.tess.txt,C:\Users\User\Downloads\OCR-Engine\ops\page_010_clahe_1.resized.rot270.tess.tile052.tess.txt,12,False,,,岐\n\n睦\n
page_010_clahe_1.resized.rot270.tess.tile053.png,C:\Users\User\Downloads\OCR-Engine\ops\page_010_clahe_1.resized.rot270.tess.tile053.png,40306,True,,,
page_010_clahe_1.resized.rot270.tess.tile053.tess.txt,C:\Users\User\Downloads\OCR-Engine\ops\page_010_clahe_1.resized.rot270.tess.tile053.tess.txt,0,False,,,
page_010_clahe_1.resized.rot270.tess.tile054.png,C:\Users\User\Downloads\OCR-Engine\ops\page_010_clahe_1.resized.rot270.tess.tile054.png,17449,True,,,
page_010_clahe_1.resized.rot270.tess.tile054.tess.txt,C:\Users\User\Downloads\OCR-Engine\ops\page_010_clahe_1.resized.rot270.tess.tile054.tess.txt,0,False,,,
page_010_clahe_1.resized.rot270.tess.tile055.png,C:\Users\User\Downloads\OCR-Engine\ops\page_010_clahe_1.resized.rot270.tess.tile055.png,11128,True,,,
page_010_clahe_1.resized.rot270.tess.tile055.tess.txt,C:\Users\User\Downloads\OCR-Engine\ops\page_010_clahe_1.resized.rot270.tess.tile055.tess.txt,0,False,,,
page_010_clahe_1.resized.rot270.tess.tile056.png,C:\Users\User\Downloads\OCR-Engine\ops\page_010_clahe_1.resized.rot270.tess.tile056.png,7904,True,,,
page_010_clahe_1.resized.rot270.tess.tile056.tess.txt,C:\Users\User\Downloads\OCR-Engine\ops\page_010_clahe_1.resized.rot270.tess.tile056.tess.txt,0,False,,,
page_010_clahe_1.resized.rot270.tess.tile057.png,C:\Users\User\Downloads\OCR-Engine\ops\page_010_clahe_1.resized.rot270.tess.tile057.png,13883,True,,,
page_010_clahe_1.resized.rot270.tess.tile057.tess.txt,C:\Users\User\Downloads\OCR-Engine\ops\page_010_clahe_1.resized.rot270.tess.tile057.tess.txt,0,False,,,
page_010_clahe_1.resized.rot270.tess.tile058.png,C:\Users\User\Downloads\OCR-Engine\ops\page_010_clahe_1.resized.rot270.tess.tile058.png,5335,True,,,
page_010_clahe_1.resized.rot270.tess.tile058.tess.txt,C:\Users\User\Downloads\OCR-Engine\ops\page_010_clahe_1.resized.rot270.tess.tile058.tess.txt,0,False,,,
page_010_clahe_1.resized.rot270.tess.tile059.png,C:\Users\User\Downloads\OCR-Engine\ops\page_010_clahe_1.resized.rot270.tess.tile059.png,8564,True,,,
page_010_clahe_1.resized.rot270.tess.tile059.tess.txt,C:\Users\User\Downloads\OCR-Engine\ops\page_010_clahe_1.resized.rot270.tess.tile059.tess.txt,0,False,,,
page_010_clahe_1.resized.rot270.tess.tile060.png,C:\Users\User\Downloads\OCR-Engine\ops\page_010_clahe_1.resized.rot270.tess.tile060.png,9254,True,,,
page_010_clahe_1.resized.rot270.tess.tile060.tess.txt,C:\Users\User\Downloads\OCR-Engine\ops\page_010_clahe_1.resized.rot270.tess.tile060.tess.txt,0,False,,,
page_010_clahe_1.resized.rot270.tess.tile061.png,C:\Users\User\Downloads\OCR-Engine\ops\page_010_clahe_1.resized.rot270.tess.tile061.png,5335,True,,,
page_010_clahe_1.resized.rot270.tess.tile061.tess.txt,C:\Users\User\Downloads\OCR-Engine\ops\page_010_clahe_1.resized.rot270.tess.tile061.tess.txt,0,False,,,
page_010_clahe_1.resized.rot270.tess.tile062.png,C:\Users\User\Downloads\OCR-Engine\ops\page_010_clahe_1.resized.rot270.tess.tile062.png,5335,True,,,
page_010_clahe_1.resized.rot270.tess.tile062.tess.txt,C:\Users\User\Downloads\OCR-Engine\ops\page_010_clahe_1.resized.rot270.tess.tile062.tess.txt,0,False,,,
page_010_clahe_1.resized.rot270.tess.tile063.png,C:\Users\User\Downloads\OCR-Engine\ops\page_010_clahe_1.resized.rot270.tess.tile063.png,53823,True,,,
page_010_clahe_1.resized.rot270.tess.tile063.tess.txt,C:\Users\User\Downloads\OCR-Engine\ops\page_010_clahe_1.resized.rot270.tess.tile063.tess.txt,0,False,,,
page_010_clahe_1.resized.rot270.tess.tile064.png,C:\Users\User\Downloads\OCR-Engine\ops\page_010_clahe_1.resized.rot270.tess.tile064.png,58692,True,,,
page_010_clahe_1.resized.rot270.tess.tile064.tess.txt,C:\Users\User\Downloads\OCR-Engine\ops\page_010_clahe_1.resized.rot270.tess.tile064.tess.txt,0,False,,,
page_010_clahe_1.resized.rot270.tess.tile065.png,C:\Users\User\Downloads\OCR-Engine\ops\page_010_clahe_1.resized.rot270.tess.tile065.png,19824,True,,,
page_010_clahe_1.resized.rot270.tess.tile065.tess.txt,C:\Users\User\Downloads\OCR-Engine\ops\page_010_clahe_1.resized.rot270.tess.tile065.tess.txt,0,False,,,
page_010_clahe_1.resized.rot270.tess.tile066.png,C:\Users\User\Downloads\OCR-Engine\ops\page_010_clahe_1.resized.rot270.tess.tile066.png,41391,True,,,
page_010_clahe_1.resized.rot270.tess.tile066.tess.txt,C:\Users\User\Downloads\OCR-Engine\ops\page_010_clahe_1.resized.rot270.tess.tile066.tess.txt,0,False,,,
page_010_clahe_1.resized.rot270.tess.tile067.png,C:\Users\User\Downloads\OCR-Engine\ops\page_010_clahe_1.resized.rot270.tess.tile067.png,9423,True,,,
page_010_clahe_1.resized.rot270.tess.tile067.tess.txt,C:\Users\User\Downloads\OCR-Engine\ops\page_010_clahe_1.resized.rot270.tess.tile067.tess.txt,0,False,,,
page_010_clahe_1.resized.rot270.tess.tile068.png,C:\Users\User\Downloads\OCR-Engine\ops\page_010_clahe_1.resized.rot270.tess.tile068.png,11059,True,,,
page_010_clahe_1.resized.rot270.tess.tile068.tess.txt,C:\Users\User\Downloads\OCR-Engine\ops\page_010_clahe_1.resized.rot270.tess.tile068.tess.txt,0,False,,,
page_010_clahe_1.resized.rot270.tess.tile069.png,C:\Users\User\Downloads\OCR-Engine\ops\page_010_clahe_1.resized.rot270.tess.tile069.png,9623,True,,,
page_010_clahe_1.resized.rot270.tess.tile069.tess.txt,C:\Users\User\Downloads\OCR-Engine\ops\page_010_clahe_1.resized.rot270.tess.tile069.tess.txt,0,False,,,
page_010_clahe_1.resized.rot270.tess.tile070.png,C:\Users\User\Downloads\OCR-Engine\ops\page_010_clahe_1.resized.rot270.tess.tile070.png,5335,True,,,
page_010_clahe_1.resized.rot270.tess.tile070.tess.txt,C:\Users\User\Downloads\OCR-Engine\ops\page_010_clahe_1.resized.rot270.tess.tile070.tess.txt,0,False,,,
page_010_clahe_1.resized.rot270.tess.tile071.png,C:\Users\User\Downloads\OCR-Engine\ops\page_010_clahe_1.resized.rot270.tess.tile071.png,9833,True,,,
page_010_clahe_1.resized.rot270.tess.tile071.tess.txt,C:\Users\User\Downloads\OCR-Engine\ops\page_010_clahe_1.resized.rot270.tess.tile071.tess.txt,0,False,,,
page_010_clahe_1.resized.rot270.tess.tile072.png,C:\Users\User\Downloads\OCR-Engine\ops\page_010_clahe_1.resized.rot270.tess.tile072.png,7921,True,,,
page_010_clahe_1.resized.rot270.tess.tile072.tess.txt,C:\Users\User\Downloads\OCR-Engine\ops\page_010_clahe_1.resized.rot270.tess.tile072.tess.txt,0,False,,,
page_010_clahe_1.resized.rot270.tess.tile073.png,C:\Users\User\Downloads\OCR-Engine\ops\page_010_clahe_1.resized.rot270.tess.tile073.png,9027,True,,,
page_010_clahe_1.resized.rot270.tess.tile073.tess.txt,C:\Users\User\Downloads\OCR-Engine\ops\page_010_clahe_1.resized.rot270.tess.tile073.tess.txt,0,False,,,
page_010_clahe_1.resized.rot270.tess.tile074.png,C:\Users\User\Downloads\OCR-Engine\ops\page_010_clahe_1.resized.rot270.tess.tile074.png,8574,True,,,
page_010_clahe_1.resized.rot270.tess.tile074.tess.txt,C:\Users\User\Downloads\OCR-Engine\ops\page_010_clahe_1.resized.rot270.tess.tile074.tess.txt,0,False,,,
page_010_clahe_1.resized.rot270.tess.tile075.png,C:\Users\User\Downloads\OCR-Engine\ops\page_010_clahe_1.resized.rot270.tess.tile075.png,5335,True,,,
page_010_clahe_1.resized.rot270.tess.tile075.tess.txt,C:\Users\User\Downloads\OCR-Engine\ops\page_010_clahe_1.resized.rot270.tess.tile075.tess.txt,0,False,,,
page_010_clahe_1.resized.rot270.tess.tile076.png,C:\Users\User\Downloads\OCR-Engine\ops\page_010_clahe_1.resized.rot270.tess.tile076.png,52881,True,,,
page_010_clahe_1.resized.rot270.tess.tile076.tess.txt,C:\Users\User\Downloads\OCR-Engine\ops\page_010_clahe_1.resized.rot270.tess.tile076.tess.txt,0,False,,,
page_010_clahe_1.resized.rot270.tess.tile077.png,C:\Users\User\Downloads\OCR-Engine\ops\page_010_clahe_1.resized.rot270.tess.tile077.png,52917,True,,,
page_010_clahe_1.resized.rot270.tess.tile077.tess.txt,C:\Users\User\Downloads\OCR-Engine\ops\page_010_clahe_1.resized.rot270.tess.tile077.tess.txt,0,False,,,
page_010_clahe_1.resized.rot270.tess.tile078.png,C:\Users\User\Downloads\OCR-Engine\ops\page_010_clahe_1.resized.rot270.tess.tile078.png,40641,True,,,
page_010_clahe_1.resized.rot270.tess.tile078.tess.txt,C:\Users\User\Downloads\OCR-Engine\ops\page_010_clahe_1.resized.rot270.tess.tile078.tess.txt,16,False,,,『\n\n団 「\n
page_010_clahe_1.resized.rot270.tess.tile079.png,C:\Users\User\Downloads\OCR-Engine\ops\page_010_clahe_1.resized.rot270.tess.tile079.png,39139,True,,,
page_010_clahe_1.resized.rot270.tess.tile079.tess.txt,C:\Users\User\Downloads\OCR-Engine\ops\page_010_clahe_1.resized.rot270.tess.tile079.tess.txt,0,False,,,
page_010_clahe_1.resized.rot270.tess.tile080.png,C:\Users\User\Downloads\OCR-Engine\ops\page_010_clahe_1.resized.rot270.tess.tile080.png,5335,True,,,
page_010_clahe_1.resized.rot270.tess.tile080.tess.txt,C:\Users\User\Downloads\OCR-Engine\ops\page_010_clahe_1.resized.rot270.tess.tile080.tess.txt,0,False,,,
page_010_clahe_1.resized.rot270.tess.tile081.png,C:\Users\User\Downloads\OCR-Engine\ops\page_010_clahe_1.resized.rot270.tess.tile081.png,5335,True,,,
page_010_clahe_1.resized.rot270.tess.tile081.tess.txt,C:\Users\User\Downloads\OCR-Engine\ops\page_010_clahe_1.resized.rot270.tess.tile081.tess.txt,0,False,,,
page_010_clahe_1.resized.rot270.tess.tile082.png,C:\Users\User\Downloads\OCR-Engine\ops\page_010_clahe_1.resized.rot270.tess.tile082.png,9495,True,,,
page_010_clahe_1.resized.rot270.tess.tile082.tess.txt,C:\Users\User\Downloads\OCR-Engine\ops\page_010_clahe_1.resized.rot270.tess.tile082.tess.txt,0,False,,,
page_010_clahe_1.resized.rot270.tess.tile083.png,C:\Users\User\Downloads\OCR-Engine\ops\page_010_clahe_1.resized.rot270.tess.tile083.png,5335,True,,,
page_010_clahe_1.resized.rot270.tess.tile083.tess.txt,C:\Users\User\Downloads\OCR-Engine\ops\page_010_clahe_1.resized.rot270.tess.tile083.tess.txt,0,False,,,
page_010_clahe_1.resized.rot270.tess.tile084.png,C:\Users\User\Downloads\OCR-Engine\ops\page_010_clahe_1.resized.rot270.tess.tile084.png,12096,True,,,
page_010_clahe_1.resized.rot270.tess.tile084.tess.txt,C:\Users\User\Downloads\OCR-Engine\ops\page_010_clahe_1.resized.rot270.tess.tile084.tess.txt,0,False,,,
page_010_clahe_1.resized.rot270.tess.tile085.png,C:\Users\User\Downloads\OCR-Engine\ops\page_010_clahe_1.resized.rot270.tess.tile085.png,5335,True,,,
page_010_clahe_1.resized.rot270.tess.tile085.tess.txt,C:\Users\User\Downloads\OCR-Engine\ops\page_010_clahe_1.resized.rot270.tess.tile085.tess.txt,0,False,,,
page_010_clahe_1.resized.rot270.tess.tile086.png,C:\Users\User\Downloads\OCR-Engine\ops\page_010_clahe_1.resized.rot270.tess.tile086.png,5335,True,,,
page_010_clahe_1.resized.rot270.tess.tile086.tess.txt,C:\Users\User\Downloads\OCR-Engine\ops\page_010_clahe_1.resized.rot270.tess.tile086.tess.txt,0,False,,,
page_010_clahe_1.resized.rot270.tess.tile087.png,C:\Users\User\Downloads\OCR-Engine\ops\page_010_clahe_1.resized.rot270.tess.tile087.png,9941,True,,,
page_010_clahe_1.resized.rot270.tess.tile087.tess.txt,C:\Users\User\Downloads\OCR-Engine\ops\page_010_clahe_1.resized.rot270.tess.tile087.tess.txt,0,False,,,
page_010_clahe_1.resized.rot270.tess.tile088.png,C:\Users\User\Downloads\OCR-Engine\ops\page_010_clahe_1.resized.rot270.tess.tile088.png,5454,True,,,
page_010_clahe_1.resized.rot270.tess.tile088.tess.txt,C:\Users\User\Downloads\OCR-Engine\ops\page_010_clahe_1.resized.rot270.tess.tile088.tess.txt,0,False,,,
page_010_clahe_1.resized.rot270.tess.tile089.png,C:\Users\User\Downloads\OCR-Engine\ops\page_010_clahe_1.resized.rot270.tess.tile089.png,60010,True,,,
page_010_clahe_1.resized.rot270.tess.tile089.tess.txt,C:\Users\User\Downloads\OCR-Engine\ops\page_010_clahe_1.resized.rot270.tess.tile089.tess.txt,0,False,,,
page_010_clahe_1.resized.rot270.tess.tile090.png,C:\Users\User\Downloads\OCR-Engine\ops\page_010_clahe_1.resized.rot270.tess.tile090.png,51091,True,,,
page_010_clahe_1.resized.rot270.tess.tile090.tess.txt,C:\Users\User\Downloads\OCR-Engine\ops\page_010_clahe_1.resized.rot270.tess.tile090.tess.txt,0,False,,,
page_010_clahe_1.resized.rot270.tess.tile091.png,C:\Users\User\Downloads\OCR-Engine\ops\page_010_clahe_1.resized.rot270.tess.tile091.png,86961,True,,,
page_010_clahe_1.resized.rot270.tess.tile091.tess.txt,C:\Users\User\Downloads\OCR-Engine\ops\page_010_clahe_1.resized.rot270.tess.tile091.tess.txt,0,False,,,
page_010_clahe_1.resized.rot270.tess.tile092.png,C:\Users\User\Downloads\OCR-Engine\ops\page_010_clahe_1.resized.rot270.tess.tile092.png,70546,True,,,
page_010_clahe_1.resized.rot270.tess.tile092.tess.txt,C:\Users\User\Downloads\OCR-Engine\ops\page_010_clahe_1.resized.rot270.tess.tile092.tess.txt,0,False,,,
page_010_clahe_1.resized.rot270.tess.tile093.png,C:\Users\User\Downloads\OCR-Engine\ops\page_010_clahe_1.resized.rot270.tess.tile093.png,9581,True,,,
page_010_clahe_1.resized.rot270.tess.tile093.tess.txt,C:\Users\User\Downloads\OCR-Engine\ops\page_010_clahe_1.resized.rot270.tess.tile093.tess.txt,0,False,,,
page_010_clahe_1.resized.rot270.tess.tile094.png,C:\Users\User\Downloads\OCR-Engine\ops\page_010_clahe_1.resized.rot270.tess.tile094.png,5335,True,,,
page_010_clahe_1.resized.rot270.tess.tile094.tess.txt,C:\Users\User\Downloads\OCR-Engine\ops\page_010_clahe_1.resized.rot270.tess.tile094.tess.txt,0,False,,,
page_010_clahe_1.resized.rot270.tess.tile095.png,C:\Users\User\Downloads\OCR-Engine\ops\page_010_clahe_1.resized.rot270.tess.tile095.png,5335,True,,,
page_010_clahe_1.resized.rot270.tess.tile095.tess.txt,C:\Users\User\Downloads\OCR-Engine\ops\page_010_clahe_1.resized.rot270.tess.tile095.tess.txt,0,False,,,
page_010_clahe_1.resized.rot270.tess.tile096.png,C:\Users\User\Downloads\OCR-Engine\ops\page_010_clahe_1.resized.rot270.tess.tile096.png,7166,True,,,
page_010_clahe_1.resized.rot270.tess.tile096.tess.txt,C:\Users\User\Downloads\OCR-Engine\ops\page_010_clahe_1.resized.rot270.tess.tile096.tess.txt,0,False,,,
page_010_clahe_1.resized.rot270.tess.tile097.png,C:\Users\User\Downloads\OCR-Engine\ops\page_010_clahe_1.resized.rot270.tess.tile097.png,9962,True,,,
page_010_clahe_1.resized.rot270.tess.tile097.tess.txt,C:\Users\User\Downloads\OCR-Engine\ops\page_010_clahe_1.resized.rot270.tess.tile097.tess.txt,0,False,,,
page_010_clahe_1.resized.rot270.tess.tile098.png,C:\Users\User\Downloads\OCR-Engine\ops\page_010_clahe_1.resized.rot270.tess.tile098.png,6178,True,,,
page_010_clahe_1.resized.rot270.tess.tile098.tess.txt,C:\Users\User\Downloads\OCR-Engine\ops\page_010_clahe_1.resized.rot270.tess.tile098.tess.txt,0,False,,,
page_010_clahe_1.resized.rot270.tess.tile099.png,C:\Users\User\Downloads\OCR-Engine\ops\page_010_clahe_1.resized.rot270.tess.tile099.png,6273,True,,,
page_010_clahe_1.resized.rot270.tess.tile099.tess.txt,C:\Users\User\Downloads\OCR-Engine\ops\page_010_clahe_1.resized.rot270.tess.tile099.tess.txt,0,False,,,
page_010_clahe_1.resized.rot270.tess.tile100.png,C:\Users\User\Downloads\OCR-Engine\ops\page_010_clahe_1.resized.rot270.tess.tile100.png,9469,True,,,
page_010_clahe_1.resized.rot270.tess.tile100.tess.txt,C:\Users\User\Downloads\OCR-Engine\ops\page_010_clahe_1.resized.rot270.tess.tile100.tess.txt,0,False,,,
page_010_clahe_1.resized.rot270.tess.tile101.png,C:\Users\User\Downloads\OCR-Engine\ops\page_010_clahe_1.resized.rot270.tess.tile101.png,8255,True,,,
page_010_clahe_1.resized.rot270.tess.tile101.tess.txt,C:\Users\User\Downloads\OCR-Engine\ops\page_010_clahe_1.resized.rot270.tess.tile101.tess.txt,0,False,,,
page_010_clahe_1.resized.rot270.tess.tile102.png,C:\Users\User\Downloads\OCR-Engine\ops\page_010_clahe_1.resized.rot270.tess.tile102.png,49282,True,,,
page_010_clahe_1.resized.rot270.tess.tile102.tess.txt,C:\Users\User\Downloads\OCR-Engine\ops\page_010_clahe_1.resized.rot270.tess.tile102.tess.txt,0,False,,,
page_010_clahe_1.resized.rot270.tess.tile103.png,C:\Users\User\Downloads\OCR-Engine\ops\page_010_clahe_1.resized.rot270.tess.tile103.png,44420,True,,,
page_010_clahe_1.resized.rot270.tess.tile103.tess.txt,C:\Users\User\Downloads\OCR-Engine\ops\page_010_clahe_1.resized.rot270.tess.tile103.tess.txt,0,False,,,
page_010_clahe_1.resized.rot270.tess.tile104.png,C:\Users\User\Downloads\OCR-Engine\ops\page_010_clahe_1.resized.rot270.tess.tile104.png,45805,True,,,
page_010_clahe_1.resized.rot270.tess.tile104.tess.txt,C:\Users\User\Downloads\OCR-Engine\ops\page_010_clahe_1.resized.rot270.tess.tile104.tess.txt,0,False,,,
page_010_clahe_1.resized.rot270.tess.tile105.png,C:\Users\User\Downloads\OCR-Engine\ops\page_010_clahe_1.resized.rot270.tess.tile105.png,51147,True,,,
page_010_clahe_1.resized.rot270.tess.tile105.tess.txt,C:\Users\User\Downloads\OCR-Engine\ops\page_010_clahe_1.resized.rot270.tess.tile105.tess.txt,0,False,,,
page_010_clahe_1.resized.rot270.tess.tile106.png,C:\Users\User\Downloads\OCR-Engine\ops\page_010_clahe_1.resized.rot270.tess.tile106.png,6635,True,,,
page_010_clahe_1.resized.rot270.tess.tile106.tess.txt,C:\Users\User\Downloads\OCR-Engine\ops\page_010_clahe_1.resized.rot270.tess.tile106.tess.txt,0,False,,,
page_010_clahe_1.resized.rot270.tess.tile107.png,C:\Users\User\Downloads\OCR-Engine\ops\page_010_clahe_1.resized.rot270.tess.tile107.png,7348,True,,,
page_010_clahe_1.resized.rot270.tess.tile107.tess.txt,C:\Users\User\Downloads\OCR-Engine\ops\page_010_clahe_1.resized.rot270.tess.tile107.tess.txt,0,False,,,
page_010_clahe_1.resized.rot270.tess.tile108.png,C:\Users\User\Downloads\OCR-Engine\ops\page_010_clahe_1.resized.rot270.tess.tile108.png,19412,True,,,
page_010_clahe_1.resized.rot270.tess.tile108.tess.txt,C:\Users\User\Downloads\OCR-Engine\ops\page_010_clahe_1.resized.rot270.tess.tile108.tess.txt,5,False,,,、\n
page_010_clahe_1.resized.rot270.tess.tile109.png,C:\Users\User\Downloads\OCR-Engine\ops\page_010_clahe_1.resized.rot270.tess.tile109.png,27294,True,,,
page_010_clahe_1.resized.rot90.tess.tile000.png,C:\Users\User\Downloads\OCR-Engine\ops\page_010_clahe_1.resized.rot90.tess.tile000.png,24563,True,,,
page_010_clahe_1.resized.rot90.tess.tile000.tess.txt,C:\Users\User\Downloads\OCR-Engine\ops\page_010_clahe_1.resized.rot90.tess.tile000.tess.txt,9,False,,,に ベ\n
page_010_clahe_1.resized.rot90.tess.tile001.png,C:\Users\User\Downloads\OCR-Engine\ops\page_010_clahe_1.resized.rot90.tess.tile001.png,21110,True,,,
page_010_clahe_1.resized.rot90.tess.tile001.tess.txt,C:\Users\User\Downloads\OCR-Engine\ops\page_010_clahe_1.resized.rot90.tess.tile001.tess.txt,0,False,,,
page_010_clahe_1.resized.rot90.tess.tile002.png,C:\Users\User\Downloads\OCR-Engine\ops\page_010_clahe_1.resized.rot90.tess.tile002.png,37938,True,,,
page_010_clahe_1.resized.rot90.tess.tile002.tess.txt,C:\Users\User\Downloads\OCR-Engine\ops\page_010_clahe_1.resized.rot90.tess.tile002.tess.txt,0,False,,,
page_010_clahe_1.resized.rot90.tess.tile003.png,C:\Users\User\Downloads\OCR-Engine\ops\page_010_clahe_1.resized.rot90.tess.tile003.png,26281,True,,,
page_010_clahe_1.resized.rot90.tess.tile003.tess.txt,C:\Users\User\Downloads\OCR-Engine\ops\page_010_clahe_1.resized.rot90.tess.tile003.tess.txt,0,False,,,
page_010_clahe_1.resized.rot90.tess.tile004.png,C:\Users\User\Downloads\OCR-Engine\ops\page_010_clahe_1.resized.rot90.tess.tile004.png,20507,True,,,
page_010_clahe_1.resized.rot90.tess.tile004.tess.txt,C:\Users\User\Downloads\OCR-Engine\ops\page_010_clahe_1.resized.rot90.tess.tile004.tess.txt,11,False,,,` 宮 言\n
page_010_clahe_1.resized.rot90.tess.tile005.png,C:\Users\User\Downloads\OCR-Engine\ops\page_010_clahe_1.resized.rot90.tess.tile005.png,13920,True,,,
page_010_clahe_1.resized.rot90.tess.tile005.tess.txt,C:\Users\User\Downloads\OCR-Engine\ops\page_010_clahe_1.resized.rot90.tess.tile005.tess.txt,0,False,,,
page_010_clahe_1.resized.rot90.tess.tile006.png,C:\Users\User\Downloads\OCR-Engine\ops\page_010_clahe_1.resized.rot90.tess.tile006.png,31010,True,,,
page_010_clahe_1.resized.rot90.tess.tile006.tess.txt,C:\Users\User\Downloads\OCR-Engine\ops\page_010_clahe_1.resized.rot90.tess.tile006.tess.txt,0,False,,,
page_010_clahe_1.resized.rot90.tess.tile007.png,C:\Users\User\Downloads\OCR-Engine\ops\page_010_clahe_1.resized.rot90.tess.tile007.png,32899,True,,,
page_010_clahe_1.resized.rot90.tess.tile007.tess.txt,C:\Users\User\Downloads\OCR-Engine\ops\page_010_clahe_1.resized.rot90.tess.tile007.tess.txt,39,False,,,B\n\n`\n\nF e\n\nは ⑪\n\na 向 、\n
page_010_clahe_1.resized.rot90.tess.tile008.png,C:\Users\User\Downloads\OCR-Engine\ops\page_010_clahe_1.resized.rot90.tess.tile008.png,10406,True,,,
page_010_clahe_1.resized.rot90.tess.tile008.tess.txt,C:\Users\User\Downloads\OCR-Engine\ops\page_010_clahe_1.resized.rot90.tess.tile008.tess.txt,6,False,,,'鵬\n
page_010_clahe_1.resized.rot90.tess.tile009.png,C:\Users\User\Downloads\OCR-Engine\ops\page_010_clahe_1.resized.rot90.tess.tile009.png,6598,True,,,
page_010_clahe_1.resized.rot90.tess.tile009.tess.txt,C:\Users\User\Downloads\OCR-Engine\ops\page_010_clahe_1.resized.rot90.tess.tile009.tess.txt,0,False,,,
page_010_clahe_1.resized.rot90.tess.tile010.png,C:\Users\User\Downloads\OCR-Engine\ops\page_010_clahe_1.resized.rot90.tess.tile010.png,16245,True,,,
page_010_clahe_1.resized.rot90.tess.tile010.tess.txt,C:\Users\User\Downloads\OCR-Engine\ops\page_010_clahe_1.resized.rot90.tess.tile010.tess.txt,9,False,,,し 閻\n
page_010_clahe_1.resized.rot90.tess.tile011.png,C:\Users\User\Downloads\OCR-Engine\ops\page_010_clahe_1.resized.rot90.tess.tile011.png,25294,True,,,
page_010_clahe_1.resized.rot90.tess.tile011.tess.txt,C:\Users\User\Downloads\OCR-Engine\ops\page_010_clahe_1.resized.rot90.tess.tile011.tess.txt,0,False,,,
page_010_clahe_1.resized.rot90.tess.tile012.png,C:\Users\User\Downloads\OCR-Engine\ops\page_010_clahe_1.resized.rot90.tess.tile012.png,349336,True,,,
page_010_clahe_1.resized.rot90.tess.tile012.tess.txt,C:\Users\User\Downloads\OCR-Engine\ops\page_010_clahe_1.resized.rot90.tess.tile012.tess.txt,119,False,,,W\n\ne は\n\na 江\n\nコ\n\nL\n\nて\n\n0 梨\n\n引\n\na\n\n奏 ・\n\nコ ー 言 . = ニ コ\n\nF 種 」\n\n⑤\n
page_010_clahe_1.resized.rot90.tess.tile013.png,C:\Users\User\Downloads\OCR-Engine\ops\page_010_clahe_1.resized.rot90.tess.tile013.png,66556,True,,,
page_010_clahe_1.resized.rot90.tess.tile013.tess.txt,C:\Users\User\Downloads\OCR-Engine\ops\page_010_clahe_1.resized.rot90.tess.tile013.tess.txt,0,False,,,
page_010_clahe_1.resized.rot90.tess.tile014.png,C:\Users\User\Downloads\OCR-Engine\ops\page_010_clahe_1.resized.rot90.tess.tile014.png,80675,True,,,
page_010_clahe_1.resized.rot90.tess.tile014.tess.txt,C:\Users\User\Downloads\OCR-Engine\ops\page_010_clahe_1.resized.rot90.tess.tile014.tess.txt,0,False,,,
page_010_clahe_1.resized.rot90.tess.tile015.png,C:\Users\User\Downloads\OCR-Engine\ops\page_010_clahe_1.resized.rot90.tess.tile015.png,71160,True,,,
page_010_clahe_1.resized.rot90.tess.tile015.tess.txt,C:\Users\User\Downloads\OCR-Engine\ops\page_010_clahe_1.resized.rot90.tess.tile015.tess.txt,0,False,,,
page_010_clahe_1.resized.rot90.tess.tile016.png,C:\Users\User\Downloads\OCR-Engine\ops\page_010_clahe_1.resized.rot90.tess.tile016.png,48523,True,,,
page_010_clahe_1.resized.rot90.tess.tile016.tess.txt,C:\Users\User\Downloads\OCR-Engine\ops\page_010_clahe_1.resized.rot90.tess.tile016.tess.txt,0,False,,,
page_010_clahe_1.resized.rot90.tess.tile017.png,C:\Users\User\Downloads\OCR-Engine\ops\page_010_clahe_1.resized.rot90.tess.tile017.png,51034,True,,,
page_010_clahe_1.resized.rot90.tess.tile017.tess.txt,C:\Users\User\Downloads\OCR-Engine\ops\page_010_clahe_1.resized.rot90.tess.tile017.tess.txt,0,False,,,
page_010_clahe_1.resized.rot90.tess.tile018.png,C:\Users\User\Downloads\OCR-Engine\ops\page_010_clahe_1.resized.rot90.tess.tile018.png,39488,True,,,
page_010_clahe_1.resized.rot90.tess.tile018.tess.txt,C:\Users\User\Downloads\OCR-Engine\ops\page_010_clahe_1.resized.rot90.tess.tile018.tess.txt,0,False,,,
page_010_clahe_1.resized.rot90.tess.tile019.png,C:\Users\User\Downloads\OCR-Engine\ops\page_010_clahe_1.resized.rot90.tess.tile019.png,46929,True,,,
page_010_clahe_1.resized.rot90.tess.tile019.tess.txt,C:\Users\User\Downloads\OCR-Engine\ops\page_010_clahe_1.resized.rot90.tess.tile019.tess.txt,0,False,,,
page_010_clahe_1.resized.rot90.tess.tile020.png,C:\Users\User\Downloads\OCR-Engine\ops\page_010_clahe_1.resized.rot90.tess.tile020.png,45375,True,,,
page_010_clahe_1.resized.rot90.tess.tile020.tess.txt,C:\Users\User\Downloads\OCR-Engine\ops\page_010_clahe_1.resized.rot90.tess.tile020.tess.txt,0,False,,,
page_010_clahe_1.resized.rot90.tess.tile021.png,C:\Users\User\Downloads\OCR-Engine\ops\page_010_clahe_1.resized.rot90.tess.tile021.png,41764,True,,,
page_010_clahe_1.resized.rot90.tess.tile021.tess.txt,C:\Users\User\Downloads\OCR-Engine\ops\page_010_clahe_1.resized.rot90.tess.tile021.tess.txt,0,False,,,
page_010_clahe_1.resized.rot90.tess.tile022.png,C:\Users\User\Downloads\OCR-Engine\ops\page_010_clahe_1.resized.rot90.tess.tile022.png,36780,True,,,
page_010_clahe_1.resized.rot90.tess.tile022.tess.txt,C:\Users\User\Downloads\OCR-Engine\ops\page_010_clahe_1.resized.rot90.tess.tile022.tess.txt,0,False,,,
page_010_clahe_1.resized.rot90.tess.tile023.png,C:\Users\User\Downloads\OCR-Engine\ops\page_010_clahe_1.resized.rot90.tess.tile023.png,37433,True,,,
page_010_clahe_1.resized.rot90.tess.tile023.tess.txt,C:\Users\User\Downloads\OCR-Engine\ops\page_010_clahe_1.resized.rot90.tess.tile023.tess.txt,0,False,,,
page_010_clahe_1.resized.rot90.tess.tile024.png,C:\Users\User\Downloads\OCR-Engine\ops\page_010_clahe_1.resized.rot90.tess.tile024.png,79983,True,,,
page_010_clahe_1.resized.rot90.tess.tile024.tess.txt,C:\Users\User\Downloads\OCR-Engine\ops\page_010_clahe_1.resized.rot90.tess.tile024.tess.txt,0,False,,,
page_010_clahe_1.resized.rot90.tess.tile025.png,C:\Users\User\Downloads\OCR-Engine\ops\page_010_clahe_1.resized.rot90.tess.tile025.png,489884,True,,,
page_010_clahe_1.resized.rot90.tess.tile025.tess.txt,C:\Users\User\Downloads\OCR-Engine\ops\page_010_clahe_1.resized.rot90.tess.tile025.tess.txt,350,False,,,ー\n\nュ ーー ド 言 . = ニ コ\n\n__ー\n\nれ\n\nー\n\n錆}\n\n④\n\nW ま\n\nは\n\nT が m F\n\n( ④\n\n荒 a W\n\nF & 」\n\n雨 .\n\n・ て A\n\nい セ ー s\n\nョ 目\n\n攪_\n\nト で\n\nKW\n\n地 画\n\n① J\n\nご も\n\n_ ~\n\nい\n\n*\n\nさ\n\n〟萱【\n\n財 向\n\nま ー ニ ー 向 u ー_慧 丿\n\nに ャ\n\n[ ま\n
page_010_clahe_1.resized.rot90.tess.tile026.png,C:\Users\User\Downloads\OCR-Engine\ops\page_010_clahe_1.resized.rot90.tess.tile026.png,69201,True,,,
page_010_clahe_1.resized.rot90.tess.tile026.tess.txt,C:\Users\User\Downloads\OCR-Engine\ops\page_010_clahe_1.resized.rot90.tess.tile026.tess.txt,0,False,,,
page_010_clahe_1.resized.rot90.tess.tile027.png,C:\Users\User\Downloads\OCR-Engine\ops\page_010_clahe_1.resized.rot90.tess.tile027.png,49616,True,,,
page_010_clahe_1.resized.rot90.tess.tile027.tess.txt,C:\Users\User\Downloads\OCR-Engine\ops\page_010_clahe_1.resized.rot90.tess.tile027.tess.txt,0,False,,,
page_010_clahe_1.resized.rot90.tess.tile028.png,C:\Users\User\Downloads\OCR-Engine\ops\page_010_clahe_1.resized.rot90.tess.tile028.png,133237,True,,,
page_010_clahe_1.resized.rot90.tess.tile028.tess.txt,C:\Users\User\Downloads\OCR-Engine\ops\page_010_clahe_1.resized.rot90.tess.tile028.tess.txt,14,False,,,| ト ーー\n
page_010_clahe_1.resized.rot90.tess.tile029.png,C:\Users\User\Downloads\OCR-Engine\ops\page_010_clahe_1.resized.rot90.tess.tile029.png,137486,True,,,
page_010_clahe_1.resized.rot90.tess.tile029.tess.txt,C:\Users\User\Downloads\OCR-Engine\ops\page_010_clahe_1.resized.rot90.tess.tile029.tess.txt,87,False,,,ーーーーーーーーーーーーーーーーーーーーーーー\n\n| ト ーー\n
page_010_clahe_1.resized.rot90.tess.tile030.png,C:\Users\User\Downloads\OCR-Engine\ops\page_010_clahe_1.resized.rot90.tess.tile030.png,123627,True,,,
page_010_clahe_1.resized.rot90.tess.tile030.tess.txt,C:\Users\User\Downloads\OCR-Engine\ops\page_010_clahe_1.resized.rot90.tess.tile030.tess.txt,86,False,,,ーーーーーーーーーーーーーーーーーーーーーーーーーー 一 .\n
page_010_clahe_1.resized.rot90.tess.tile031.png,C:\Users\User\Downloads\OCR-Engine\ops\page_010_clahe_1.resized.rot90.tess.tile031.png,122735,True,,,
page_010_clahe_1.resized.rot90.tess.tile031.tess.txt,C:\Users\User\Downloads\OCR-Engine\ops\page_010_clahe_1.resized.rot90.tess.tile031.tess.txt,46,False,,,ーーーー ーーーーーーーーー ー\n
page_010_clahe_1.resized.rot90.tess.tile032.png,C:\Users\User\Downloads\OCR-Engine\ops\page_010_clahe_1.resized.rot90.tess.tile032.png,117747,True,,,
page_010_clahe_1.resized.rot90.tess.tile032.tess.txt,C:\Users\User\Downloads\OCR-Engine\ops\page_010_clahe_1.resized.rot90.tess.tile032.tess.txt,0,False,,,
page_010_clahe_1.resized.rot90.tess.tile033.png,C:\Users\User\Downloads\OCR-Engine\ops\page_010_clahe_1.resized.rot90.tess.tile033.png,165992,True,,,
page_010_clahe_1.resized.rot90.tess.tile033.tess.txt,C:\Users\User\Downloads\OCR-Engine\ops\page_010_clahe_1.resized.rot90.tess.tile033.tess.txt,0,False,,,
page_010_clahe_1.resized.rot90.tess.tile034.png,C:\Users\User\Downloads\OCR-Engine\ops\page_010_clahe_1.resized.rot90.tess.tile034.png,161368,True,,,
page_010_clahe_1.resized.rot90.tess.tile034.tess.txt,C:\Users\User\Downloads\OCR-Engine\ops\page_010_clahe_1.resized.rot90.tess.tile034.tess.txt,100,False,,,レ ー ーーーーーーーーーーーーーーーーー ーーーーーーーー\n\n蕎\n\nま\n
page_010_clahe_1.resized.rot90.tess.tile035.png,C:\Users\User\Downloads\OCR-Engine\ops\page_010_clahe_1.resized.rot90.tess.tile035.png,208966,True,,,
page_010_clahe_1.resized.rot90.tess.tile035.tess.txt,C:\Users\User\Downloads\OCR-Engine\ops\page_010_clahe_1.resized.rot90.tess.tile035.tess.txt,5,False,,,ま\n
page_010_clahe_1.resized.rot90.tess.tile036.png,C:\Users\User\Downloads\OCR-Engine\ops\page_010_clahe_1.resized.rot90.tess.tile036.png,155206,True,,,
page_010_clahe_1.resized.rot90.tess.tile036.tess.txt,C:\Users\User\Downloads\OCR-Engine\ops\page_010_clahe_1.resized.rot90.tess.tile036.tess.txt,17,False,,,ーーー\n\n_=\n
page_010_clahe_1.resized.rot90.tess.tile037.png,C:\Users\User\Downloads\OCR-Engine\ops\page_010_clahe_1.resized.rot90.tess.tile037.png,61878,True,,,
page_010_clahe_1.resized.rot90.tess.tile037.tess.txt,C:\Users\User\Downloads\OCR-Engine\ops\page_010_clahe_1.resized.rot90.tess.tile037.tess.txt,0,False,,,
page_010_clahe_1.resized.rot90.tess.tile038.png,C:\Users\User\Downloads\OCR-Engine\ops\page_010_clahe_1.resized.rot90.tess.tile038.png,420822,True,,,
page_010_clahe_1.resized.rot90.tess.tile038.tess.txt,C:\Users\User\Downloads\OCR-Engine\ops\page_010_clahe_1.resized.rot90.tess.tile038.tess.txt,158,False,,,n\n\nー 国 トト ー 」\n\nに ャ\n\nサ ー ト\n\n誌 諸 畜\n\nィ コ\n\nャ !\n\nゃ に ゃス\n\nー\n\nEY 俵\n\ngeo\n\nt に s\n\nー い パ\n
page_010_clahe_1.resized.rot90.tess.tile039.png,C:\Users\User\Downloads\OCR-Engine\ops\page_010_clahe_1.resized.rot90.tess.tile039.png,59909,True,,,
page_010_clahe_1.resized.rot90.tess.tile039.tess.txt,C:\Users\User\Downloads\OCR-Engine\ops\page_010_clahe_1.resized.rot90.tess.tile039.tess.txt,0,False,,,
page_010_clahe_1.resized.rot90.tess.tile040.png,C:\Users\User\Downloads\OCR-Engine\ops\page_010_clahe_1.resized.rot90.tess.tile040.png,38990,True,,,
page_010_clahe_1.resized.rot90.tess.tile040.tess.txt,C:\Users\User\Downloads\OCR-Engine\ops\page_010_clahe_1.resized.rot90.tess.tile040.tess.txt,0,False,,,
page_010_clahe_1.resized.rot90.tess.tile041.png,C:\Users\User\Downloads\OCR-Engine\ops\page_010_clahe_1.resized.rot90.tess.tile041.png,328534,True,,,
page_010_clahe_1.resized.rot90.tess.tile041.tess.txt,C:\Users\User\Downloads\OCR-Engine\ops\page_010_clahe_1.resized.rot90.tess.tile041.tess.txt,0,False,,,
page_010_clahe_1.resized.rot90.tess.tile042.png,C:\Users\User\Downloads\OCR-Engine\ops\page_010_clahe_1.resized.rot90.tess.tile042.png,407652,True,,,
page_010_clahe_1.resized.rot90.tess.tile042.tess.txt,C:\Users\User\Downloads\OCR-Engine\ops\page_010_clahe_1.resized.rot90.tess.tile042.tess.txt,78,False,,,E . 栄 コ\n\n… キ ー ー\n\n[ ーー)\n\nー\n\nさ ご こ\n\n逢 誌\n
page_010_clahe_1.resized.rot90.tess.tile043.png,C:\Users\User\Downloads\OCR-Engine\ops\page_010_clahe_1.resized.rot90.tess.tile043.png,249121,True,,,
page_010_clahe_1.resized.rot90.tess.tile043.tess.txt,C:\Users\User\Downloads\OCR-Engine\ops\page_010_clahe_1.resized.rot90.tess.tile043.tess.txt,47,False,,,m\n\nさ n\n\nS 商\n\n① に\n\nき こ ェ\n
page_010_clahe_1.resized.rot90.tess.tile044.png,C:\Users\User\Downloads\OCR-Engine\ops\page_010_clahe_1.resized.rot90.tess.tile044.png,263615,True,,,
page_010_clahe_1.resized.rot90.tess.tile044.tess.txt,C:\Users\User\Downloads\OCR-Engine\ops\page_010_clahe_1.resized.rot90.tess.tile044.tess.txt,35,False,,,ME コ\n\nー 輛\n\n` 畿\n\nf g\n
page_010_clahe_1.resized.rot90.tess.tile045.png,C:\Users\User\Downloads\OCR-Engine\ops\page_010_clahe_1.resized.rot90.tess.tile045.png,272691,True,,,
page_010_clahe_1.resized.rot90.tess.tile045.tess.txt,C:\Users\User\Downloads\OCR-Engine\ops\page_010_clahe_1.resized.rot90.tess.tile045.tess.txt,154,False,,,一\n\nす a\n\nー ーーーーーーーーーーーーーーーー ョ\n\na\n\nョ 肉\n\na\n\nピ サ\n\n囲\n\nme と\n\n[ ま つ\n\nk\n\nロ g コ\n
page_010_clahe_1.resized.rot90.tess.tile046.png,C:\Users\User\Downloads\OCR-Engine\ops\page_010_clahe_1.resized.rot90.tess.tile046.png,395205,True,,,
page_010_clahe_1.resized.rot90.tess.tile046.tess.txt,C:\Users\User\Downloads\OCR-Engine\ops\page_010_clahe_1.resized.rot90.tess.tile046.tess.txt,248,False,,,ー セ 一\n\n旨\n\n木 ・\n\nL\n\ni n\n\nー で\n\nー 哉\n\nァ_\n\nE S\n\nま\n\nド ー c\n\n④\n\nー 一 ーーーーーーーー 一\n\n二\n\nー m\n\nー\n\n君 R ュ\n\nー ン モ\n\nま ュ\n\nL i )\n\n① ょ\n\nF Pf\n\nュ ら\n
page_010_clahe_1.resized.rot90.tess.tile047.png,C:\Users\User\Downloads\OCR-Engine\ops\page_010_clahe_1.resized.rot90.tess.tile047.png,314064,True,,,
page_010_clahe_1.resized.rot90.tess.tile047.tess.txt,C:\Users\User\Downloads\OCR-Engine\ops\page_010_clahe_1.resized.rot90.tess.tile047.tess.txt,96,False,,,0 津\n\n輛\n\nー で\n\ni\n\n「_\n\nド ー c\n\n④\n\n決\n\nー ン モ\n\nh\n\nュ ら\n
page_010_clahe_1.resized.rot90.tess.tile048.png,C:\Users\User\Downloads\OCR-Engine\ops\page_010_clahe_1.resized.rot90.tess.tile048.png,428215,True,,,
page_010_clahe_1.resized.rot90.tess.tile048.tess.txt,C:\Users\User\Downloads\OCR-Engine\ops\page_010_clahe_1.resized.rot90.tess.tile048.tess.txt,193,False,,,ー\n\n巖攣\n\nに\n\nE\n\nT 談 談 、 ト\n\ny 」 國 s\n\n『 ォ ー ーーー 一\n\ng 0 訣\n\n閻 、 エ ゃ\n\nセ は\n\nP\n\n① や\n\na c |\n\n`ー\n\nu\n\nー|\n\nー\n\nで\n
page_010_clahe_1.resized.rot90.tess.tile049.png,C:\Users\User\Downloads\OCR-Engine\ops\page_010_clahe_1.resized.rot90.tess.tile049.png,208456,True,,,
page_010_clahe_1.resized.rot90.tess.tile049.tess.txt,C:\Users\User\Downloads\OCR-Engine\ops\page_010_clahe_1.resized.rot90.tess.tile049.tess.txt,28,False,,,_ロ\n\nに ⑪\n\nデ ょ\n
page_010_clahe_1.resized.rot90.tess.tile050.png,C:\Users\User\Downloads\OCR-Engine\ops\page_010_clahe_1.resized.rot90.tess.tile050.png,52097,True,,,
page_010_clahe_1.resized.rot90.tess.tile050.tess.txt,C:\Users\User\Downloads\OCR-Engine\ops\page_010_clahe_1.resized.rot90.tess.tile050.tess.txt,0,False,,,
page_010_clahe_1.resized.rot90.tess.tile051.png,C:\Users\User\Downloads\OCR-Engine\ops\page_010_clahe_1.resized.rot90.tess.tile051.png,167107,True,,,
page_010_clahe_1.resized.rot90.tess.tile051.tess.txt,C:\Users\User\Downloads\OCR-Engine\ops\page_010_clahe_1.resized.rot90.tess.tile051.tess.txt,71,False,,,P 【_~〉\n\nー ーーウ~モ穿亭~ 鳶 '」ー董\n\n・璽ー〕\n
page_010_clahe_1.resized.rot90.tess.tile052.png,C:\Users\User\Downloads\OCR-Engine\ops\page_010_clahe_1.resized.rot90.tess.tile052.png,71066,True,,,
page_010_clahe_1.resized.rot90.tess.tile052.tess.txt,C:\Users\User\Downloads\OCR-Engine\ops\page_010_clahe_1.resized.rot90.tess.tile052.tess.txt,0,False,,,
page_010_clahe_1.resized.rot90.tess.tile053.png,C:\Users\User\Downloads\OCR-Engine\ops\page_010_clahe_1.resized.rot90.tess.tile053.png,25505,True,,,
page_010_clahe_1.resized.rot90.tess.tile053.tess.txt,C:\Users\User\Downloads\OCR-Engine\ops\page_010_clahe_1.resized.rot90.tess.tile053.tess.txt,25,False,,,R\n\nーー\n\n山\n\nl\n
page_010_clahe_1.resized.rot90.tess.tile054.png,C:\Users\User\Downloads\OCR-Engine\ops\page_010_clahe_1.resized.rot90.tess.tile054.png,388630,True,,,
page_010_clahe_1.resized.rot90.tess.tile054.tess.txt,C:\Users\User\Downloads\OCR-Engine\ops\page_010_clahe_1.resized.rot90.tess.tile054.tess.txt,27,False,,,=`\n\nー]\n\n或 一 ①\n
page_010_clahe_1.resized.rot90.tess.tile055.png,C:\Users\User\Downloads\OCR-Engine\ops\page_010_clahe_1.resized.rot90.tess.tile055.png,513507,True,,,
page_010_clahe_1.resized.rot90.tess.tile055.tess.txt,C:\Users\User\Downloads\OCR-Engine\ops\page_010_clahe_1.resized.rot90.tess.tile055.tess.txt,64,False,,,鸞_ー\n\n展 一\n\nm 華\n\nー 一 一\n\nに `\n\nマ ー\n
page_010_clahe_1.resized.rot90.tess.tile056.png,C:\Users\User\Downloads\OCR-Engine\ops\page_010_clahe_1.resized.rot90.tess.tile056.png,597360,True,,,
page_010_clahe_1.resized.rot90.tess.tile056.tess.txt,C:\Users\User\Downloads\OCR-Engine\ops\page_010_clahe_1.resized.rot90.tess.tile056.tess.txt,123,False,,,に ー ま ミ ⑧\n\ns す ③\n\nす\n\n~ aaee_ ェ ミ ュ Eiー① 詞 ー ョ c mcas_\n\n⑤ ミ ⑧ さ =\n\n⑧ -\n
page_010_clahe_1.resized.rot90.tess.tile057.png,C:\Users\User\Downloads\OCR-Engine\ops\page_010_clahe_1.resized.rot90.tess.tile057.png,619461,True,,,
page_010_clahe_1.resized.rot90.tess.tile057.tess.txt,C:\Users\User\Downloads\OCR-Engine\ops\page_010_clahe_1.resized.rot90.tess.tile057.tess.txt,72,False,,,ー 一\n\n. 聖 瞞 . 道\n\n= ュ ゴ コ ご\n\n“一一ー\n\nき\n
page_010_clahe_1.resized.rot90.tess.tile058.png,C:\Users\User\Downloads\OCR-Engine\ops\page_010_clahe_1.resized.rot90.tess.tile058.png,626832,True,,,
page_010_clahe_1.resized.rot90.tess.tile058.tess.txt,C:\Users\User\Downloads\OCR-Engine\ops\page_010_clahe_1.resized.rot90.tess.tile058.tess.txt,244,False,,,m ー\n\nョ リ o\n\nト r=\n\nロ g コ\n\nド も コ\n\n笑 ド\n\n駿「\n\nド\n\nk 沼\n\nーa\n\nc lee\n\nた 、 ず\n\nJ モ\n\n⑧ ③\n\n絵\n\nー ャ\n\n目 ・ |\n\n訣 コ\n\nミ\n\nド 譚 :\n\nつ ご\n\na 志 」\n\nう さ\n
page_010_clahe_1.resized.rot90.tess.tile059.png,C:\Users\User\Downloads\OCR-Engine\ops\page_010_clahe_1.resized.rot90.tess.tile059.png,687589,True,,,
page_010_clahe_1.resized.rot90.tess.tile059.tess.txt,C:\Users\User\Downloads\OCR-Engine\ops\page_010_clahe_1.resized.rot90.tess.tile059.tess.txt,167,False,,,ー リ\n\nョ ー ョ\n\nド\n\n咋\n\nい a\n\n口 ご\n\nー ス\n\n~?\n\nャ ョ\n\n綱 ・ 」\n\nミ\n\nし 思 ー イ\n\nで\n\nに a\n\nモ ーー、\n\nー\n
page_010_clahe_1.resized.rot90.tess.tile060.png,C:\Users\User\Downloads\OCR-Engine\ops\page_010_clahe_1.resized.rot90.tess.tile060.png,655402,True,,,
page_010_clahe_1.resized.rot90.tess.tile060.tess.txt,C:\Users\User\Downloads\OCR-Engine\ops\page_010_clahe_1.resized.rot90.tess.tile060.tess.txt,42,False,,,ま\n\n胆\n\n曼\n\n一\n\n③\n\nミ _\n
page_010_clahe_1.resized.rot90.tess.tile061.png,C:\Users\User\Downloads\OCR-Engine\ops\page_010_clahe_1.resized.rot90.tess.tile061.png,654431,True,,,
page_010_clahe_1.resized.rot90.tess.tile061.tess.txt,C:\Users\User\Downloads\OCR-Engine\ops\page_010_clahe_1.resized.rot90.tess.tile061.tess.txt,148,False,,,に 記\n\n( し p 江\n\nー ま っ\n\nー っ\n\ng\n\n蠣\n\nで -、\n\n| ま\n\n毎 愚 -\n\nマ\n\nド た\n\n⑧\n\n_ ま\n\nd\n\n| ま コ\n
page_010_clahe_1.resized.rot90.tess.tile062.png,C:\Users\User\Downloads\OCR-Engine\ops\page_010_clahe_1.resized.rot90.tess.tile062.png,432324,True,,,
page_010_clahe_1.resized.rot90.tess.tile062.tess.txt,C:\Users\User\Downloads\OCR-Engine\ops\page_010_clahe_1.resized.rot90.tess.tile062.tess.txt,16,False,,,' 0\n\nド た\n
page_010_clahe_1.resized.rot90.tess.tile063.png,C:\Users\User\Downloads\OCR-Engine\ops\page_010_clahe_1.resized.rot90.tess.tile063.png,52818,True,,,
page_010_clahe_1.resized.rot90.tess.tile063.tess.txt,C:\Users\User\Downloads\OCR-Engine\ops\page_010_clahe_1.resized.rot90.tess.tile063.tess.txt,0,False,,,
page_010_clahe_1.resized.rot90.tess.tile064.png,C:\Users\User\Downloads\OCR-Engine\ops\page_010_clahe_1.resized.rot90.tess.tile064.png,27154,True,,,
page_010_clahe_1.resized.rot90.tess.tile064.tess.txt,C:\Users\User\Downloads\OCR-Engine\ops\page_010_clahe_1.resized.rot90.tess.tile064.tess.txt,0,False,,,
page_010_clahe_1.resized.rot90.tess.tile065.png,C:\Users\User\Downloads\OCR-Engine\ops\page_010_clahe_1.resized.rot90.tess.tile065.png,49990,True,,,
page_010_clahe_1.resized.rot90.tess.tile065.tess.txt,C:\Users\User\Downloads\OCR-Engine\ops\page_010_clahe_1.resized.rot90.tess.tile065.tess.txt,0,False,,,
page_010_clahe_1.resized.rot90.tess.tile066.png,C:\Users\User\Downloads\OCR-Engine\ops\page_010_clahe_1.resized.rot90.tess.tile066.png,9206,True,,,
page_010_clahe_1.resized.rot90.tess.tile066.tess.txt,C:\Users\User\Downloads\OCR-Engine\ops\page_010_clahe_1.resized.rot90.tess.tile066.tess.txt,0,False,,,
page_010_clahe_1.resized.rot90.tess.tile067.png,C:\Users\User\Downloads\OCR-Engine\ops\page_010_clahe_1.resized.rot90.tess.tile067.png,393291,True,,,
page_010_clahe_1.resized.rot90.tess.tile067.tess.txt,C:\Users\User\Downloads\OCR-Engine\ops\page_010_clahe_1.resized.rot90.tess.tile067.tess.txt,5,False,,,記\n
page_010_clahe_1.resized.rot90.tess.tile068.png,C:\Users\User\Downloads\OCR-Engine\ops\page_010_clahe_1.resized.rot90.tess.tile068.png,457780,True,,,
page_010_clahe_1.resized.rot90.tess.tile068.tess.txt,C:\Users\User\Downloads\OCR-Engine\ops\page_010_clahe_1.resized.rot90.tess.tile068.tess.txt,110,False,,,・ 蜀 K\n\nー と 進 森\n\n霞賽{\n\ng_ aaa ー m ー\n\n_ _ に ーー ニ ー ー 一 一\n\nー_ー\n
page_010_clahe_1.resized.rot90.tess.tile069.png,C:\Users\User\Downloads\OCR-Engine\ops\page_010_clahe_1.resized.rot90.tess.tile069.png,536641,True,,,
page_010_clahe_1.tess.psm11.clean.txt,C:\Users\User\Downloads\OCR-Engine\ops\page_010_clahe_1.tess.psm11.clean.txt,1281,False,,,"4. 轍 更 入 主 要 國 別 累 年 比 軽Values of Exports and Imports by P0==...鶴,1981 to19085( 輸入 )( 輝自 )Imports(mRilt T&NIL じ xhorts3 体1 位Rま1I31 俵2 儘ド_雷'I 1935′ ト円赤 Jammnns PAe aa TJ2eei虫 薬 民 電 じ Chin藍職 Kussia葉 吉 判"
page_010_clahe_1.tess.psm11.normalized.txt,C:\Users\User\Downloads\OCR-Engine\ops\page_010_clahe_1.tess.psm11.normalized.txt,1688,False,,,"④. 轍 更 入 主 要 國 別 累 年 比 軽\nValues of Exports and Imports by P0==…鶴, ⑲⑧① to ⑲0⑧⑤\n( 輸\n入 )\n( 輝\n自 )\nImports\n(mRil\nt T&NI\nL じ xhorts\n③ 体\n① 位\nR\nま ①\nI ③\n① 俵\n② 儘\nド\n_雷'\nI |\n⑲③⑤\n′ ト\n円\n赤 Jammn\nns PAe aa TJ②ee\ni\n虫 "
page_010_clahe_1.tess.psm11.txt,C:\Users\User\Downloads\OCR-Engine\ops\page_010_clahe_1.tess.psm11.txt,2001,False,,,"④. 轍 更 入 主 要 國 別 累 年 比 軽\n\nValues of Exports and Imports by P0==…鶴, ⑲⑧① to ⑲0⑧⑤\n\n( 輸\n\n入 )\n\n( 輝\n\n自 )\n\nImports\n\n(mRil\n\nt T&NI\n\nL じ xhorts\n\n③ 体\n\n① 位\n\nR\n\nま ①\n\nI ③\n\n① 俵\n\n② 儘\n\nド\n\n_雷'\n\nI |\n\n⑲③⑤\n\n′ ト\n\n円\n\n赤 Jam"
page_010_clahe_1.tess.tile000.png,C:\Users\User\Downloads\OCR-Engine\ops\page_010_clahe_1.tess.tile000.png,22523,True,,,
page_010_clahe_1.tess.tile000.tess.txt,C:\Users\User\Downloads\OCR-Engine\ops\page_010_clahe_1.tess.tile000.tess.txt,0,False,,,
page_010_clahe_1.tess.tile001.png,C:\Users\User\Downloads\OCR-Engine\ops\page_010_clahe_1.tess.tile001.png,71656,True,,,
page_010_clahe_1.tess.tile001.tess.txt,C:\Users\User\Downloads\OCR-Engine\ops\page_010_clahe_1.tess.tile001.tess.txt,11,False,,,&e\n\nゎ\n
page_010_clahe_1.tess.tile002.png,C:\Users\User\Downloads\OCR-Engine\ops\page_010_clahe_1.tess.tile002.png,29674,True,,,
page_010_clahe_1.tess.tile002.tess.txt,C:\Users\User\Downloads\OCR-Engine\ops\page_010_clahe_1.tess.tile002.tess.txt,0,False,,,
page_010_clahe_1.tess.tile003.png,C:\Users\User\Downloads\OCR-Engine\ops\page_010_clahe_1.tess.tile003.png,30822,True,,,
page_010_clahe_1.tess.tile003.tess.txt,C:\Users\User\Downloads\OCR-Engine\ops\page_010_clahe_1.tess.tile003.tess.txt,0,False,,,
page_010_clahe_1.tess.tile004.png,C:\Users\User\Downloads\OCR-Engine\ops\page_010_clahe_1.tess.tile004.png,31120,True,,,
page_010_clahe_1.tess.tile004.tess.txt,C:\Users\User\Downloads\OCR-Engine\ops\page_010_clahe_1.tess.tile004.tess.txt,0,False,,,
page_010_clahe_1.tess.tile005.png,C:\Users\User\Downloads\OCR-Engine\ops\page_010_clahe_1.tess.tile005.png,76988,True,,,
page_010_clahe_1.tess.tile005.tess.txt,C:\Users\User\Downloads\OCR-Engine\ops\page_010_clahe_1.tess.tile005.tess.txt,0,False,,,
page_010_clahe_1.tess.tile006.png,C:\Users\User\Downloads\OCR-Engine\ops\page_010_clahe_1.tess.tile006.png,29788,True,,,
page_010_clahe_1.tess.tile006.tess.txt,C:\Users\User\Downloads\OCR-Engine\ops\page_010_clahe_1.tess.tile006.tess.txt,0,False,,,
page_010_clahe_1.tess.tile007.png,C:\Users\User\Downloads\OCR-Engine\ops\page_010_clahe_1.tess.tile007.png,31227,True,,,
page_010_clahe_1.tess.tile007.tess.txt,C:\Users\User\Downloads\OCR-Engine\ops\page_010_clahe_1.tess.tile007.tess.txt,0,False,,,
page_010_clahe_1.tess.tile008.png,C:\Users\User\Downloads\OCR-Engine\ops\page_010_clahe_1.tess.tile008.png,30746,True,,,
page_010_clahe_1.tess.tile008.tess.txt,C:\Users\User\Downloads\OCR-Engine\ops\page_010_clahe_1.tess.tile008.tess.txt,0,False,,,
page_010_clahe_1.tess.tile009.png,C:\Users\User\Downloads\OCR-Engine\ops\page_010_clahe_1.tess.tile009.png,43092,True,,,
page_010_clahe_1.tess.tile009.tess.txt,C:\Users\User\Downloads\OCR-Engine\ops\page_010_clahe_1.tess.tile009.tess.txt,0,False,,,
page_010_clahe_1.tess.tile010.png,C:\Users\User\Downloads\OCR-Engine\ops\page_010_clahe_1.tess.tile010.png,13415,True,,,
page_010_clahe_1.tess.tile010.tess.txt,C:\Users\User\Downloads\OCR-Engine\ops\page_010_clahe_1.tess.tile010.tess.txt,0,False,,,
page_010_clahe_1.tess.tile011.png,C:\Users\User\Downloads\OCR-Engine\ops\page_010_clahe_1.tess.tile011.png,50268,True,,,
page_010_clahe_1.tess.tile011.tess.txt,C:\Users\User\Downloads\OCR-Engine\ops\page_010_clahe_1.tess.tile011.tess.txt,0,False,,,
page_010_clahe_1.tess.tile012.png,C:\Users\User\Downloads\OCR-Engine\ops\page_010_clahe_1.tess.tile012.png,98252,True,,,
page_010_clahe_1.tess.tile012.tess.txt,C:\Users\User\Downloads\OCR-Engine\ops\page_010_clahe_1.tess.tile012.tess.txt,0,False,,,
page_010_clahe_1.tess.tile013.png,C:\Users\User\Downloads\OCR-Engine\ops\page_010_clahe_1.tess.tile013.png,5335,True,,,
page_010_clahe_1.tess.tile013.tess.txt,C:\Users\User\Downloads\OCR-Engine\ops\page_010_clahe_1.tess.tile013.tess.txt,0,False,,,
page_010_clahe_1.tess.tile014.png,C:\Users\User\Downloads\OCR-Engine\ops\page_010_clahe_1.tess.tile014.png,7172,True,,,
page_010_clahe_1.tess.tile014.tess.txt,C:\Users\User\Downloads\OCR-Engine\ops\page_010_clahe_1.tess.tile014.tess.txt,0,False,,,
page_010_clahe_1.tess.tile015.png,C:\Users\User\Downloads\OCR-Engine\ops\page_010_clahe_1.tess.tile015.png,7050,True,,,
page_010_clahe_1.tess.tile015.tess.txt,C:\Users\User\Downloads\OCR-Engine\ops\page_010_clahe_1.tess.tile015.tess.txt,0,False,,,
page_010_clahe_1.tess.tile016.png,C:\Users\User\Downloads\OCR-Engine\ops\page_010_clahe_1.tess.tile016.png,128497,True,,,
page_010_clahe_1.tess.tile016.tess.txt,C:\Users\User\Downloads\OCR-Engine\ops\page_010_clahe_1.tess.tile016.tess.txt,9,False,,,③ ①\n
page_010_clahe_1.tess.tile017.png,C:\Users\User\Downloads\OCR-Engine\ops\page_010_clahe_1.tess.tile017.png,224192,True,,,
page_010_clahe_1.tess.tile017.tess.txt,C:\Users\User\Downloads\OCR-Engine\ops\page_010_clahe_1.tess.tile017.tess.txt,139,False,,,ー ニ ーーーーーーーーー==\n\n④. 轍 出\n\nValues of Exports\n\n( 箱\n\n入 )\n\nImports\n\n& ④\n\n? 蓋\n\n① 併\n\nR\n
page_010_clahe_1.tess.tile018.png,C:\Users\User\Downloads\OCR-Engine\ops\page_010_clahe_1.tess.tile018.png,278846,True,,,
page_010_clahe_1.tess.tile018.tess.txt,C:\Users\User\Downloads\OCR-Engine\ops\page_010_clahe_1.tess.tile018.tess.txt,136,False,,,ー-\n\n圧 入 主 要 國 別 累\n\nports and Iimports by F0=…「i'\n\n悔入)\n\n佐\n\n陳 ①\n\n⑮ で\n\n⑪\n\nト . M 繰\n
page_010_clahe_1.tess.tile019.png,C:\Users\User\Downloads\OCR-Engine\ops\page_010_clahe_1.tess.tile019.png,244263,True,,,
page_010_clahe_1.tess.tile019.tess.txt,C:\Users\User\Downloads\OCR-Engine\ops\page_010_clahe_1.tess.tile019.tess.txt,120,False,,,"| 累 年 比 秘\n\nountries, ①0⑧① {0 ①0①⑤\n\n( 輝\n\n自 )\n\nExhorts\n\n⑪\n\n⑨\n\n① 傳\n\n? 磋\n"
page_010_clahe_1.tess.tile020.png,C:\Users\User\Downloads\OCR-Engine\ops\page_010_clahe_1.tess.tile020.png,83592,True,,,
page_010_clahe_1.tess.tile020.tess.txt,C:\Users\User\Downloads\OCR-Engine\ops\page_010_clahe_1.tess.tile020.tess.txt,9,False,,,」 ョ\n
page_010_clahe_1.tess.tile021.png,C:\Users\User\Downloads\OCR-Engine\ops\page_010_clahe_1.tess.tile021.png,18867,True,,,
page_010_clahe_1.tess.tile021.tess.txt,C:\Users\User\Downloads\OCR-Engine\ops\page_010_clahe_1.tess.tile021.tess.txt,0,False,,,
page_010_clahe_1.tess.tile022.png,C:\Users\User\Downloads\OCR-Engine\ops\page_010_clahe_1.tess.tile022.png,65962,True,,,
page_010_clahe_1.tess.tile022.tess.txt,C:\Users\User\Downloads\OCR-Engine\ops\page_010_clahe_1.tess.tile022.tess.txt,3,False,,,|\n
page_010_clahe_1.tess.tile023.png,C:\Users\User\Downloads\OCR-Engine\ops\page_010_clahe_1.tess.tile023.png,100847,True,,,
page_010_clahe_1.tess.tile023.tess.txt,C:\Users\User\Downloads\OCR-Engine\ops\page_010_clahe_1.tess.tile023.tess.txt,0,False,,,
page_010_clahe_1.tess.tile024.png,C:\Users\User\Downloads\OCR-Engine\ops\page_010_clahe_1.tess.tile024.png,7435,True,,,
page_010_clahe_1.tess.tile024.tess.txt,C:\Users\User\Downloads\OCR-Engine\ops\page_010_clahe_1.tess.tile024.tess.txt,0,False,,,
page_010_clahe_1.tess.tile025.png,C:\Users\User\Downloads\OCR-Engine\ops\page_010_clahe_1.tess.tile025.png,6732,True,,,
page_010_clahe_1.tess.tile025.tess.txt,C:\Users\User\Downloads\OCR-Engine\ops\page_010_clahe_1.tess.tile025.tess.txt,0,False,,,
page_010_clahe_1.tess.tile026.png,C:\Users\User\Downloads\OCR-Engine\ops\page_010_clahe_1.tess.tile026.png,7360,True,,,
page_010_clahe_1.tess.tile026.tess.txt,C:\Users\User\Downloads\OCR-Engine\ops\page_010_clahe_1.tess.tile026.tess.txt,0,False,,,
page_010_clahe_1.tess.tile027.png,C:\Users\User\Downloads\OCR-Engine\ops\page_010_clahe_1.tess.tile027.png,155830,True,,,
page_010_clahe_1.tess.tile027.tess.txt,C:\Users\User\Downloads\OCR-Engine\ops\page_010_clahe_1.tess.tile027.tess.txt,8,False,,,ー『\n
page_010_clahe_1.tess.tile028.png,C:\Users\User\Downloads\OCR-Engine\ops\page_010_clahe_1.tess.tile028.png,213355,True,,,
page_010_clahe_1.tess.tile028.tess.txt,C:\Users\User\Downloads\OCR-Engine\ops\page_010_clahe_1.tess.tile028.tess.txt,5,False,,,崎\n
page_010_clahe_1.tess.tile029.png,C:\Users\User\Downloads\OCR-Engine\ops\page_010_clahe_1.tess.tile029.png,514873,True,,,
page_010_clahe_1.tess.tile029.tess.txt,C:\Users\User\Downloads\OCR-Engine\ops\page_010_clahe_1.tess.tile029.tess.txt,381,False,,,"【(FamHil\n\nt TRI\n\n⑤ $ ①\n\n⑲③⑤\n\n⑨\n\nl\n\n① ① I\n\nて\n\nH\n\nト コ 岬】〟""\n\n[\n\n中 湯 民 隆 China\n\n藤\n\n聴 Kussia\n\n|\n\nよ\n\n` 董 呈 判 (t Imtuin\n\nFEaEI\n\nに |\n\n邉 Ccrmany\n\n) 北 非 向 絵 崎 り 、 ⑤. 入\n\n北\n\n志 (Nhcrs\n\n慶\n\n⑲③④\n\n""\n\n[ ォ\n\n|\n\nI l ①\n\n. "
page_010_clahe_1.tess.tile030.png,C:\Users\User\Downloads\OCR-Engine\ops\page_010_clahe_1.tess.tile030.png,402808,True,,,
page_010_clahe_1.tess.tile030.tess.txt,C:\Users\User\Downloads\OCR-Engine\ops\page_010_clahe_1.tess.tile030.tess.txt,217,False,,,"】\n\nt TRIWi\n\nSxlorts\n\n① ③ ⑤\n\n① 傳\n\n② 儘\n\ni 江\n\n【〝ー F「_っ】」ー"" 、\n\n」\n\nS\n\n:{_ は\n\nい 吉 は |\n\nk\n\nキ ス ト そ t\n\nQr て ect\n\nR een\n\na い\n\nC きW\n"
page_010_clahe_1.tess.tile031.png,C:\Users\User\Downloads\OCR-Engine\ops\page_010_clahe_1.tess.tile031.png,103671,True,,,
page_010_clahe_1.tess.tile031.tess.txt,C:\Users\User\Downloads\OCR-Engine\ops\page_010_clahe_1.tess.tile031.tess.txt,5,False,,,‥\n
page_010_clahe_1.tess.tile032.png,C:\Users\User\Downloads\OCR-Engine\ops\page_010_clahe_1.tess.tile032.png,13759,True,,,
page_010_clahe_1.tess.tile032.tess.txt,C:\Users\User\Downloads\OCR-Engine\ops\page_010_clahe_1.tess.tile032.tess.txt,0,False,,,
page_010_clahe_1.tess.tile033.png,C:\Users\User\Downloads\OCR-Engine\ops\page_010_clahe_1.tess.tile033.png,91618,True,,,
page_010_clahe_1.tess.tile033.tess.txt,C:\Users\User\Downloads\OCR-Engine\ops\page_010_clahe_1.tess.tile033.tess.txt,0,False,,,
page_010_clahe_1.tess.tile034.png,C:\Users\User\Downloads\OCR-Engine\ops\page_010_clahe_1.tess.tile034.png,95128,True,,,
page_010_clahe_1.tess.tile034.tess.txt,C:\Users\User\Downloads\OCR-Engine\ops\page_010_clahe_1.tess.tile034.tess.txt,0,False,,,
page_010_clahe_1.tess.tile035.png,C:\Users\User\Downloads\OCR-Engine\ops\page_010_clahe_1.tess.tile035.png,6325,True,,,
page_010_clahe_1.tess.tile035.tess.txt,C:\Users\User\Downloads\OCR-Engine\ops\page_010_clahe_1.tess.tile035.tess.txt,0,False,,,
page_010_clahe_1.tess.tile036.png,C:\Users\User\Downloads\OCR-Engine\ops\page_010_clahe_1.tess.tile036.png,8684,True,,,
page_010_clahe_1.tess.tile036.tess.txt,C:\Users\User\Downloads\OCR-Engine\ops\page_010_clahe_1.tess.tile036.tess.txt,0,False,,,
page_010_clahe_1.tess.tile037.png,C:\Users\User\Downloads\OCR-Engine\ops\page_010_clahe_1.tess.tile037.png,7315,True,,,
page_010_clahe_1.tess.tile037.tess.txt,C:\Users\User\Downloads\OCR-Engine\ops\page_010_clahe_1.tess.tile037.tess.txt,0,False,,,
page_010_clahe_1.tess.tile038.png,C:\Users\User\Downloads\OCR-Engine\ops\page_010_clahe_1.tess.tile038.png,154517,True,,,
page_010_clahe_1.tess.tile038.tess.txt,C:\Users\User\Downloads\OCR-Engine\ops\page_010_clahe_1.tess.tile038.tess.txt,5,False,,,雛\n
page_010_clahe_1.tess.tile039.png,C:\Users\User\Downloads\OCR-Engine\ops\page_010_clahe_1.tess.tile039.png,136202,True,,,
page_010_clahe_1.tess.tile039.tess.txt,C:\Users\User\Downloads\OCR-Engine\ops\page_010_clahe_1.tess.tile039.tess.txt,28,False,,,閾\n\n国 国 国 國 門\n
page_010_clahe_1.tess.tile040.png,C:\Users\User\Downloads\OCR-Engine\ops\page_010_clahe_1.tess.tile040.png,540333,True,,,
page_010_clahe_1.tess.tile040.tess.txt,C:\Users\User\Downloads\OCR-Engine\ops\page_010_clahe_1.tess.tile040.tess.txt,322,False,,,"① J W\n\n[ ォ\n\nー\n\n""\n\n本 mn\n\n車 華 医 岡 China\n\n艸\n\n轟 Russi\n\n|\n\n芦 向 剪 tt.liriktin\n\nF\n\nu\n\n①\n\n希\n\n迷 Gcnnany\n\n沼 紅 食 絣 崎 U. ⑤ ん ョ\n\n|\n\n` 難\n\n他 (hcrs\n\n⑲③③\n\n囁\n\nホ ネ mn\n\n嫌髏轟鷹me\n\n軸 Ruxsin\n\nl\n\n` 荊 杏 利 CLitain\n\n|\n"
page_010_clahe_1.tess.tile041.png,C:\Users\User\Downloads\OCR-Engine\ops\page_010_clahe_1.tess.tile041.png,364212,True,,,
page_010_clahe_1.tess.tile041.tess.txt,C:\Users\User\Downloads\OCR-Engine\ops\page_010_clahe_1.tess.tile041.tess.txt,231,False,,,"ま au+\n\nA た す で\n\nr n\n\nt\n\nご ①\n\nT mn そ て て\n\nい\n\n啓\n\n①\n\n⑧LPn\n\n詞\n\n侵 て AA\n\nャ e\n\n④\n\n①\n\nk P\n\nH て A\n\nま す せ る\n\nr eat\n\nB\n\nr\n\nい f\n\nえ A __「~~_〔,\n"
page_010_clahe_1.tess.tile042.png,C:\Users\User\Downloads\OCR-Engine\ops\page_010_clahe_1.tess.tile042.png,93272,True,,,
page_010_clahe_1.tess.tile042.tess.txt,C:\Users\User\Downloads\OCR-Engine\ops\page_010_clahe_1.tess.tile042.tess.txt,10,False,,,目\n\n|\n
page_010_clahe_1.tess.tile043.png,C:\Users\User\Downloads\OCR-Engine\ops\page_010_clahe_1.tess.tile043.png,11921,True,,,
page_010_clahe_1.tess.tile043.tess.txt,C:\Users\User\Downloads\OCR-Engine\ops\page_010_clahe_1.tess.tile043.tess.txt,0,False,,,
page_010_clahe_1.tess.tile044.png,C:\Users\User\Downloads\OCR-Engine\ops\page_010_clahe_1.tess.tile044.png,117413,True,,,
page_010_clahe_1.tess.tile044.tess.txt,C:\Users\User\Downloads\OCR-Engine\ops\page_010_clahe_1.tess.tile044.tess.txt,8,False,,,|\n\n|\n
page_010_clahe_1.tess.tile045.png,C:\Users\User\Downloads\OCR-Engine\ops\page_010_clahe_1.tess.tile045.png,114933,True,,,
page_010_clahe_1.tess.tile045.tess.txt,C:\Users\User\Downloads\OCR-Engine\ops\page_010_clahe_1.tess.tile045.tess.txt,8,False,,,|\n\n|\n
page_010_clahe_1.tess.tile046.png,C:\Users\User\Downloads\OCR-Engine\ops\page_010_clahe_1.tess.tile046.png,10095,True,,,
page_010_clahe_1.tess.tile046.tess.txt,C:\Users\User\Downloads\OCR-Engine\ops\page_010_clahe_1.tess.tile046.tess.txt,0,False,,,
page_010_clahe_1.tess.tile047.png,C:\Users\User\Downloads\OCR-Engine\ops\page_010_clahe_1.tess.tile047.png,7141,True,,,
page_010_clahe_1.tess.tile047.tess.txt,C:\Users\User\Downloads\OCR-Engine\ops\page_010_clahe_1.tess.tile047.tess.txt,0,False,,,
page_010_clahe_1.tess.tile048.png,C:\Users\User\Downloads\OCR-Engine\ops\page_010_clahe_1.tess.tile048.png,11352,True,,,
page_010_clahe_1.tess.tile048.tess.txt,C:\Users\User\Downloads\OCR-Engine\ops\page_010_clahe_1.tess.tile048.tess.txt,0,False,,,
page_010_clahe_1.tess.tile049.png,C:\Users\User\Downloads\OCR-Engine\ops\page_010_clahe_1.tess.tile049.png,167399,True,,,
page_010_clahe_1.tess.tile049.tess.txt,C:\Users\User\Downloads\OCR-Engine\ops\page_010_clahe_1.tess.tile049.tess.txt,6,False,,,_縄\n
page_010_clahe_1.tess.tile050.png,C:\Users\User\Downloads\OCR-Engine\ops\page_010_clahe_1.tess.tile050.png,157346,True,,,
page_010_clahe_1.tess.tile050.tess.txt,C:\Users\User\Downloads\OCR-Engine\ops\page_010_clahe_1.tess.tile050.tess.txt,5,False,,,川\n
page_010_clahe_1.tess.tile051.png,C:\Users\User\Downloads\OCR-Engine\ops\page_010_clahe_1.tess.tile051.png,605264,True,,,
page_010_clahe_1.tess.tile051.tess.txt,C:\Users\User\Downloads\OCR-Engine\ops\page_010_clahe_1.tess.tile051.tess.txt,400,False,,,ー 華 病 森 n\n\n蓋\n\n軸 Ruxsin\n\n` 苑 杏 利 CLiintain 目\n\n①\n\n翁\n\n逸 Gerumany\n\nし ネ 木 付 系 国 D ⑤\n\n兄\n\n饂 ONhcrs\n\n⑲①②\n\n囁\n\n本 m\n\nー\n\nー\n\nに ま ま\n\n‥'_一\n\n'・__'\n\nー 田 葺 踏 阿 China\n\nrrx ⑧\n\n* 悔\n\n纂 Russh\n\n向 英 害 呂 Cliicin 暴\n\n| '~\n\n剣\n\n警 
page_010_clahe_1.tess.tile052.png,C:\Users\User\Downloads\OCR-Engine\ops\page_010_clahe_1.tess.tile052.png,376704,True,,,
page_010_clahe_1.tess.tile052.tess.txt,C:\Users\User\Downloads\OCR-Engine\ops\page_010_clahe_1.tess.tile052.tess.txt,199,False,,,や ャ ・\n\n②mbrteT\n\nTT r\n\nR\n\nW\n\na ヵ\n\nト ド r\n\ng\n\nm\n\nA が\n\n′ー_'‡\n\nす cT\n\nD』\n\nK\n\nP W wt\n\nC e\n\nエ\n\nt\n\nl\n\n0\n\nCg①\n\nョ ャ\n\nk\n\ng\n\n| |\n
page_010_clahe_1.tess.tile053.png,C:\Users\User\Downloads\OCR-Engine\ops\page_010_clahe_1.tess.tile053.png,105778,True,,,
page_010_clahe_1.tess.tile053.tess.txt,C:\Users\User\Downloads\OCR-Engine\ops\page_010_clahe_1.tess.tile053.tess.txt,10,False,,,W\n\n川\n
page_010_clahe_1.tess.tile054.png,C:\Users\User\Downloads\OCR-Engine\ops\page_010_clahe_1.tess.tile054.png,12039,True,,,
page_010_clahe_1.tess.tile054.tess.txt,C:\Users\User\Downloads\OCR-Engine\ops\page_010_clahe_1.tess.tile054.tess.txt,0,False,,,
page_010_clahe_1.tess.tile055.png,C:\Users\User\Downloads\OCR-Engine\ops\page_010_clahe_1.tess.tile055.png,119478,True,,,
page_010_clahe_1.tess.tile055.tess.txt,C:\Users\User\Downloads\OCR-Engine\ops\page_010_clahe_1.tess.tile055.tess.txt,0,False,,,
page_010_clahe_1.tess.tile056.png,C:\Users\User\Downloads\OCR-Engine\ops\page_010_clahe_1.tess.tile056.png,113599,True,,,
page_010_clahe_1.tess.tile056.tess.txt,C:\Users\User\Downloads\OCR-Engine\ops\page_010_clahe_1.tess.tile056.tess.txt,0,False,,,
page_010_clahe_1.tess.tile057.png,C:\Users\User\Downloads\OCR-Engine\ops\page_010_clahe_1.tess.tile057.png,10295,True,,,
page_010_clahe_1.tess.tile057.tess.txt,C:\Users\User\Downloads\OCR-Engine\ops\page_010_clahe_1.tess.tile057.tess.txt,0,False,,,
page_010_clahe_1.tess.tile058.png,C:\Users\User\Downloads\OCR-Engine\ops\page_010_clahe_1.tess.tile058.png,5365,True,,,
page_010_clahe_1.tess.tile058.tess.txt,C:\Users\User\Downloads\OCR-Engine\ops\page_010_clahe_1.tess.tile058.tess.txt,0,False,,,
page_010_clahe_1.tess.tile059.png,C:\Users\User\Downloads\OCR-Engine\ops\page_010_clahe_1.tess.tile059.png,7013,True,,,
page_010_clahe_1.tess.tile059.tess.txt,C:\Users\User\Downloads\OCR-Engine\ops\page_010_clahe_1.tess.tile059.tess.txt,0,False,,,
page_010_clahe_1.tess.tile060.png,C:\Users\User\Downloads\OCR-Engine\ops\page_010_clahe_1.tess.tile060.png,165668,True,,,
page_010_clahe_1.tess.tile060.tess.txt,C:\Users\User\Downloads\OCR-Engine\ops\page_010_clahe_1.tess.tile060.tess.txt,9,False,,,③0⑥\n
page_010_clahe_1.tess.tile061.png,C:\Users\User\Downloads\OCR-Engine\ops\page_010_clahe_1.tess.tile061.png,182902,True,,,
page_010_clahe_1.tess.tile061.tess.txt,C:\Users\User\Downloads\OCR-Engine\ops\page_010_clahe_1.tess.tile061.tess.txt,24,False,,,旭 旧 目\n\n川 門\n
page_010_clahe_1.tess.tile062.png,C:\Users\User\Downloads\OCR-Engine\ops\page_010_clahe_1.tess.tile062.png,609533,True,,,
page_010_clahe_1.tess.tile062.tess.txt,C:\Users\User\Downloads\OCR-Engine\ops\page_010_clahe_1.tess.tile062.tess.txt,508,False,,,"""r~ 翼 禰 "" 体 ⑧ _=ー…=ー\n\n【「{\n\n剣\n\n警 Gcmuany\n\n_匙璽_・縄〝 字 来 食 栄 綱 U. S A ま\n\nt\n\n共\n\n他 (thcrs\n\n⑲③①\n\n日\n\nよ ド い k が\n\n!\n\nI\n\n|\n\n本 hhmm\n\ne\n\nー\n\n` 牛 蓉 民 国 China 、\n\n⑯ な 芋\n\nよ 奮\n\n輝 Russin\n\nD Lゝ\n\n` 茉 安 利 CLBrikiin 鮑\n\nは |\n\n"
page_010_clahe_1.tess.tile063.png,C:\Users\User\Downloads\OCR-Engine\ops\page_010_clahe_1.tess.tile063.png,438951,True,,,
page_010_clahe_1.tess.tile063.tess.txt,C:\Users\User\Downloads\OCR-Engine\ops\page_010_clahe_1.tess.tile063.tess.txt,247,False,,,"ド )\n\nC\n\nー""_縄\n\nよ ド ker 糾 向\n\nC\n\nーj…\n\n⑪\n\nい u ]~ー\n\na が r\n\nて e\n\n[ RR\n\n【 い\n\n向 縄醸ー'\n\nゃ ナ か り\n\n( 約\n\nQ\n\nマ も ま 【`\n\n山\n\nー。 恥 關\n\nI\n\n?Q\n\n弧\n\nF 、\n"
page_010_clahe_1.tess.tile064.png,C:\Users\User\Downloads\OCR-Engine\ops\page_010_clahe_1.tess.tile064.png,123239,True,,,
page_010_clahe_1.tess.tile064.tess.txt,C:\Users\User\Downloads\OCR-Engine\ops\page_010_clahe_1.tess.tile064.tess.txt,17,False,,,相\n\nW\n\n言\n
page_010_clahe_1.tess.tile065.png,C:\Users\User\Downloads\OCR-Engine\ops\page_010_clahe_1.tess.tile065.png,5023,True,,,
page_010_clahe_1.tess.tile065.tess.txt,C:\Users\User\Downloads\OCR-Engine\ops\page_010_clahe_1.tess.tile065.tess.txt,0,False,,,
page_010_clahe_1.tess.tile066.png,C:\Users\User\Downloads\OCR-Engine\ops\page_010_clahe_1.tess.tile066.png,92817,True,,,
page_010_clahe_1.tess.tile066.tess.txt,C:\Users\User\Downloads\OCR-Engine\ops\page_010_clahe_1.tess.tile066.tess.txt,7,False,,,ョ a\n
page_010_clahe_1.tess.tile067.png,C:\Users\User\Downloads\OCR-Engine\ops\page_010_clahe_1.tess.tile067.png,103096,True,,,
page_010_clahe_1.tess.tile067.tess.txt,C:\Users\User\Downloads\OCR-Engine\ops\page_010_clahe_1.tess.tile067.tess.txt,7,False,,,ョ a\n
page_010_clahe_1.tess.tile068.png,C:\Users\User\Downloads\OCR-Engine\ops\page_010_clahe_1.tess.tile068.png,26118,True,,,
page_010_clahe_1.tess.tile068.tess.txt,C:\Users\User\Downloads\OCR-Engine\ops\page_010_clahe_1.tess.tile068.tess.txt,0,False,,,
page_010_clahe_1.tess.tile069.png,C:\Users\User\Downloads\OCR-Engine\ops\page_010_clahe_1.tess.tile069.png,21450,True,,,
page_010_clahe_1.tess.tile069.tess.txt,C:\Users\User\Downloads\OCR-Engine\ops\page_010_clahe_1.tess.tile069.tess.txt,0,False,,,
page_010_clahe_1.tess.tile070.png,C:\Users\User\Downloads\OCR-Engine\ops\page_010_clahe_1.tess.tile070.png,28079,True,,,
page_010_clahe_1.tess.tile070.tess.txt,C:\Users\User\Downloads\OCR-Engine\ops\page_010_clahe_1.tess.tile070.tess.txt,0,False,,,
page_010_clahe_1.tess.tile071.png,C:\Users\User\Downloads\OCR-Engine\ops\page_010_clahe_1.tess.tile071.png,146738,True,,,
page_010_clahe_1.tess.tile071.tess.txt,C:\Users\User\Downloads\OCR-Engine\ops\page_010_clahe_1.tess.tile071.tess.txt,37,False,,,③0⑥\n\nー ーーーー 一 一\n
page_010_clahe_1.tess.tile072.png,C:\Users\User\Downloads\OCR-Engine\ops\page_010_clahe_1.tess.tile072.png,119681,True,,,
page_010_clahe_1.tess.tile072.tess.txt,C:\Users\User\Downloads\OCR-Engine\ops\page_010_clahe_1.tess.tile072.tess.txt,52,False,,,皿\n\n0\n\n|\n\nI\n\n⑤\n\nし\n\nー\n\nー ー\n
page_010_clahe_1.tess.tile073.png,C:\Users\User\Downloads\OCR-Engine\ops\page_010_clahe_1.tess.tile073.png,194459,True,,,
page_010_clahe_1.tess.tile073.tess.txt,C:\Users\User\Downloads\OCR-Engine\ops\page_010_clahe_1.tess.tile073.tess.txt,97,False,,,誌 d S 。\n\nにa\n\n用\n\n他 (thcrs\n\n0\n\n⑤0 ⑳ I\n\n①0 ⑳\n\nMNiillinn\n\nNMilfnn\n
page_010_clahe_1.tess.tile074.png,C:\Users\User\Downloads\OCR-Engine\ops\page_010_clahe_1.tess.tile074.png,158629,True,,,
page_010_clahe_1.tess.tile074.tess.txt,C:\Users\User\Downloads\OCR-Engine\ops\page_010_clahe_1.tess.tile074.tess.txt,71,False,,,⑧ い 日 よ\n\nー0 叩 恥\n\nI\n\n?Ul\n\nR\n\ninm\n\nmm ニ ー\n
page_010_clahe_1.tess.tile075.png,C:\Users\User\Downloads\OCR-Engine\ops\page_010_clahe_1.tess.tile075.png,88214,True,,,
page_010_clahe_1.tess.tile075.tess.txt,C:\Users\User\Downloads\OCR-Engine\ops\page_010_clahe_1.tess.tile075.tess.txt,5,False,,,ー\n
page_010_clahe_1.tess.tile076.png,C:\Users\User\Downloads\OCR-Engine\ops\page_010_clahe_1.tess.tile076.png,11265,True,,,
page_010_clahe_1.tess.tile076.tess.txt,C:\Users\User\Downloads\OCR-Engine\ops\page_010_clahe_1.tess.tile076.tess.txt,0,False,,,
page_010_clahe_1.tess.tile077.png,C:\Users\User\Downloads\OCR-Engine\ops\page_010_clahe_1.tess.tile077.png,9912,True,,,
page_010_clahe_1.tess.tile077.tess.txt,C:\Users\User\Downloads\OCR-Engine\ops\page_010_clahe_1.tess.tile077.tess.txt,5,False,,,ォ\n
page_010_clahe_1.tess.tile078.png,C:\Users\User\Downloads\OCR-Engine\ops\page_010_clahe_1.tess.tile078.png,14033,True,,,
page_010_clahe_1.tess.tile078.tess.txt,C:\Users\User\Downloads\OCR-Engine\ops\page_010_clahe_1.tess.tile078.tess.txt,0,False,,,
page_010_clahe_1.tess.tile079.png,C:\Users\User\Downloads\OCR-Engine\ops\page_010_clahe_1.tess.tile079.png,7593,True,,,
page_010_clahe_1.tess.tile079.tess.txt,C:\Users\User\Downloads\OCR-Engine\ops\page_010_clahe_1.tess.tile079.tess.txt,17,False,,,里\n\nド\n\nR\n
page_010_clahe_1.tess.tile080.png,C:\Users\User\Downloads\OCR-Engine\ops\page_010_clahe_1.tess.tile080.png,8440,True,,,
page_010_clahe_1.tess.tile080.tess.txt,C:\Users\User\Downloads\OCR-Engine\ops\page_010_clahe_1.tess.tile080.tess.txt,0,False,,,
page_010_clahe_1.tess.tile081.png,C:\Users\User\Downloads\OCR-Engine\ops\page_010_clahe_1.tess.tile081.png,15960,True,,,
page_010_clahe_1.tess.tile081.tess.txt,C:\Users\User\Downloads\OCR-Engine\ops\page_010_clahe_1.tess.tile081.tess.txt,0,False,,,
page_010_clahe_1.tess.tile082.png,C:\Users\User\Downloads\OCR-Engine\ops\page_010_clahe_1.tess.tile082.png,7384,True,,,
page_010_clahe_1.tess.tile082.tess.txt,C:\Users\User\Downloads\OCR-Engine\ops\page_010_clahe_1.tess.tile082.tess.txt,0,False,,,
page_010_clahe_1.tess.tile083.png,C:\Users\User\Downloads\OCR-Engine\ops\page_010_clahe_1.tess.tile083.png,17521,True,,,
page_010_clahe_1.tess.tile083.tess.txt,C:\Users\User\Downloads\OCR-Engine\ops\page_010_clahe_1.tess.tile083.tess.txt,10,False,,,ピ\n\n#\n
page_010_clahe_1.tess.tile084.png,C:\Users\User\Downloads\OCR-Engine\ops\page_010_clahe_1.tess.tile084.png,15464,True,,,
page_010_clahe_1.tess.tile084.tess.txt,C:\Users\User\Downloads\OCR-Engine\ops\page_010_clahe_1.tess.tile084.tess.txt,0,False,,,
page_010_clahe_1.tess.tile085.png,C:\Users\User\Downloads\OCR-Engine\ops\page_010_clahe_1.tess.tile085.png,90577,True,,,
page_010_clahe_1.tess.tile085.tess.txt,C:\Users\User\Downloads\OCR-Engine\ops\page_010_clahe_1.tess.tile085.tess.txt,163,False,,,P蠣 ②\n\nし _~L ノ\n\n入 、 |\n\nて シ ー\n\nョ ョ\n\ne\n\nさ E\n\nFca\n\n」・\n\n[ 託\n\nト ー ド\n\nl\n\nす\n\nこ ご 【\n\n和 *\n\n'鱒\n
page_010_clahe_1.tess.tile086.png,C:\Users\User\Downloads\OCR-Engine\ops\page_010_clahe_1.tess.tile086.png,228992,True,,,
page_010_clahe_1.tess.tile086.tess.txt,C:\Users\User\Downloads\OCR-Engine\ops\page_010_clahe_1.tess.tile086.tess.txt,477,False,,,"に\n\nャ\n\n【 に\n\nし に 逸 に\n\nR e\n\nー\n\nC\n\np\n\nし\n\n'・~_縄\n\nー ま\n\nー\n\n〕{\n\n=~{ L\n\nト S\n\n①\n\nF キ\n\n・縄ヾ\n\n,・\n\n縄縄縄 ゃ\n\nド ま で 」\n\nu e\n\nhe\n\nョ a\n\nStxe\n\n',~ 間\n\n・~-\n\n[\n\n・ [\n\nミ ま\n\nャ +ー ー\n\n目 哉 R n\n\nい か 祭 に れ 旅 -\n\nー ル ー エ ト ー ム ー 一 -\n\nA"
page_010_clahe_1.tess.tile087.png,C:\Users\User\Downloads\OCR-Engine\ops\page_010_clahe_1.tess.tile087.png,114586,True,,,
page_010_clahe_1.tess.tile087.tess.txt,C:\Users\User\Downloads\OCR-Engine\ops\page_010_clahe_1.tess.tile087.tess.txt,263,False,,,ー\n\nF l\n\nじ\n\n) 梨 a\n\na\n\n縄}_′~\n\nー ミ H\n\n'〟・\n\n縄ノー\n\n〈 く\n\nさ\n\nは\n\n_~ー\n\nョ m マ\n\n` 郡 に\n\nト b\n\n[\n\nミ ま\n\nキ\n\nし ー に ょ ー ド ー\n\nー 一\n\nよ う\n\nマ ー ョ\n\n① ①e 詣 i\n
page_010_clahe_1.tess.tiled.psm11.clean.txt,C:\Users\User\Downloads\OCR-Engine\ops\page_010_clahe_1.tess.tiled.psm11.clean.txt,2663,False,,,"&eゎ31ー ニ ーーーーーーーーー=4. 轍 出Values of Exports( 箱入 )Imports&4? 蓋1 併Rー-圧 入 主 要 國 別 累ports and Iimports by F0=...「i'悔入)佐陳115 で11ト . M 繰| 累 年 比 秘ountries,1081 01015( 輝自 )Exhorts1191 傳? 磋」 ョ|ー『崎【(FamHilt TRI5"
page_010_clahe_1.tess.tiled.psm11.normalized.txt,C:\Users\User\Downloads\OCR-Engine\ops\page_010_clahe_1.tess.tiled.psm11.normalized.txt,3599,False,,,"&e\nゎ\n③ ①\nー ニ ーーーーーーーーー==\n④. 轍 出\nValues of Exports\n( 箱\n入 )\nImports\n& ④\n? 蓋\n① 併\nR\nー-\n圧 入 主 要 國 別 累\nports and Iimports by F0=…「i'\n悔入)\n佐\n陳 ①\n⑮ で\n⑪\nト . M 繰\n| 累 年 比 秘\nountries, ①0⑧① {0 ①0①⑤\n( 輝\n自 )\nExhorts\n"
page_010_clahe_1.tess.tiled.psm11.txt,C:\Users\User\Downloads\OCR-Engine\ops\page_010_clahe_1.tess.tiled.psm11.txt,4289,False,,,"&e\n\nゎ\n③ ①\nー ニ ーーーーーーーーー==\n\n④. 轍 出\n\nValues of Exports\n\n( 箱\n\n入 )\n\nImports\n\n& ④\n\n? 蓋\n\n① 併\n\nR\nー-\n\n圧 入 主 要 國 別 累\n\nports and Iimports by F0=…「i'\n\n悔入)\n\n佐\n\n陳 ①\n\n⑮ で\n\n⑪\n\nト . M 繰\n| 累 年 比 秘\n\nountries, ①0⑧① {0 ①0"
page_010_clahe_1.tile000.png,C:\Users\User\Downloads\OCR-Engine\ops\page_010_clahe_1.tile000.png,22523,True,,,
page_010_clahe_1.tile000.ppocr.txt,C:\Users\User\Downloads\OCR-Engine\ops\page_010_clahe_1.tile000.ppocr.txt,0,False,,,
page_010_clahe_1.tile001.png,C:\Users\User\Downloads\OCR-Engine\ops\page_010_clahe_1.tile001.png,71656,True,,,
page_010_clahe_1.tile001.ppocr.txt,C:\Users\User\Downloads\OCR-Engine\ops\page_010_clahe_1.tile001.ppocr.txt,0,False,,,
page_010_clahe_1.tile002.png,C:\Users\User\Downloads\OCR-Engine\ops\page_010_clahe_1.tile002.png,29674,True,,,
page_010_clahe_1.tile002.ppocr.txt,C:\Users\User\Downloads\OCR-Engine\ops\page_010_clahe_1.tile002.ppocr.txt,0,False,,,
page_010_clahe_1.tile003.png,C:\Users\User\Downloads\OCR-Engine\ops\page_010_clahe_1.tile003.png,30822,True,,,
page_010_clahe_1.tile003.ppocr.txt,C:\Users\User\Downloads\OCR-Engine\ops\page_010_clahe_1.tile003.ppocr.txt,0,False,,,
page_010_clahe_1.tile004.png,C:\Users\User\Downloads\OCR-Engine\ops\page_010_clahe_1.tile004.png,31120,True,,,
page_010_clahe_1.tile004.ppocr.txt,C:\Users\User\Downloads\OCR-Engine\ops\page_010_clahe_1.tile004.ppocr.txt,0,False,,,
page_010_clahe_1.tile005.png,C:\Users\User\Downloads\OCR-Engine\ops\page_010_clahe_1.tile005.png,76988,True,,,
page_010_clahe_1.tile005.ppocr.txt,C:\Users\User\Downloads\OCR-Engine\ops\page_010_clahe_1.tile005.ppocr.txt,0,False,,,
page_010_clahe_1.tile006.png,C:\Users\User\Downloads\OCR-Engine\ops\page_010_clahe_1.tile006.png,29788,True,,,
page_010_clahe_1.tile006.ppocr.txt,C:\Users\User\Downloads\OCR-Engine\ops\page_010_clahe_1.tile006.ppocr.txt,0,False,,,
page_010_clahe_1.tile007.png,C:\Users\User\Downloads\OCR-Engine\ops\page_010_clahe_1.tile007.png,31227,True,,,
page_010_clahe_1.tile007.ppocr.txt,C:\Users\User\Downloads\OCR-Engine\ops\page_010_clahe_1.tile007.ppocr.txt,0,False,,,
page_010_clahe_1.tile008.png,C:\Users\User\Downloads\OCR-Engine\ops\page_010_clahe_1.tile008.png,30746,True,,,
page_010_clahe_1.tile008.ppocr.txt,C:\Users\User\Downloads\OCR-Engine\ops\page_010_clahe_1.tile008.ppocr.txt,0,False,,,
page_010_clahe_1.tile009.png,C:\Users\User\Downloads\OCR-Engine\ops\page_010_clahe_1.tile009.png,43092,True,,,
page_010_clahe_1.tile009.ppocr.txt,C:\Users\User\Downloads\OCR-Engine\ops\page_010_clahe_1.tile009.ppocr.txt,0,False,,,
page_010_clahe_1.tile010.png,C:\Users\User\Downloads\OCR-Engine\ops\page_010_clahe_1.tile010.png,13415,True,,,
page_010_clahe_1.tile010.ppocr.txt,C:\Users\User\Downloads\OCR-Engine\ops\page_010_clahe_1.tile010.ppocr.txt,0,False,,,
page_010_clahe_1.tile011.png,C:\Users\User\Downloads\OCR-Engine\ops\page_010_clahe_1.tile011.png,50268,True,,,
page_010_clahe_1.tile011.ppocr.txt,C:\Users\User\Downloads\OCR-Engine\ops\page_010_clahe_1.tile011.ppocr.txt,0,False,,,
page_010_clahe_1.tile012.png,C:\Users\User\Downloads\OCR-Engine\ops\page_010_clahe_1.tile012.png,98252,True,,,
page_010_clahe_1.tile012.ppocr.txt,C:\Users\User\Downloads\OCR-Engine\ops\page_010_clahe_1.tile012.ppocr.txt,0,False,,,
page_010_clahe_1.tile013.png,C:\Users\User\Downloads\OCR-Engine\ops\page_010_clahe_1.tile013.png,5335,True,,,
page_010_clahe_1.tile013.ppocr.txt,C:\Users\User\Downloads\OCR-Engine\ops\page_010_clahe_1.tile013.ppocr.txt,0,False,,,
page_010_clahe_1.tile014.png,C:\Users\User\Downloads\OCR-Engine\ops\page_010_clahe_1.tile014.png,7172,True,,,
page_010_clahe_1.tile014.ppocr.txt,C:\Users\User\Downloads\OCR-Engine\ops\page_010_clahe_1.tile014.ppocr.txt,0,False,,,
page_010_clahe_1.tile015.png,C:\Users\User\Downloads\OCR-Engine\ops\page_010_clahe_1.tile015.png,7050,True,,,
page_010_clahe_1.tile015.ppocr.txt,C:\Users\User\Downloads\OCR-Engine\ops\page_010_clahe_1.tile015.ppocr.txt,0,False,,,
page_010_clahe_1.tile016.png,C:\Users\User\Downloads\OCR-Engine\ops\page_010_clahe_1.tile016.png,128497,True,,,
page_010_clahe_1.tile016.ppocr.txt,C:\Users\User\Downloads\OCR-Engine\ops\page_010_clahe_1.tile016.ppocr.txt,0,False,,,
page_010_clahe_1.tile017.png,C:\Users\User\Downloads\OCR-Engine\ops\page_010_clahe_1.tile017.png,224192,True,,,
page_010_clahe_1.tile017.ppocr.txt,C:\Users\User\Downloads\OCR-Engine\ops\page_010_clahe_1.tile017.ppocr.txt,0,False,,,
page_010_clahe_1.tile018.png,C:\Users\User\Downloads\OCR-Engine\ops\page_010_clahe_1.tile018.png,278846,True,,,
page_010_clahe_1.tile018.ppocr.txt,C:\Users\User\Downloads\OCR-Engine\ops\page_010_clahe_1.tile018.ppocr.txt,0,False,,,
page_010_clahe_1.tile019.png,C:\Users\User\Downloads\OCR-Engine\ops\page_010_clahe_1.tile019.png,244263,True,,,
page_010_clahe_1.tile019.ppocr.txt,C:\Users\User\Downloads\OCR-Engine\ops\page_010_clahe_1.tile019.ppocr.txt,0,False,,,
page_010_clahe_1.tile020.png,C:\Users\User\Downloads\OCR-Engine\ops\page_010_clahe_1.tile020.png,83592,True,,,
page_010_clahe_1.tile020.ppocr.txt,C:\Users\User\Downloads\OCR-Engine\ops\page_010_clahe_1.tile020.ppocr.txt,0,False,,,
page_010_clahe_1.tile021.png,C:\Users\User\Downloads\OCR-Engine\ops\page_010_clahe_1.tile021.png,18867,True,,,
page_010_clahe_1.tile021.ppocr.txt,C:\Users\User\Downloads\OCR-Engine\ops\page_010_clahe_1.tile021.ppocr.txt,0,False,,,
page_010_clahe_1.tile022.png,C:\Users\User\Downloads\OCR-Engine\ops\page_010_clahe_1.tile022.png,65962,True,,,
page_010_clahe_1.tile022.ppocr.txt,C:\Users\User\Downloads\OCR-Engine\ops\page_010_clahe_1.tile022.ppocr.txt,0,False,,,
page_010_clahe_1.tile023.png,C:\Users\User\Downloads\OCR-Engine\ops\page_010_clahe_1.tile023.png,100847,True,,,
page_010_clahe_1.tile023.ppocr.txt,C:\Users\User\Downloads\OCR-Engine\ops\page_010_clahe_1.tile023.ppocr.txt,0,False,,,
page_010_clahe_1.tile024.png,C:\Users\User\Downloads\OCR-Engine\ops\page_010_clahe_1.tile024.png,7435,True,,,
page_010_clahe_1.tile024.ppocr.txt,C:\Users\User\Downloads\OCR-Engine\ops\page_010_clahe_1.tile024.ppocr.txt,0,False,,,
page_010_clahe_1.tile025.png,C:\Users\User\Downloads\OCR-Engine\ops\page_010_clahe_1.tile025.png,6732,True,,,
page_010_clahe_1.tile025.ppocr.txt,C:\Users\User\Downloads\OCR-Engine\ops\page_010_clahe_1.tile025.ppocr.txt,0,False,,,
page_010_clahe_1.tile026.png,C:\Users\User\Downloads\OCR-Engine\ops\page_010_clahe_1.tile026.png,7360,True,,,
page_010_clahe_1.tile026.ppocr.txt,C:\Users\User\Downloads\OCR-Engine\ops\page_010_clahe_1.tile026.ppocr.txt,0,False,,,
page_010_clahe_1.tile027.png,C:\Users\User\Downloads\OCR-Engine\ops\page_010_clahe_1.tile027.png,155830,True,,,
page_010_clahe_1.tile027.ppocr.txt,C:\Users\User\Downloads\OCR-Engine\ops\page_010_clahe_1.tile027.ppocr.txt,0,False,,,
page_010_clahe_1.tile028.png,C:\Users\User\Downloads\OCR-Engine\ops\page_010_clahe_1.tile028.png,213355,True,,,
page_010_clahe_1.tile028.ppocr.txt,C:\Users\User\Downloads\OCR-Engine\ops\page_010_clahe_1.tile028.ppocr.txt,0,False,,,
page_010_clahe_1.tile029.png,C:\Users\User\Downloads\OCR-Engine\ops\page_010_clahe_1.tile029.png,514873,True,,,
page_010_clahe_1.tile029.ppocr.txt,C:\Users\User\Downloads\OCR-Engine\ops\page_010_clahe_1.tile029.ppocr.txt,0,False,,,
page_010_clahe_1.tile030.png,C:\Users\User\Downloads\OCR-Engine\ops\page_010_clahe_1.tile030.png,402808,True,,,
page_010_clahe_1.tile030.ppocr.txt,C:\Users\User\Downloads\OCR-Engine\ops\page_010_clahe_1.tile030.ppocr.txt,0,False,,,
page_010_clahe_1.tile031.png,C:\Users\User\Downloads\OCR-Engine\ops\page_010_clahe_1.tile031.png,103671,True,,,
page_010_clahe_1.tile031.ppocr.txt,C:\Users\User\Downloads\OCR-Engine\ops\page_010_clahe_1.tile031.ppocr.txt,0,False,,,
page_010_clahe_1.tile032.png,C:\Users\User\Downloads\OCR-Engine\ops\page_010_clahe_1.tile032.png,13759,True,,,
page_010_clahe_1.tile032.ppocr.txt,C:\Users\User\Downloads\OCR-Engine\ops\page_010_clahe_1.tile032.ppocr.txt,0,False,,,
page_010_clahe_1.tile033.png,C:\Users\User\Downloads\OCR-Engine\ops\page_010_clahe_1.tile033.png,91618,True,,,
page_010_clahe_1.tile033.ppocr.txt,C:\Users\User\Downloads\OCR-Engine\ops\page_010_clahe_1.tile033.ppocr.txt,0,False,,,
page_010_clahe_1.tile034.png,C:\Users\User\Downloads\OCR-Engine\ops\page_010_clahe_1.tile034.png,95128,True,,,
page_010_clahe_1.tile034.ppocr.txt,C:\Users\User\Downloads\OCR-Engine\ops\page_010_clahe_1.tile034.ppocr.txt,0,False,,,
page_010_clahe_1.tile035.png,C:\Users\User\Downloads\OCR-Engine\ops\page_010_clahe_1.tile035.png,6325,True,,,
page_010_clahe_1.tile035.ppocr.txt,C:\Users\User\Downloads\OCR-Engine\ops\page_010_clahe_1.tile035.ppocr.txt,0,False,,,
page_010_clahe_1.tile036.png,C:\Users\User\Downloads\OCR-Engine\ops\page_010_clahe_1.tile036.png,8684,True,,,
page_010_clahe_1.tile036.ppocr.txt,C:\Users\User\Downloads\OCR-Engine\ops\page_010_clahe_1.tile036.ppocr.txt,0,False,,,
page_010_clahe_1.tile037.png,C:\Users\User\Downloads\OCR-Engine\ops\page_010_clahe_1.tile037.png,7315,True,,,
page_010_clahe_1.tile037.ppocr.txt,C:\Users\User\Downloads\OCR-Engine\ops\page_010_clahe_1.tile037.ppocr.txt,0,False,,,
page_010_clahe_1.tile038.png,C:\Users\User\Downloads\OCR-Engine\ops\page_010_clahe_1.tile038.png,154517,True,,,
page_010_clahe_1.tile038.ppocr.txt,C:\Users\User\Downloads\OCR-Engine\ops\page_010_clahe_1.tile038.ppocr.txt,0,False,,,
page_010_clahe_1.tile039.png,C:\Users\User\Downloads\OCR-Engine\ops\page_010_clahe_1.tile039.png,136202,True,,,
page_010_clahe_1.tile039.ppocr.txt,C:\Users\User\Downloads\OCR-Engine\ops\page_010_clahe_1.tile039.ppocr.txt,0,False,,,
page_010_clahe_1.tile040.png,C:\Users\User\Downloads\OCR-Engine\ops\page_010_clahe_1.tile040.png,540333,True,,,
page_010_clahe_1.tile040.ppocr.txt,C:\Users\User\Downloads\OCR-Engine\ops\page_010_clahe_1.tile040.ppocr.txt,0,False,,,
page_010_clahe_1.tile041.png,C:\Users\User\Downloads\OCR-Engine\ops\page_010_clahe_1.tile041.png,364212,True,,,
page_010_clahe_1.tile041.ppocr.txt,C:\Users\User\Downloads\OCR-Engine\ops\page_010_clahe_1.tile041.ppocr.txt,0,False,,,
page_010_clahe_1.tile042.png,C:\Users\User\Downloads\OCR-Engine\ops\page_010_clahe_1.tile042.png,93272,True,,,
page_010_clahe_1.tile042.ppocr.txt,C:\Users\User\Downloads\OCR-Engine\ops\page_010_clahe_1.tile042.ppocr.txt,0,False,,,
page_010_clahe_1.tile043.png,C:\Users\User\Downloads\OCR-Engine\ops\page_010_clahe_1.tile043.png,11921,True,,,
page_010_clahe_1.tile043.ppocr.txt,C:\Users\User\Downloads\OCR-Engine\ops\page_010_clahe_1.tile043.ppocr.txt,0,False,,,
page_010_clahe_1.tile044.png,C:\Users\User\Downloads\OCR-Engine\ops\page_010_clahe_1.tile044.png,117413,True,,,
page_010_clahe_1.tile044.ppocr.txt,C:\Users\User\Downloads\OCR-Engine\ops\page_010_clahe_1.tile044.ppocr.txt,0,False,,,
page_010_clahe_1.tile045.png,C:\Users\User\Downloads\OCR-Engine\ops\page_010_clahe_1.tile045.png,114933,True,,,
page_010_clahe_1.tile045.ppocr.txt,C:\Users\User\Downloads\OCR-Engine\ops\page_010_clahe_1.tile045.ppocr.txt,0,False,,,
page_010_clahe_1.tile046.png,C:\Users\User\Downloads\OCR-Engine\ops\page_010_clahe_1.tile046.png,10095,True,,,
page_010_clahe_1.tile046.ppocr.txt,C:\Users\User\Downloads\OCR-Engine\ops\page_010_clahe_1.tile046.ppocr.txt,0,False,,,
page_010_clahe_1.tile047.png,C:\Users\User\Downloads\OCR-Engine\ops\page_010_clahe_1.tile047.png,7141,True,,,
page_010_clahe_1.tile047.ppocr.txt,C:\Users\User\Downloads\OCR-Engine\ops\page_010_clahe_1.tile047.ppocr.txt,0,False,,,
page_010_clahe_1.tile048.png,C:\Users\User\Downloads\OCR-Engine\ops\page_010_clahe_1.tile048.png,11352,True,,,
page_010_clahe_1.tile048.ppocr.txt,C:\Users\User\Downloads\OCR-Engine\ops\page_010_clahe_1.tile048.ppocr.txt,0,False,,,
page_010_clahe_1.tile049.png,C:\Users\User\Downloads\OCR-Engine\ops\page_010_clahe_1.tile049.png,167399,True,,,
page_010_clahe_1.tile049.ppocr.txt,C:\Users\User\Downloads\OCR-Engine\ops\page_010_clahe_1.tile049.ppocr.txt,0,False,,,
page_010_clahe_1.tile050.png,C:\Users\User\Downloads\OCR-Engine\ops\page_010_clahe_1.tile050.png,157346,True,,,
page_010_clahe_1.tile050.ppocr.txt,C:\Users\User\Downloads\OCR-Engine\ops\page_010_clahe_1.tile050.ppocr.txt,0,False,,,
page_010_clahe_1.tile051.png,C:\Users\User\Downloads\OCR-Engine\ops\page_010_clahe_1.tile051.png,605264,True,,,
page_010_clahe_1.tile051.ppocr.txt,C:\Users\User\Downloads\OCR-Engine\ops\page_010_clahe_1.tile051.ppocr.txt,0,False,,,
page_010_clahe_1.tile052.png,C:\Users\User\Downloads\OCR-Engine\ops\page_010_clahe_1.tile052.png,376704,True,,,
page_010_clahe_1.tile052.ppocr.txt,C:\Users\User\Downloads\OCR-Engine\ops\page_010_clahe_1.tile052.ppocr.txt,0,False,,,
page_010_clahe_1.tile053.png,C:\Users\User\Downloads\OCR-Engine\ops\page_010_clahe_1.tile053.png,105778,True,,,
page_010_clahe_1.tile053.ppocr.txt,C:\Users\User\Downloads\OCR-Engine\ops\page_010_clahe_1.tile053.ppocr.txt,0,False,,,
page_010_clahe_1.tile054.png,C:\Users\User\Downloads\OCR-Engine\ops\page_010_clahe_1.tile054.png,12039,True,,,
page_010_clahe_1.tile054.ppocr.txt,C:\Users\User\Downloads\OCR-Engine\ops\page_010_clahe_1.tile054.ppocr.txt,0,False,,,
page_010_clahe_1.tile055.png,C:\Users\User\Downloads\OCR-Engine\ops\page_010_clahe_1.tile055.png,119478,True,,,
page_010_clahe_1.tile055.ppocr.txt,C:\Users\User\Downloads\OCR-Engine\ops\page_010_clahe_1.tile055.ppocr.txt,0,False,,,
page_010_clahe_1.tile056.png,C:\Users\User\Downloads\OCR-Engine\ops\page_010_clahe_1.tile056.png,113599,True,,,
page_010_clahe_1.tile056.ppocr.txt,C:\Users\User\Downloads\OCR-Engine\ops\page_010_clahe_1.tile056.ppocr.txt,0,False,,,
page_010_clahe_1.tile057.png,C:\Users\User\Downloads\OCR-Engine\ops\page_010_clahe_1.tile057.png,10295,True,,,
page_010_clahe_1.tile057.ppocr.txt,C:\Users\User\Downloads\OCR-Engine\ops\page_010_clahe_1.tile057.ppocr.txt,0,False,,,
page_010_clahe_1.tile058.png,C:\Users\User\Downloads\OCR-Engine\ops\page_010_clahe_1.tile058.png,5365,True,,,
page_010_clahe_1.tile058.ppocr.txt,C:\Users\User\Downloads\OCR-Engine\ops\page_010_clahe_1.tile058.ppocr.txt,0,False,,,
page_010_clahe_1.tile059.png,C:\Users\User\Downloads\OCR-Engine\ops\page_010_clahe_1.tile059.png,7013,True,,,
page_010_clahe_1.tile059.ppocr.txt,C:\Users\User\Downloads\OCR-Engine\ops\page_010_clahe_1.tile059.ppocr.txt,0,False,,,
page_010_clahe_1.tile060.png,C:\Users\User\Downloads\OCR-Engine\ops\page_010_clahe_1.tile060.png,165668,True,,,
page_010_clahe_1.tile060.ppocr.txt,C:\Users\User\Downloads\OCR-Engine\ops\page_010_clahe_1.tile060.ppocr.txt,0,False,,,
page_010_clahe_1.tile061.png,C:\Users\User\Downloads\OCR-Engine\ops\page_010_clahe_1.tile061.png,182902,True,,,
page_010_clahe_1.tile061.ppocr.txt,C:\Users\User\Downloads\OCR-Engine\ops\page_010_clahe_1.tile061.ppocr.txt,0,False,,,
page_010_clahe_1.tile062.png,C:\Users\User\Downloads\OCR-Engine\ops\page_010_clahe_1.tile062.png,609533,True,,,
page_010_clahe_1.tile062.ppocr.txt,C:\Users\User\Downloads\OCR-Engine\ops\page_010_clahe_1.tile062.ppocr.txt,0,False,,,
page_010_clahe_1.tile063.png,C:\Users\User\Downloads\OCR-Engine\ops\page_010_clahe_1.tile063.png,438951,True,,,
page_010_clahe_1.tile063.ppocr.txt,C:\Users\User\Downloads\OCR-Engine\ops\page_010_clahe_1.tile063.ppocr.txt,0,False,,,
page_010_clahe_1.tile064.png,C:\Users\User\Downloads\OCR-Engine\ops\page_010_clahe_1.tile064.png,123239,True,,,
page_010_clahe_1.tile064.ppocr.txt,C:\Users\User\Downloads\OCR-Engine\ops\page_010_clahe_1.tile064.ppocr.txt,0,False,,,
page_010_clahe_1.tile065.png,C:\Users\User\Downloads\OCR-Engine\ops\page_010_clahe_1.tile065.png,5023,True,,,
page_010_clahe_1.tile065.ppocr.txt,C:\Users\User\Downloads\OCR-Engine\ops\page_010_clahe_1.tile065.ppocr.txt,0,False,,,
page_010_clahe_1.tile066.png,C:\Users\User\Downloads\OCR-Engine\ops\page_010_clahe_1.tile066.png,92817,True,,,
page_010_clahe_1.tile066.ppocr.txt,C:\Users\User\Downloads\OCR-Engine\ops\page_010_clahe_1.tile066.ppocr.txt,0,False,,,
page_010_clahe_1.tile067.png,C:\Users\User\Downloads\OCR-Engine\ops\page_010_clahe_1.tile067.png,103096,True,,,
page_010_clahe_1.tile067.ppocr.txt,C:\Users\User\Downloads\OCR-Engine\ops\page_010_clahe_1.tile067.ppocr.txt,0,False,,,
page_010_clahe_1.tile068.png,C:\Users\User\Downloads\OCR-Engine\ops\page_010_clahe_1.tile068.png,26118,True,,,
page_010_clahe_1.tile068.ppocr.txt,C:\Users\User\Downloads\OCR-Engine\ops\page_010_clahe_1.tile068.ppocr.txt,0,False,,,
page_010_clahe_1.tile069.png,C:\Users\User\Downloads\OCR-Engine\ops\page_010_clahe_1.tile069.png,21450,True,,,
page_010_clahe_1.tile069.ppocr.txt,C:\Users\User\Downloads\OCR-Engine\ops\page_010_clahe_1.tile069.ppocr.txt,0,False,,,
page_010_clahe_1.tile070.png,C:\Users\User\Downloads\OCR-Engine\ops\page_010_clahe_1.tile070.png,28079,True,,,
page_010_clahe_1.tile070.ppocr.txt,C:\Users\User\Downloads\OCR-Engine\ops\page_010_clahe_1.tile070.ppocr.txt,0,False,,,
page_010_clahe_1.tile071.png,C:\Users\User\Downloads\OCR-Engine\ops\page_010_clahe_1.tile071.png,146738,True,,,
page_010_clahe_1.tile071.ppocr.txt,C:\Users\User\Downloads\OCR-Engine\ops\page_010_clahe_1.tile071.ppocr.txt,0,False,,,
page_010_clahe_1.tile072.png,C:\Users\User\Downloads\OCR-Engine\ops\page_010_clahe_1.tile072.png,119681,True,,,
page_010_clahe_1.tile072.ppocr.txt,C:\Users\User\Downloads\OCR-Engine\ops\page_010_clahe_1.tile072.ppocr.txt,0,False,,,
page_010_clahe_1.tile073.png,C:\Users\User\Downloads\OCR-Engine\ops\page_010_clahe_1.tile073.png,194459,True,,,
page_010_clahe_1.tile073.ppocr.txt,C:\Users\User\Downloads\OCR-Engine\ops\page_010_clahe_1.tile073.ppocr.txt,0,False,,,
page_010_clahe_1.tile074.png,C:\Users\User\Downloads\OCR-Engine\ops\page_010_clahe_1.tile074.png,158629,True,,,
page_010_clahe_1.tile074.ppocr.txt,C:\Users\User\Downloads\OCR-Engine\ops\page_010_clahe_1.tile074.ppocr.txt,0,False,,,
page_010_clahe_1.tile075.png,C:\Users\User\Downloads\OCR-Engine\ops\page_010_clahe_1.tile075.png,88214,True,,,
page_010_clahe_1.tile075.ppocr.txt,C:\Users\User\Downloads\OCR-Engine\ops\page_010_clahe_1.tile075.ppocr.txt,0,False,,,
page_010_clahe_1.tile076.png,C:\Users\User\Downloads\OCR-Engine\ops\page_010_clahe_1.tile076.png,11265,True,,,
page_010_clahe_1.tile076.ppocr.txt,C:\Users\User\Downloads\OCR-Engine\ops\page_010_clahe_1.tile076.ppocr.txt,0,False,,,
page_010_clahe_1.tile077.png,C:\Users\User\Downloads\OCR-Engine\ops\page_010_clahe_1.tile077.png,9912,True,,,
page_010_clahe_1.tile077.ppocr.txt,C:\Users\User\Downloads\OCR-Engine\ops\page_010_clahe_1.tile077.ppocr.txt,0,False,,,
page_010_clahe_1.tile078.png,C:\Users\User\Downloads\OCR-Engine\ops\page_010_clahe_1.tile078.png,14033,True,,,
page_010_clahe_1.tile078.ppocr.txt,C:\Users\User\Downloads\OCR-Engine\ops\page_010_clahe_1.tile078.ppocr.txt,0,False,,,
page_010_clahe_1.tile079.png,C:\Users\User\Downloads\OCR-Engine\ops\page_010_clahe_1.tile079.png,7593,True,,,
page_010_clahe_1.tile079.ppocr.txt,C:\Users\User\Downloads\OCR-Engine\ops\page_010_clahe_1.tile079.ppocr.txt,0,False,,,
page_010_clahe_1.tile080.png,C:\Users\User\Downloads\OCR-Engine\ops\page_010_clahe_1.tile080.png,8440,True,,,
page_010_clahe_1.tile080.ppocr.txt,C:\Users\User\Downloads\OCR-Engine\ops\page_010_clahe_1.tile080.ppocr.txt,0,False,,,
page_010_clahe_1.tile081.png,C:\Users\User\Downloads\OCR-Engine\ops\page_010_clahe_1.tile081.png,15960,True,,,
page_010_clahe_1.tile081.ppocr.txt,C:\Users\User\Downloads\OCR-Engine\ops\page_010_clahe_1.tile081.ppocr.txt,0,False,,,
page_010_clahe_1.tile082.png,C:\Users\User\Downloads\OCR-Engine\ops\page_010_clahe_1.tile082.png,7384,True,,,
page_010_clahe_1.tile082.ppocr.txt,C:\Users\User\Downloads\OCR-Engine\ops\page_010_clahe_1.tile082.ppocr.txt,0,False,,,
page_010_clahe_1.tile083.png,C:\Users\User\Downloads\OCR-Engine\ops\page_010_clahe_1.tile083.png,17521,True,,,
page_010_clahe_1.tile083.ppocr.txt,C:\Users\User\Downloads\OCR-Engine\ops\page_010_clahe_1.tile083.ppocr.txt,0,False,,,
page_010_clahe_1.tile084.png,C:\Users\User\Downloads\OCR-Engine\ops\page_010_clahe_1.tile084.png,15464,True,,,
page_010_clahe_1.tile084.ppocr.txt,C:\Users\User\Downloads\OCR-Engine\ops\page_010_clahe_1.tile084.ppocr.txt,0,False,,,
page_010_clahe_1.tile085.png,C:\Users\User\Downloads\OCR-Engine\ops\page_010_clahe_1.tile085.png,90577,True,,,
page_010_clahe_1.tile085.ppocr.txt,C:\Users\User\Downloads\OCR-Engine\ops\page_010_clahe_1.tile085.ppocr.txt,0,False,,,
page_010_clahe_1.tile086.png,C:\Users\User\Downloads\OCR-Engine\ops\page_010_clahe_1.tile086.png,228992,True,,,
page_010_clahe_1.tile086.ppocr.txt,C:\Users\User\Downloads\OCR-Engine\ops\page_010_clahe_1.tile086.ppocr.txt,0,False,,,
page_010_clahe_1.tile087.png,C:\Users\User\Downloads\OCR-Engine\ops\page_010_clahe_1.tile087.png,114586,True,,,
page_010_clahe_1.tile087.ppocr.txt,C:\Users\User\Downloads\OCR-Engine\ops\page_010_clahe_1.tile087.ppocr.txt,0,False,,,
page_010_clahe_10.clean.txt,C:\Users\User\Downloads\OCR-Engine\ops\page_010_clahe_10.clean.txt,0,False,,,
page_010_clahe_10.png,C:\Users\User\Downloads\OCR-Engine\ops\page_010_clahe_10.png,14296767,True,,,
page_010_clahe_10.rapid.txt,C:\Users\User\Downloads\OCR-Engine\ops\page_010_clahe_10.rapid.txt,0,False,,,
page_010_clahe_10.tess.tile000.png,C:\Users\User\Downloads\OCR-Engine\ops\page_010_clahe_10.tess.tile000.png,21690,True,,,
page_010_clahe_10.tess.tile000.tess.txt,C:\Users\User\Downloads\OCR-Engine\ops\page_010_clahe_10.tess.tile000.tess.txt,0,False,,,
page_010_clahe_10.tess.tile001.png,C:\Users\User\Downloads\OCR-Engine\ops\page_010_clahe_10.tess.tile001.png,70096,True,,,
page_010_clahe_10.tess.tile001.tess.txt,C:\Users\User\Downloads\OCR-Engine\ops\page_010_clahe_10.tess.tile001.tess.txt,0,False,,,
page_010_clahe_10.tess.tile002.png,C:\Users\User\Downloads\OCR-Engine\ops\page_010_clahe_10.tess.tile002.png,29660,True,,,
page_010_clahe_10.tess.tile002.tess.txt,C:\Users\User\Downloads\OCR-Engine\ops\page_010_clahe_10.tess.tile002.tess.txt,0,False,,,
page_010_clahe_10.tess.tile003.png,C:\Users\User\Downloads\OCR-Engine\ops\page_010_clahe_10.tess.tile003.png,30791,True,,,
page_010_clahe_10.tess.tile003.tess.txt,C:\Users\User\Downloads\OCR-Engine\ops\page_010_clahe_10.tess.tile003.tess.txt,0,False,,,
page_010_clahe_10.tess.tile004.png,C:\Users\User\Downloads\OCR-Engine\ops\page_010_clahe_10.tess.tile004.png,31372,True,,,
page_010_clahe_10.tess.tile004.tess.txt,C:\Users\User\Downloads\OCR-Engine\ops\page_010_clahe_10.tess.tile004.tess.txt,0,False,,,
page_010_clahe_10.tess.tile005.png,C:\Users\User\Downloads\OCR-Engine\ops\page_010_clahe_10.tess.tile005.png,77024,True,,,
page_010_clahe_10.tess.tile005.tess.txt,C:\Users\User\Downloads\OCR-Engine\ops\page_010_clahe_10.tess.tile005.tess.txt,0,False,,,
page_010_clahe_10.tess.tile006.png,C:\Users\User\Downloads\OCR-Engine\ops\page_010_clahe_10.tess.tile006.png,29577,True,,,
page_010_clahe_10.tess.tile006.tess.txt,C:\Users\User\Downloads\OCR-Engine\ops\page_010_clahe_10.tess.tile006.tess.txt,0,False,,,
page_010_clahe_10.tess.tile007.png,C:\Users\User\Downloads\OCR-Engine\ops\page_010_clahe_10.tess.tile007.png,30607,True,,,
page_010_clahe_10.tess.tile007.tess.txt,C:\Users\User\Downloads\OCR-Engine\ops\page_010_clahe_10.tess.tile007.tess.txt,0,False,,,
page_010_clahe_10.tess.tile008.png,C:\Users\User\Downloads\OCR-Engine\ops\page_010_clahe_10.tess.tile008.png,31017,True,,,
page_010_clahe_10.tess.tile008.tess.txt,C:\Users\User\Downloads\OCR-Engine\ops\page_010_clahe_10.tess.tile008.tess.txt,0,False,,,
page_010_clahe_10.tess.tile009.png,C:\Users\User\Downloads\OCR-Engine\ops\page_010_clahe_10.tess.tile009.png,43296,True,,,
page_010_clahe_10.tess.tile009.tess.txt,C:\Users\User\Downloads\OCR-Engine\ops\page_010_clahe_10.tess.tile009.tess.txt,0,False,,,
page_010_clahe_10.tess.tile010.png,C:\Users\User\Downloads\OCR-Engine\ops\page_010_clahe_10.tess.tile010.png,13267,True,,,
page_010_clahe_10.tess.tile010.tess.txt,C:\Users\User\Downloads\OCR-Engine\ops\page_010_clahe_10.tess.tile010.tess.txt,0,False,,,
page_010_clahe_10.tess.tile011.png,C:\Users\User\Downloads\OCR-Engine\ops\page_010_clahe_10.tess.tile011.png,49310,True,,,
page_010_clahe_10.tess.tile011.tess.txt,C:\Users\User\Downloads\OCR-Engine\ops\page_010_clahe_10.tess.tile011.tess.txt,0,False,,,
page_010_clahe_10.tess.tile012.png,C:\Users\User\Downloads\OCR-Engine\ops\page_010_clahe_10.tess.tile012.png,96707,True,,,
page_010_clahe_10.tess.tile012.tess.txt,C:\Users\User\Downloads\OCR-Engine\ops\page_010_clahe_10.tess.tile012.tess.txt,0,False,,,
page_010_clahe_10.tess.tile013.png,C:\Users\User\Downloads\OCR-Engine\ops\page_010_clahe_10.tess.tile013.png,5335,True,,,
page_010_clahe_10.tess.tile013.tess.txt,C:\Users\User\Downloads\OCR-Engine\ops\page_010_clahe_10.tess.tile013.tess.txt,0,False,,,
page_010_clahe_10.tess.tile014.png,C:\Users\User\Downloads\OCR-Engine\ops\page_010_clahe_10.tess.tile014.png,7594,True,,,
page_010_clahe_10.tess.tile014.tess.txt,C:\Users\User\Downloads\OCR-Engine\ops\page_010_clahe_10.tess.tile014.tess.txt,0,False,,,
page_010_clahe_10.tess.tile015.png,C:\Users\User\Downloads\OCR-Engine\ops\page_010_clahe_10.tess.tile015.png,6782,True,,,
page_010_clahe_10.tess.tile015.tess.txt,C:\Users\User\Downloads\OCR-Engine\ops\page_010_clahe_10.tess.tile015.tess.txt,9,False,,,メ ー\n
page_010_clahe_10.tess.tile016.png,C:\Users\User\Downloads\OCR-Engine\ops\page_010_clahe_10.tess.tile016.png,130117,True,,,
page_010_clahe_10.tess.tile016.tess.txt,C:\Users\User\Downloads\OCR-Engine\ops\page_010_clahe_10.tess.tile016.tess.txt,9,False,,,③ ①\n
page_010_clahe_10.tess.tile017.png,C:\Users\User\Downloads\OCR-Engine\ops\page_010_clahe_10.tess.tile017.png,227808,True,,,
page_010_clahe_10.tess.tile017.tess.txt,C:\Users\User\Downloads\OCR-Engine\ops\page_010_clahe_10.tess.tile017.tess.txt,107,False,,,ー\n\n④. 轍 出\n\nValues of Exports\n\n( 軸\n\n入 )\n\nImports\n\n& ④\n\n【 ①\n\n① 値\n\nR\n
page_010_clahe_10.tess.tile018.png,C:\Users\User\Downloads\OCR-Engine\ops\page_010_clahe_10.tess.tile018.png,283439,True,,,
page_010_clahe_10.tess.tile018.tess.txt,C:\Users\User\Downloads\OCR-Engine\ops\page_010_clahe_10.tess.tile018.tess.txt,133,False,,,ーー\n\n圧 入 主 要 國 別 累\n\nports and Iimports by F0…〝「i'\n\n悔入)\n\n【(FmHil\n\n⑯ す で\n\nt 璋~“; _\n
page_010_clahe_10.tess.tile019.png,C:\Users\User\Downloads\OCR-Engine\ops\page_010_clahe_10.tess.tile019.png,245982,True,,,
page_010_clahe_10.tess.tile019.tess.txt,C:\Users\User\Downloads\OCR-Engine\ops\page_010_clahe_10.tess.tile019.tess.txt,126,False,,,"] 累 年 比 秘\n\nountries, ①0⑧① {0 ①0①⑤\n\n( 輪\n\n自 )\n\nExhorts\n\nt 璋縄“; ョ\n\n① 傳\n\n? 磋\n"
page_010_clahe_10.tess.tile020.png,C:\Users\User\Downloads\OCR-Engine\ops\page_010_clahe_10.tess.tile020.png,83752,True,,,
page_010_clahe_10.tess.tile020.tess.txt,C:\Users\User\Downloads\OCR-Engine\ops\page_010_clahe_10.tess.tile020.tess.txt,9,False,,,」 ョ\n
page_010_clahe_10.tess.tile021.png,C:\Users\User\Downloads\OCR-Engine\ops\page_010_clahe_10.tess.tile021.png,18847,True,,,
page_010_clahe_10.tess.tile021.tess.txt,C:\Users\User\Downloads\OCR-Engine\ops\page_010_clahe_10.tess.tile021.tess.txt,0,False,,,
page_010_clahe_10.tess.tile022.png,C:\Users\User\Downloads\OCR-Engine\ops\page_010_clahe_10.tess.tile022.png,66695,True,,,
page_010_clahe_10.tess.tile022.tess.txt,C:\Users\User\Downloads\OCR-Engine\ops\page_010_clahe_10.tess.tile022.tess.txt,3,False,,,|\n
page_010_clahe_10.tess.tile023.png,C:\Users\User\Downloads\OCR-Engine\ops\page_010_clahe_10.tess.tile023.png,102090,True,,,
page_010_clahe_10.tess.tile023.tess.txt,C:\Users\User\Downloads\OCR-Engine\ops\page_010_clahe_10.tess.tile023.tess.txt,0,False,,,
page_010_clahe_10.tess.tile024.png,C:\Users\User\Downloads\OCR-Engine\ops\page_010_clahe_10.tess.tile024.png,7213,True,,,
page_010_clahe_10.tess.tile024.tess.txt,C:\Users\User\Downloads\OCR-Engine\ops\page_010_clahe_10.tess.tile024.tess.txt,0,False,,,
page_010_clahe_10.tess.tile025.png,C:\Users\User\Downloads\OCR-Engine\ops\page_010_clahe_10.tess.tile025.png,7059,True,,,
page_010_clahe_10.tess.tile025.tess.txt,C:\Users\User\Downloads\OCR-Engine\ops\page_010_clahe_10.tess.tile025.tess.txt,0,False,,,
page_010_clahe_10.tess.tile026.png,C:\Users\User\Downloads\OCR-Engine\ops\page_010_clahe_10.tess.tile026.png,6869,True,,,
page_010_clahe_10.tess.tile026.tess.txt,C:\Users\User\Downloads\OCR-Engine\ops\page_010_clahe_10.tess.tile026.tess.txt,0,False,,,
page_010_clahe_10.tess.tile027.png,C:\Users\User\Downloads\OCR-Engine\ops\page_010_clahe_10.tess.tile027.png,155553,True,,,
page_010_clahe_10.tess.tile027.tess.txt,C:\Users\User\Downloads\OCR-Engine\ops\page_010_clahe_10.tess.tile027.tess.txt,6,False,,,ー{\n
page_010_clahe_10.tess.tile028.png,C:\Users\User\Downloads\OCR-Engine\ops\page_010_clahe_10.tess.tile028.png,220721,True,,,
page_010_clahe_10.tess.tile028.tess.txt,C:\Users\User\Downloads\OCR-Engine\ops\page_010_clahe_10.tess.tile028.tess.txt,5,False,,,崎\n
page_010_clahe_10.tess.tile029.png,C:\Users\User\Downloads\OCR-Engine\ops\page_010_clahe_10.tess.tile029.png,527278,True,,,
page_010_clahe_10.tess.tile029.tess.txt,C:\Users\User\Downloads\OCR-Engine\ops\page_010_clahe_10.tess.tile029.tess.txt,338,False,,,【(FmHil\n\nt TR&NW\n\nォ ①\n\n⑲③⑤\n\nす\n\n① T 【\n\nmmn\n\n牟 睦 民 国 Chinn\n\n聴 Kussia\n\n①\n\n董 呈 利 (t Imtuin\n\nよ\n\nFPx E\n\nl\n\nし\n\n鐵 Gcrnuany\n\n) 兄 方 代 紳 婦 り . ⑤. 入\n\n北\n\n志 (Nhcrs\n\n慶\n\n⑲③④\n\nH\n\n[ ォ\n\n|\n\n'ー t\n\n. 軸 臺 屋 畿 {“hina\n\n本 mn\n
page_010_clahe_10.tess.tile030.png,C:\Users\User\Downloads\OCR-Engine\ops\page_010_clahe_10.tess.tile030.png,409170,True,,,
page_010_clahe_10.tess.tile030.tess.txt,C:\Users\User\Downloads\OCR-Engine\ops\page_010_clahe_10.tess.tile030.tess.txt,230,False,,,山 丿\n\nSxlorts\n\nt TARIWi\n\n① ③ ⑤\n\n① 借\n\n② 俸\n\nt\n\ni し\n\nR\n\nR\n\nF x S\n\n(\n\nu\n\nで e は\n\nい は\n\nk\n\nA た = す で\n\nT [\n\n( 払 い t り 鱒【 {\n\n貝 で\n\n⑪\n\nLWR F\n\nー`\n
page_010_clahe_10.tess.tile031.png,C:\Users\User\Downloads\OCR-Engine\ops\page_010_clahe_10.tess.tile031.png,105878,True,,,
page_010_clahe_10.tess.tile031.tess.txt,C:\Users\User\Downloads\OCR-Engine\ops\page_010_clahe_10.tess.tile031.tess.txt,5,False,,,‥\n
page_010_clahe_10.tess.tile032.png,C:\Users\User\Downloads\OCR-Engine\ops\page_010_clahe_10.tess.tile032.png,13725,True,,,
page_010_clahe_10.tess.tile032.tess.txt,C:\Users\User\Downloads\OCR-Engine\ops\page_010_clahe_10.tess.tile032.tess.txt,0,False,,,
page_010_clahe_10.tess.tile033.png,C:\Users\User\Downloads\OCR-Engine\ops\page_010_clahe_10.tess.tile033.png,93173,True,,,
page_010_clahe_10.tess.tile033.tess.txt,C:\Users\User\Downloads\OCR-Engine\ops\page_010_clahe_10.tess.tile033.tess.txt,0,False,,,
page_010_clahe_10.tess.tile034.png,C:\Users\User\Downloads\OCR-Engine\ops\page_010_clahe_10.tess.tile034.png,97360,True,,,
page_010_clahe_10.tess.tile034.tess.txt,C:\Users\User\Downloads\OCR-Engine\ops\page_010_clahe_10.tess.tile034.tess.txt,0,False,,,
page_010_clahe_10.tess.tile035.png,C:\Users\User\Downloads\OCR-Engine\ops\page_010_clahe_10.tess.tile035.png,6499,True,,,
page_010_clahe_10.tess.tile035.tess.txt,C:\Users\User\Downloads\OCR-Engine\ops\page_010_clahe_10.tess.tile035.tess.txt,0,False,,,
page_010_clahe_10.tess.tile036.png,C:\Users\User\Downloads\OCR-Engine\ops\page_010_clahe_10.tess.tile036.png,7773,True,,,
page_010_clahe_10.tess.tile036.tess.txt,C:\Users\User\Downloads\OCR-Engine\ops\page_010_clahe_10.tess.tile036.tess.txt,0,False,,,
page_010_clahe_10.tess.tile037.png,C:\Users\User\Downloads\OCR-Engine\ops\page_010_clahe_10.tess.tile037.png,5341,True,,,
page_010_clahe_10.tess.tile037.tess.txt,C:\Users\User\Downloads\OCR-Engine\ops\page_010_clahe_10.tess.tile037.tess.txt,0,False,,,
page_010_clahe_10.tess.tile038.png,C:\Users\User\Downloads\OCR-Engine\ops\page_010_clahe_10.tess.tile038.png,154519,True,,,
page_010_clahe_10.tess.tile038.tess.txt,C:\Users\User\Downloads\OCR-Engine\ops\page_010_clahe_10.tess.tile038.tess.txt,0,False,,,
page_010_clahe_10.tess.tile039.png,C:\Users\User\Downloads\OCR-Engine\ops\page_010_clahe_10.tess.tile039.png,141941,True,,,
page_010_clahe_10.tess.tile039.tess.txt,C:\Users\User\Downloads\OCR-Engine\ops\page_010_clahe_10.tess.tile039.tess.txt,20,False,,,閾\n\n| | | | 」\n
page_010_clahe_10.tess.tile040.png,C:\Users\User\Downloads\OCR-Engine\ops\page_010_clahe_10.tess.tile040.png,548061,True,,,
page_010_clahe_10.tess.tile040.tess.txt,C:\Users\User\Downloads\OCR-Engine\ops\page_010_clahe_10.tess.tile040.tess.txt,332,False,,,① J W\n\nH\n\n[ ォ\n\nー\n\n本 mn\n\n車 華 医 岡 China\n\n巖\n\n耀 Russi\n\n芦 向 剪 tt.liriktin\n\n|\n\n[\n\nu\n\n①\n\n希\n\n迷 Gcnnany\n\n|\n\nl\n\n食 来 代 索 當 U. S ん\n\n坂\n\n他 (fhcrs\n\n⑲③③\n\n囁\n\nネ mn\n\n〔新{\n\n囁薫轟鱒LMm\n\n軸 ein\n\nl\n\n` 荊 江 利 CLiintain\n\n弐ー\n
page_010_clahe_10.tess.tile041.png,C:\Users\User\Downloads\OCR-Engine\ops\page_010_clahe_10.tess.tile041.png,370247,True,,,
page_010_clahe_10.tess.tile041.tess.txt,C:\Users\User\Downloads\OCR-Engine\ops\page_010_clahe_10.tess.tile041.tess.txt,240,False,,,A た = す で\n\nT [\n\nLe e\n\nト す か r\n\nE\n\n貝 で\n\nい c\n\nぽ さ\n\nLWR F\n\naa\n\n詞\n\nL\n\nGS\n\n④ ら\n\n川\n\n① t\n\nい\n\nc\n\nk e\n\n』 す ゃ\n\nES A\n\nH\n\nB\n\nい f\n\nr\n\na E は K\n\nA t れ\n\nW\n
page_010_clahe_10.tess.tile042.png,C:\Users\User\Downloads\OCR-Engine\ops\page_010_clahe_10.tess.tile042.png,94849,True,,,
page_010_clahe_10.tess.tile042.tess.txt,C:\Users\User\Downloads\OCR-Engine\ops\page_010_clahe_10.tess.tile042.tess.txt,10,False,,,目\n\n|\n
page_010_clahe_10.tess.tile043.png,C:\Users\User\Downloads\OCR-Engine\ops\page_010_clahe_10.tess.tile043.png,11738,True,,,
page_010_clahe_10.tess.tile043.tess.txt,C:\Users\User\Downloads\OCR-Engine\ops\page_010_clahe_10.tess.tile043.tess.txt,0,False,,,
page_010_clahe_10.tess.tile044.png,C:\Users\User\Downloads\OCR-Engine\ops\page_010_clahe_10.tess.tile044.png,118746,True,,,
page_010_clahe_10.tess.tile044.tess.txt,C:\Users\User\Downloads\OCR-Engine\ops\page_010_clahe_10.tess.tile044.tess.txt,8,False,,,|\n\n}\n
page_010_clahe_10.tess.tile045.png,C:\Users\User\Downloads\OCR-Engine\ops\page_010_clahe_10.tess.tile045.png,118237,True,,,
page_010_clahe_10.tess.tile045.tess.txt,C:\Users\User\Downloads\OCR-Engine\ops\page_010_clahe_10.tess.tile045.tess.txt,8,False,,,|\n\n|\n
page_010_clahe_10.tess.tile046.png,C:\Users\User\Downloads\OCR-Engine\ops\page_010_clahe_10.tess.tile046.png,10380,True,,,
page_010_clahe_10.tess.tile046.tess.txt,C:\Users\User\Downloads\OCR-Engine\ops\page_010_clahe_10.tess.tile046.tess.txt,0,False,,,
page_010_clahe_10.tess.tile047.png,C:\Users\User\Downloads\OCR-Engine\ops\page_010_clahe_10.tess.tile047.png,8346,True,,,
page_010_clahe_10.tess.tile047.tess.txt,C:\Users\User\Downloads\OCR-Engine\ops\page_010_clahe_10.tess.tile047.tess.txt,0,False,,,
page_010_clahe_10.tess.tile048.png,C:\Users\User\Downloads\OCR-Engine\ops\page_010_clahe_10.tess.tile048.png,12448,True,,,
page_010_clahe_10.tess.tile048.tess.txt,C:\Users\User\Downloads\OCR-Engine\ops\page_010_clahe_10.tess.tile048.tess.txt,0,False,,,
page_010_clahe_10.tess.tile049.png,C:\Users\User\Downloads\OCR-Engine\ops\page_010_clahe_10.tess.tile049.png,168696,True,,,
page_010_clahe_10.tess.tile049.tess.txt,C:\Users\User\Downloads\OCR-Engine\ops\page_010_clahe_10.tess.tile049.tess.txt,0,False,,,
page_010_clahe_10.tess.tile050.png,C:\Users\User\Downloads\OCR-Engine\ops\page_010_clahe_10.tess.tile050.png,163348,True,,,
page_010_clahe_10.tess.tile050.tess.txt,C:\Users\User\Downloads\OCR-Engine\ops\page_010_clahe_10.tess.tile050.tess.txt,7,False,,,川 |\n
page_010_clahe_10.tess.tile051.png,C:\Users\User\Downloads\OCR-Engine\ops\page_010_clahe_10.tess.tile051.png,613315,True,,,
page_010_clahe_10.tess.tile051.tess.txt,C:\Users\User\Downloads\OCR-Engine\ops\page_010_clahe_10.tess.tile051.tess.txt,367,False,,,"Y 奇 病 隠 に i\n\n蓋\n\n軸 xsin\n\n` 荊 江 利 CLiintain ー\n\n迷 Gerinany\n\n①\n\n北 梨 付 紫 国 は ⑤. A ー\n\n他 Othcrs\n\n⑲\n\n|\n\nー\n\n囁\n\n本 m\n\n田 華 馬 国 Chins\n\nに ま お\n\nr ⑧\n\n` 慄\n\n羅 Russh\n\n唇 英 害 相 lidcin 映\n\n|\n\n縄\n\n,{\n\n: 蝉\n\n讀 Gcmuany\n\n・ 学 来 食 "
page_010_clahe_10.tess.tile052.png,C:\Users\User\Downloads\OCR-Engine\ops\page_010_clahe_10.tess.tile052.png,381958,True,,,
page_010_clahe_10.tess.tile052.tess.txt,C:\Users\User\Downloads\OCR-Engine\ops\page_010_clahe_10.tess.tile052.tess.txt,230,False,,,W\n\n①\n\nrr\n\n代\n\nt i\n\nW\n\naa\n\nc f\n\nド\n\ng\n\nm い\n\nP が\n\nば\n\nだ\n\nに 沼 畜\n\nu①\n\nS\n\nキ cT\n\nに ゃ\n\n沼\n\nC e\n\ne\n\ne\n\nも\n\nョ a\n\npa\n\n酬 ま\n\n【 ぼ\n\nョ\n\n計\n\n睦\n
page_010_clahe_10.tess.tile053.png,C:\Users\User\Downloads\OCR-Engine\ops\page_010_clahe_10.tess.tile053.png,106480,True,,,
page_010_clahe_10.tess.tile053.tess.txt,C:\Users\User\Downloads\OCR-Engine\ops\page_010_clahe_10.tess.tile053.tess.txt,12,False,,,旧\n\n川\n
page_010_clahe_10.tess.tile054.png,C:\Users\User\Downloads\OCR-Engine\ops\page_010_clahe_10.tess.tile054.png,11697,True,,,
page_010_clahe_10.tess.tile054.tess.txt,C:\Users\User\Downloads\OCR-Engine\ops\page_010_clahe_10.tess.tile054.tess.txt,0,False,,,
page_010_clahe_10.tess.tile055.png,C:\Users\User\Downloads\OCR-Engine\ops\page_010_clahe_10.tess.tile055.png,118510,True,,,
page_010_clahe_10.tess.tile055.tess.txt,C:\Users\User\Downloads\OCR-Engine\ops\page_010_clahe_10.tess.tile055.tess.txt,0,False,,,
page_010_clahe_10.tess.tile056.png,C:\Users\User\Downloads\OCR-Engine\ops\page_010_clahe_10.tess.tile056.png,114218,True,,,
page_010_clahe_10.tess.tile056.tess.txt,C:\Users\User\Downloads\OCR-Engine\ops\page_010_clahe_10.tess.tile056.tess.txt,0,False,,,
page_010_clahe_10.tess.tile057.png,C:\Users\User\Downloads\OCR-Engine\ops\page_010_clahe_10.tess.tile057.png,10264,True,,,
page_010_clahe_10.tess.tile057.tess.txt,C:\Users\User\Downloads\OCR-Engine\ops\page_010_clahe_10.tess.tile057.tess.txt,0,False,,,
page_010_clahe_10.tess.tile058.png,C:\Users\User\Downloads\OCR-Engine\ops\page_010_clahe_10.tess.tile058.png,7321,True,,,
page_010_clahe_10.tess.tile058.tess.txt,C:\Users\User\Downloads\OCR-Engine\ops\page_010_clahe_10.tess.tile058.tess.txt,0,False,,,
page_010_clahe_10.tess.tile059.png,C:\Users\User\Downloads\OCR-Engine\ops\page_010_clahe_10.tess.tile059.png,8694,True,,,
page_010_clahe_10.tess.tile059.tess.txt,C:\Users\User\Downloads\OCR-Engine\ops\page_010_clahe_10.tess.tile059.tess.txt,0,False,,,
page_010_clahe_10.tess.tile060.png,C:\Users\User\Downloads\OCR-Engine\ops\page_010_clahe_10.tess.tile060.png,166840,True,,,
page_010_clahe_10.tess.tile060.tess.txt,C:\Users\User\Downloads\OCR-Engine\ops\page_010_clahe_10.tess.tile060.tess.txt,7,False,,,③00\n
page_010_clahe_10.tess.tile061.png,C:\Users\User\Downloads\OCR-Engine\ops\page_010_clahe_10.tess.tile061.png,188768,True,,,
page_010_clahe_10.tess.tile061.tess.txt,C:\Users\User\Downloads\OCR-Engine\ops\page_010_clahe_10.tess.tile061.tess.txt,20,False,,,旧 目\n\n川 門\n
page_010_clahe_10.tess.tile062.png,C:\Users\User\Downloads\OCR-Engine\ops\page_010_clahe_10.tess.tile062.png,618503,True,,,
page_010_clahe_10.tess.tile062.tess.txt,C:\Users\User\Downloads\OCR-Engine\ops\page_010_clahe_10.tess.tile062.tess.txt,485,False,,,"'〝‥~ F a 闇 沼 代 と 閻 記 S 捨 に に に s ー=ー…""ー\n\nト っ\n\n囚\n\n礫 Gcmuany\n\n内 ま 津 入 紗 綱 り ⑤ ん 目\n\nt\n\n共\n\n他 (thcrs\n\n⑲③①\n\n囁\n\nブ ュ\n\n!\n\nI\n\n|\n\nネ mm\n\nと ` 朱 菓 民 國 China -\n\n①\n\n⑯ な 芦\n\nI 奮\n\n輝 Russia\n\n( ダ\n\n` 苔 安 刑 GLBribin 鱈 譜\n\nは "
page_010_clahe_10.tess.tile063.png,C:\Users\User\Downloads\OCR-Engine\ops\page_010_clahe_10.tess.tile063.png,441620,True,,,
page_010_clahe_10.tess.tile063.tess.txt,C:\Users\User\Downloads\OCR-Engine\ops\page_010_clahe_10.tess.tile063.tess.txt,272,False,,,ョ ま\n\n)\n\nC\n\nッ ょ\n\n・~縄\n\nよ ド い\n\nョ セ\n\nw t\n\n丁]〕ー\n\n⑪~\n\nm 吼\n\n①aa か い d\n\nて e\n\nP n\n\n【 い\n\n+ {肘]\n\nゃ ナ か り\n\n⑮③\n\n鴨ーr\n\n①\n\nL\n\nd き ⑧\n\nー。 醐 關\n\nI\n\n?Q\n\n弧\n\nF 、\n
page_010_clahe_10.tess.tile064.png,C:\Users\User\Downloads\OCR-Engine\ops\page_010_clahe_10.tess.tile064.png,124015,True,,,
page_010_clahe_10.tess.tile064.tess.txt,C:\Users\User\Downloads\OCR-Engine\ops\page_010_clahe_10.tess.tile064.tess.txt,17,False,,,相\n\nW\n\n言\n
page_010_clahe_10.tess.tile065.png,C:\Users\User\Downloads\OCR-Engine\ops\page_010_clahe_10.tess.tile065.png,5001,True,,,
page_010_clahe_10.tess.tile065.tess.txt,C:\Users\User\Downloads\OCR-Engine\ops\page_010_clahe_10.tess.tile065.tess.txt,0,False,,,
page_010_clahe_10.tess.tile066.png,C:\Users\User\Downloads\OCR-Engine\ops\page_010_clahe_10.tess.tile066.png,89734,True,,,
page_010_clahe_10.tess.tile066.tess.txt,C:\Users\User\Downloads\OCR-Engine\ops\page_010_clahe_10.tess.tile066.tess.txt,7,False,,,ョ a\n
page_010_clahe_10.tess.tile067.png,C:\Users\User\Downloads\OCR-Engine\ops\page_010_clahe_10.tess.tile067.png,100348,True,,,
page_010_clahe_10.tess.tile067.tess.txt,C:\Users\User\Downloads\OCR-Engine\ops\page_010_clahe_10.tess.tile067.tess.txt,7,False,,,ョ a\n
page_010_clahe_10.tess.tile068.png,C:\Users\User\Downloads\OCR-Engine\ops\page_010_clahe_10.tess.tile068.png,25875,True,,,
page_010_clahe_10.tess.tile068.tess.txt,C:\Users\User\Downloads\OCR-Engine\ops\page_010_clahe_10.tess.tile068.tess.txt,0,False,,,
page_010_clahe_10.tess.tile069.png,C:\Users\User\Downloads\OCR-Engine\ops\page_010_clahe_10.tess.tile069.png,21244,True,,,
page_010_clahe_10.tess.tile069.tess.txt,C:\Users\User\Downloads\OCR-Engine\ops\page_010_clahe_10.tess.tile069.tess.txt,0,False,,,
page_010_clahe_10.tess.tile070.png,C:\Users\User\Downloads\OCR-Engine\ops\page_010_clahe_10.tess.tile070.png,27802,True,,,
page_010_clahe_10.tess.tile070.tess.txt,C:\Users\User\Downloads\OCR-Engine\ops\page_010_clahe_10.tess.tile070.tess.txt,0,False,,,
page_010_clahe_10.tess.tile071.png,C:\Users\User\Downloads\OCR-Engine\ops\page_010_clahe_10.tess.tile071.png,147336,True,,,
page_010_clahe_10.tess.tile071.tess.txt,C:\Users\User\Downloads\OCR-Engine\ops\page_010_clahe_10.tess.tile071.tess.txt,42,False,,,③0⑥\n\nー ー ニ ーーー 一 一\n
page_010_clahe_10.tess.tile072.png,C:\Users\User\Downloads\OCR-Engine\ops\page_010_clahe_10.tess.tile072.png,121285,True,,,
page_010_clahe_10.tess.tile072.tess.txt,C:\Users\User\Downloads\OCR-Engine\ops\page_010_clahe_10.tess.tile072.tess.txt,47,False,,,皿\n\n?\n\nI\n\n⑤\n\n‥\n\nー\n\nー ー\n
page_010_clahe_10.tess.tile073.png,C:\Users\User\Downloads\OCR-Engine\ops\page_010_clahe_10.tess.tile073.png,196535,True,,,
page_010_clahe_10.tess.tile073.tess.txt,C:\Users\User\Downloads\OCR-Engine\ops\page_010_clahe_10.tess.tile073.tess.txt,116,False,,,誌 d S 。\n\nし T\n\nし M に\n\n用\n\n他 (胸ブ\n\n0\n\n⑤0 ⑳ I⑥\n\n①0 ⑨0\n\nMNiillinn\n\nNMilfnn\n
page_010_clahe_10.tess.tile074.png,C:\Users\User\Downloads\OCR-Engine\ops\page_010_clahe_10.tess.tile074.png,159079,True,,,
page_010_clahe_10.tess.tile074.tess.txt,C:\Users\User\Downloads\OCR-Engine\ops\page_010_clahe_10.tess.tile074.tess.txt,112,False,,,Ci u\n\nー ト\n\nロ T\n\n-\n\nト す\n\n~\n\n日\n\n†〟\n\nU ⑤\n\n00\n\n?Ul\n\nR\n\ninm\n\nmm ニ ー\n
page_010_clahe_10.tess.tile075.png,C:\Users\User\Downloads\OCR-Engine\ops\page_010_clahe_10.tess.tile075.png,86699,True,,,
page_010_clahe_10.tess.tile075.tess.txt,C:\Users\User\Downloads\OCR-Engine\ops\page_010_clahe_10.tess.tile075.tess.txt,5,False,,,ー\n
page_010_clahe_10.tess.tile076.png,C:\Users\User\Downloads\OCR-Engine\ops\page_010_clahe_10.tess.tile076.png,10924,True,,,
page_010_clahe_10.tess.tile076.tess.txt,C:\Users\User\Downloads\OCR-Engine\ops\page_010_clahe_10.tess.tile076.tess.txt,0,False,,,
page_010_clahe_10.tess.tile077.png,C:\Users\User\Downloads\OCR-Engine\ops\page_010_clahe_10.tess.tile077.png,9497,True,,,
page_010_clahe_10.tess.tile077.tess.txt,C:\Users\User\Downloads\OCR-Engine\ops\page_010_clahe_10.tess.tile077.tess.txt,48,False,,,現 ①\n\n~・‥;\n\nす\n\nし 沼\n\n惟 i\n
page_010_clahe_10.tess.tile078.png,C:\Users\User\Downloads\OCR-Engine\ops\page_010_clahe_10.tess.tile078.png,13410,True,,,
page_010_clahe_10.tess.tile078.tess.txt,C:\Users\User\Downloads\OCR-Engine\ops\page_010_clahe_10.tess.tile078.tess.txt,0,False,,,
page_010_clahe_10.tess.tile079.png,C:\Users\User\Downloads\OCR-Engine\ops\page_010_clahe_10.tess.tile079.png,7428,True,,,
page_010_clahe_10.tess.tile079.tess.txt,C:\Users\User\Downloads\OCR-Engine\ops\page_010_clahe_10.tess.tile079.tess.txt,29,False,,,__'\n\n里\n\nDe\n\nに 迦\n
page_010_clahe_10.tess.tile080.png,C:\Users\User\Downloads\OCR-Engine\ops\page_010_clahe_10.tess.tile080.png,8256,True,,,
page_010_clahe_10.tess.tile080.tess.txt,C:\Users\User\Downloads\OCR-Engine\ops\page_010_clahe_10.tess.tile080.tess.txt,0,False,,,
page_010_clahe_10.tess.tile081.png,C:\Users\User\Downloads\OCR-Engine\ops\page_010_clahe_10.tess.tile081.png,15580,True,,,
page_010_clahe_10.tess.tile081.tess.txt,C:\Users\User\Downloads\OCR-Engine\ops\page_010_clahe_10.tess.tile081.tess.txt,0,False,,,
page_010_clahe_10.tess.tile082.png,C:\Users\User\Downloads\OCR-Engine\ops\page_010_clahe_10.tess.tile082.png,7209,True,,,
page_010_clahe_10.tess.tile082.tess.txt,C:\Users\User\Downloads\OCR-Engine\ops\page_010_clahe_10.tess.tile082.tess.txt,0,False,,,
page_010_clahe_10.tess.tile083.png,C:\Users\User\Downloads\OCR-Engine\ops\page_010_clahe_10.tess.tile083.png,16845,True,,,
page_010_clahe_10.tess.tile083.tess.txt,C:\Users\User\Downloads\OCR-Engine\ops\page_010_clahe_10.tess.tile083.tess.txt,10,False,,,ピ\n\n#\n
page_010_clahe_10.tess.tile084.png,C:\Users\User\Downloads\OCR-Engine\ops\page_010_clahe_10.tess.tile084.png,15057,True,,,
page_010_clahe_10.tess.tile084.tess.txt,C:\Users\User\Downloads\OCR-Engine\ops\page_010_clahe_10.tess.tile084.tess.txt,0,False,,,
page_010_clahe_10.tess.tile085.png,C:\Users\User\Downloads\OCR-Engine\ops\page_010_clahe_10.tess.tile085.png,86535,True,,,
page_010_clahe_10.tess.tile085.tess.txt,C:\Users\User\Downloads\OCR-Engine\ops\page_010_clahe_10.tess.tile085.tess.txt,97,False,,,"~麒髏 】\n\nミ ま ー つ と\n\nぱ\n\nー_\n\nド マ ー\n\n和 *\n\n'璽\n\n・〕""【\n"
page_010_clahe_10.tess.tile086.png,C:\Users\User\Downloads\OCR-Engine\ops\page_010_clahe_10.tess.tile086.png,226052,True,,,
page_010_clahe_10.tess.tile086.tess.txt,C:\Users\User\Downloads\OCR-Engine\ops\page_010_clahe_10.tess.tile086.tess.txt,461,False,,,"に\n\nャ\n\n【 に\n\n_ _\n\nR\n\nーー\n\na\n\nネ ッ\n\nacca\n\n""~_縄\n\n` 騙\n\n~_\n\ntYl,\n\n①\n\nー ョ eー ニ ー ド\n\n・ーぜ藁\n\nュ ュ\n\nョ ー ョ\n\nむ S\n\nu e\n\nーー_\n\nョ a\n\nC\n\nー,_,」 L ー'“\n\n・~-\n\nュ\n\nに 【 和\n\nj ー\n\n山}ヱ ' ・ ー二ー_~典 〔_縄」\n\n」_~\n\n縄轟r\n\nさ RM ょ\n\n恐\n\nト m ェ ネ ー"
page_010_clahe_10.tess.tile087.png,C:\Users\User\Downloads\OCR-Engine\ops\page_010_clahe_10.tess.tile087.png,113268,True,,,
page_010_clahe_10.tess.tile087.tess.txt,C:\Users\User\Downloads\OCR-Engine\ops\page_010_clahe_10.tess.tile087.tess.txt,222,False,,,れ f\n\nih\n\n牌\n\nJ rr\n\nド a\n\nMaea\n\nR 林 e\n\nー シ ー ー ー ト\n\n[S\n\nー 一\n\nョ m マ\n\nー ビ\n\n` 院 に\n\nャ e キ\n\nミ ま\n\n斜\n\nに E 」\n\nー\n\nよ う\n\nマ ー ョ\n\na eR\n
page_010_clahe_10.tess.tiled.psm11.clean.txt,C:\Users\User\Downloads\OCR-Engine\ops\page_010_clahe_10.tess.tiled.psm11.clean.txt,2580,False,,,"メ ー31ー4. 轍 出Values of Exports( 軸入 )Imports&4【11 値Rーー圧 入 主 要 國 別 累ports and Iimports by F0...〝「i'悔入)【(FmHil16 す でt 璋~“; _] 累 年 比 秘ountries,1081 01015( 輪自 )Exhortst 璋縄“; ョ1 傳? 磋」 ョ|ー{崎【(FmHilt TR&NWォ119"
page_010_clahe_10.tess.tiled.psm11.normalized.txt,C:\Users\User\Downloads\OCR-Engine\ops\page_010_clahe_10.tess.tiled.psm11.normalized.txt,3512,False,,,"メ ー\n③ ①\nー\n④. 轍 出\nValues of Exports\n( 軸\n入 )\nImports\n& ④\n【 ①\n① 値\nR\nーー\n圧 入 主 要 國 別 累\nports and Iimports by F0…〝「i'\n悔入)\n【(FmHil\n⑯ す で\nt 璋~“; _\n] 累 年 比 秘\nountries, ①0⑧① {0 ①0①⑤\n( 輪\n自 )\nExhorts\nt 璋縄“; ョ\n① 傳"
page_010_clahe_10.tess.tiled.psm11.normalized.txt.ollama.suggested.txt,C:\Users\User\Downloads\OCR-Engine\ops\page_010_clahe_10.tess.tiled.psm11.normalized.txt.ollama.suggested.txt,3506,False,,,"メ ー\n③ ①\nー\n④. 轍 出\nValues of Exports\n( 軸\n入 )\nImports\n& ④\n【 ①\n① 値\nR\nーー\n圧 入 主 要 國 別 累\nError: unknown flag: --prompt\n悔入)\n【(FmHil\n⑯ す で\nt 璋~“; _\n] 累 年 比 秘\nountries, ①0⑧① {0 ①0①⑤\n( 輪\n自 )\nExhorts\nt 璋縄“; ョ\n① 傳"
page_010_clahe_10.tess.tiled.psm11.txt,C:\Users\User\Downloads\OCR-Engine\ops\page_010_clahe_10.tess.tiled.psm11.txt,4216,False,,,"メ ー\n③ ①\nー\n\n④. 轍 出\n\nValues of Exports\n\n( 軸\n\n入 )\n\nImports\n\n& ④\n\n【 ①\n\n① 値\n\nR\nーー\n\n圧 入 主 要 國 別 累\n\nports and Iimports by F0…〝「i'\n\n悔入)\n\n【(FmHil\n\n⑯ す で\n\nt 璋~“; _\n] 累 年 比 秘\n\nountries, ①0⑧① {0 ①0①⑤\n\n( 輪\n\n自 )\n\nE"
page_010_clahe_11.clean.txt,C:\Users\User\Downloads\OCR-Engine\ops\page_010_clahe_11.clean.txt,0,False,,,
page_010_clahe_11.png,C:\Users\User\Downloads\OCR-Engine\ops\page_010_clahe_11.png,10224750,True,,,
page_010_clahe_11.rapid.txt,C:\Users\User\Downloads\OCR-Engine\ops\page_010_clahe_11.rapid.txt,0,False,,,
page_010_clahe_11.tess.tile000.png,C:\Users\User\Downloads\OCR-Engine\ops\page_010_clahe_11.tess.tile000.png,23141,True,,,
page_010_clahe_11.tess.tile000.tess.txt,C:\Users\User\Downloads\OCR-Engine\ops\page_010_clahe_11.tess.tile000.tess.txt,0,False,,,
page_010_clahe_11.tess.tile001.png,C:\Users\User\Downloads\OCR-Engine\ops\page_010_clahe_11.tess.tile001.png,62307,True,,,
page_010_clahe_11.tess.tile001.tess.txt,C:\Users\User\Downloads\OCR-Engine\ops\page_010_clahe_11.tess.tile001.tess.txt,0,False,,,
page_010_clahe_11.tess.tile002.png,C:\Users\User\Downloads\OCR-Engine\ops\page_010_clahe_11.tess.tile002.png,25096,True,,,
page_010_clahe_11.tess.tile002.tess.txt,C:\Users\User\Downloads\OCR-Engine\ops\page_010_clahe_11.tess.tile002.tess.txt,0,False,,,
page_010_clahe_11.tess.tile003.png,C:\Users\User\Downloads\OCR-Engine\ops\page_010_clahe_11.tess.tile003.png,22697,True,,,
page_010_clahe_11.tess.tile003.tess.txt,C:\Users\User\Downloads\OCR-Engine\ops\page_010_clahe_11.tess.tile003.tess.txt,0,False,,,
page_010_clahe_11.tess.tile004.png,C:\Users\User\Downloads\OCR-Engine\ops\page_010_clahe_11.tess.tile004.png,25759,True,,,
page_010_clahe_11.tess.tile004.tess.txt,C:\Users\User\Downloads\OCR-Engine\ops\page_010_clahe_11.tess.tile004.tess.txt,0,False,,,
page_010_clahe_11.tess.tile005.png,C:\Users\User\Downloads\OCR-Engine\ops\page_010_clahe_11.tess.tile005.png,69490,True,,,
page_010_clahe_11.tess.tile005.tess.txt,C:\Users\User\Downloads\OCR-Engine\ops\page_010_clahe_11.tess.tile005.tess.txt,0,False,,,
page_010_clahe_11.tess.tile006.png,C:\Users\User\Downloads\OCR-Engine\ops\page_010_clahe_11.tess.tile006.png,22334,True,,,
page_010_clahe_11.tess.tile006.tess.txt,C:\Users\User\Downloads\OCR-Engine\ops\page_010_clahe_11.tess.tile006.tess.txt,0,False,,,
page_010_clahe_11.tess.tile007.png,C:\Users\User\Downloads\OCR-Engine\ops\page_010_clahe_11.tess.tile007.png,26722,True,,,
page_010_clahe_11.tess.tile007.tess.txt,C:\Users\User\Downloads\OCR-Engine\ops\page_010_clahe_11.tess.tile007.tess.txt,0,False,,,
page_010_clahe_11.tess.tile008.png,C:\Users\User\Downloads\OCR-Engine\ops\page_010_clahe_11.tess.tile008.png,25310,True,,,
page_010_clahe_11.tess.tile008.tess.txt,C:\Users\User\Downloads\OCR-Engine\ops\page_010_clahe_11.tess.tile008.tess.txt,0,False,,,
page_010_clahe_11.tess.tile009.png,C:\Users\User\Downloads\OCR-Engine\ops\page_010_clahe_11.tess.tile009.png,36764,True,,,
page_010_clahe_11.tess.tile009.tess.txt,C:\Users\User\Downloads\OCR-Engine\ops\page_010_clahe_11.tess.tile009.tess.txt,0,False,,,
page_010_clahe_11.tess.tile010.png,C:\Users\User\Downloads\OCR-Engine\ops\page_010_clahe_11.tess.tile010.png,13850,True,,,
page_010_clahe_11.tess.tile010.tess.txt,C:\Users\User\Downloads\OCR-Engine\ops\page_010_clahe_11.tess.tile010.tess.txt,0,False,,,
page_010_clahe_11.tess.tile011.png,C:\Users\User\Downloads\OCR-Engine\ops\page_010_clahe_11.tess.tile011.png,50914,True,,,
page_010_clahe_11.tess.tile011.tess.txt,C:\Users\User\Downloads\OCR-Engine\ops\page_010_clahe_11.tess.tile011.tess.txt,0,False,,,
page_010_clahe_11.tess.tile012.png,C:\Users\User\Downloads\OCR-Engine\ops\page_010_clahe_11.tess.tile012.png,85127,True,,,
page_010_clahe_11.tess.tile012.tess.txt,C:\Users\User\Downloads\OCR-Engine\ops\page_010_clahe_11.tess.tile012.tess.txt,0,False,,,
page_010_clahe_11.tess.tile013.png,C:\Users\User\Downloads\OCR-Engine\ops\page_010_clahe_11.tess.tile013.png,5335,True,,,
page_010_clahe_11.tess.tile013.tess.txt,C:\Users\User\Downloads\OCR-Engine\ops\page_010_clahe_11.tess.tile013.tess.txt,0,False,,,
page_010_clahe_11.tess.tile014.png,C:\Users\User\Downloads\OCR-Engine\ops\page_010_clahe_11.tess.tile014.png,5545,True,,,
page_010_clahe_11.tess.tile014.tess.txt,C:\Users\User\Downloads\OCR-Engine\ops\page_010_clahe_11.tess.tile014.tess.txt,0,False,,,
page_010_clahe_11.tess.tile015.png,C:\Users\User\Downloads\OCR-Engine\ops\page_010_clahe_11.tess.tile015.png,5542,True,,,
page_010_clahe_11.tess.tile015.tess.txt,C:\Users\User\Downloads\OCR-Engine\ops\page_010_clahe_11.tess.tile015.tess.txt,0,False,,,
page_010_clahe_11.tess.tile016.png,C:\Users\User\Downloads\OCR-Engine\ops\page_010_clahe_11.tess.tile016.png,101853,True,,,
page_010_clahe_11.tess.tile016.tess.txt,C:\Users\User\Downloads\OCR-Engine\ops\page_010_clahe_11.tess.tile016.tess.txt,9,False,,,③ ①\n
page_010_clahe_11.tess.tile017.png,C:\Users\User\Downloads\OCR-Engine\ops\page_010_clahe_11.tess.tile017.png,171778,True,,,
page_010_clahe_11.tess.tile017.tess.txt,C:\Users\User\Downloads\OCR-Engine\ops\page_010_clahe_11.tess.tile017.tess.txt,100,False,,,④. 轍 出\n\nValues of Exports\n\n( 輸\n\n入 )\n\nImports\n\n③ 華\n\n? 蓋\n\n① 値\n\n~\n
page_010_clahe_11.tess.tile018.png,C:\Users\User\Downloads\OCR-Engine\ops\page_010_clahe_11.tess.tile018.png,218092,True,,,
page_010_clahe_11.tess.tile018.tess.txt,C:\Users\User\Downloads\OCR-Engine\ops\page_010_clahe_11.tess.tile018.tess.txt,139,False,,,朱 入 主 要 國 別 累\n\nPorts and Imports by P0…囁「iー\n\n麓入)\n\n佐\n\n⑤ $ ①\n\n( 苑 詞 |\n\n①0 す 長\n\nwm _\n
page_010_clahe_11.tess.tile019.png,C:\Users\User\Downloads\OCR-Engine\ops\page_010_clahe_11.tess.tile019.png,191578,True,,,
page_010_clahe_11.tess.tile019.tess.txt,C:\Users\User\Downloads\OCR-Engine\ops\page_010_clahe_11.tess.tile019.tess.txt,125,False,,,"| 累 年 比 軽\n\nountrics, ①0⑧① {0 ①0⑧⑤\n\n( 輝\n\n自 )\n\nExhports\n\n⑪\n\nョ 暗\n\n① 傳\n\n? 磋\n"
page_010_clahe_11.tess.tile020.png,C:\Users\User\Downloads\OCR-Engine\ops\page_010_clahe_11.tess.tile020.png,63856,True,,,
page_010_clahe_11.tess.tile020.tess.txt,C:\Users\User\Downloads\OCR-Engine\ops\page_010_clahe_11.tess.tile020.tess.txt,9,False,,,」 ョ\n
page_010_clahe_11.tess.tile021.png,C:\Users\User\Downloads\OCR-Engine\ops\page_010_clahe_11.tess.tile021.png,19659,True,,,
page_010_clahe_11.tess.tile021.tess.txt,C:\Users\User\Downloads\OCR-Engine\ops\page_010_clahe_11.tess.tile021.tess.txt,0,False,,,
page_010_clahe_11.tess.tile022.png,C:\Users\User\Downloads\OCR-Engine\ops\page_010_clahe_11.tess.tile022.png,66948,True,,,
page_010_clahe_11.tess.tile022.tess.txt,C:\Users\User\Downloads\OCR-Engine\ops\page_010_clahe_11.tess.tile022.tess.txt,3,False,,,|\n
page_010_clahe_11.tess.tile023.png,C:\Users\User\Downloads\OCR-Engine\ops\page_010_clahe_11.tess.tile023.png,88740,True,,,
page_010_clahe_11.tess.tile023.tess.txt,C:\Users\User\Downloads\OCR-Engine\ops\page_010_clahe_11.tess.tile023.tess.txt,0,False,,,
page_010_clahe_11.tess.tile024.png,C:\Users\User\Downloads\OCR-Engine\ops\page_010_clahe_11.tess.tile024.png,5335,True,,,
page_010_clahe_11.tess.tile024.tess.txt,C:\Users\User\Downloads\OCR-Engine\ops\page_010_clahe_11.tess.tile024.tess.txt,0,False,,,
page_010_clahe_11.tess.tile025.png,C:\Users\User\Downloads\OCR-Engine\ops\page_010_clahe_11.tess.tile025.png,5335,True,,,
page_010_clahe_11.tess.tile025.tess.txt,C:\Users\User\Downloads\OCR-Engine\ops\page_010_clahe_11.tess.tile025.tess.txt,0,False,,,
page_010_clahe_11.tess.tile026.png,C:\Users\User\Downloads\OCR-Engine\ops\page_010_clahe_11.tess.tile026.png,5335,True,,,
page_010_clahe_11.tess.tile026.tess.txt,C:\Users\User\Downloads\OCR-Engine\ops\page_010_clahe_11.tess.tile026.tess.txt,0,False,,,
page_010_clahe_11.tess.tile027.png,C:\Users\User\Downloads\OCR-Engine\ops\page_010_clahe_11.tess.tile027.png,118425,True,,,
page_010_clahe_11.tess.tile027.tess.txt,C:\Users\User\Downloads\OCR-Engine\ops\page_010_clahe_11.tess.tile027.tess.txt,6,False,,,ー}\n
page_010_clahe_11.tess.tile028.png,C:\Users\User\Downloads\OCR-Engine\ops\page_010_clahe_11.tess.tile028.png,133186,True,,,
page_010_clahe_11.tess.tile028.tess.txt,C:\Users\User\Downloads\OCR-Engine\ops\page_010_clahe_11.tess.tile028.tess.txt,5,False,,,崎\n
page_010_clahe_11.tess.tile029.png,C:\Users\User\Downloads\OCR-Engine\ops\page_010_clahe_11.tess.tile029.png,394676,True,,,
page_010_clahe_11.tess.tile029.tess.txt,C:\Users\User\Downloads\OCR-Engine\ops\page_010_clahe_11.tess.tile029.tess.txt,348,False,,,( 下 乙 R\n\nt TRI\n\n⑤ $ ①\n\n⑲③⑤\n\n⑨\n\nl\n\nI ① 【\n\n円\n\n赤 Jammn\n\nて\n\nョ\n\n中 薇 民 国 Chinn\n\n藻\n\n聴 Kussia\n\n葺 合 判 t Imtuin\n\nに |\n\n鐵 Gerntany\n\n_ 食 江 口 痴 國 り . 口 A\n\n北\n\n慕 (Nhcrs\n\n惟\n\n⑲③④\n\nH\n\n本 mn\n\n[ ォ\n\n|\n\nI ①\n\n. 軸 臺 屋 團 れ hina
page_010_clahe_11.tess.tile030.png,C:\Users\User\Downloads\OCR-Engine\ops\page_010_clahe_11.tess.tile030.png,327840,True,,,
page_010_clahe_11.tess.tile030.tess.txt,C:\Users\User\Downloads\OCR-Engine\ops\page_010_clahe_11.tess.tile030.tess.txt,228,False,,,]\n\nExhports\n\nt TRI\n\n① ③\n\n① 傾\n\n② 儘\n\ni 巡\n\n① ま 随\n\nRK\n\nか に エ も\n\nrjh\n\n用\n\n」\n\nU い r\n\nご う コ\n\nい\n\nb は ①\n\nk\n\nP ‥{\n\nす rom\n\nい a\n\nR れ浩\n\nWm F\n
page_010_clahe_11.tess.tile031.png,C:\Users\User\Downloads\OCR-Engine\ops\page_010_clahe_11.tess.tile031.png,75079,True,,,
page_010_clahe_11.tess.tile031.tess.txt,C:\Users\User\Downloads\OCR-Engine\ops\page_010_clahe_11.tess.tile031.tess.txt,8,False,,,誰ー\n
page_010_clahe_11.tess.tile032.png,C:\Users\User\Downloads\OCR-Engine\ops\page_010_clahe_11.tess.tile032.png,14384,True,,,
page_010_clahe_11.tess.tile032.tess.txt,C:\Users\User\Downloads\OCR-Engine\ops\page_010_clahe_11.tess.tile032.tess.txt,0,False,,,
page_010_clahe_11.tess.tile033.png,C:\Users\User\Downloads\OCR-Engine\ops\page_010_clahe_11.tess.tile033.png,89246,True,,,
page_010_clahe_11.tess.tile033.tess.txt,C:\Users\User\Downloads\OCR-Engine\ops\page_010_clahe_11.tess.tile033.tess.txt,0,False,,,
page_010_clahe_11.tess.tile034.png,C:\Users\User\Downloads\OCR-Engine\ops\page_010_clahe_11.tess.tile034.png,84773,True,,,
page_010_clahe_11.tess.tile034.tess.txt,C:\Users\User\Downloads\OCR-Engine\ops\page_010_clahe_11.tess.tile034.tess.txt,9,False,,,丿 ①\n
page_010_clahe_11.tess.tile035.png,C:\Users\User\Downloads\OCR-Engine\ops\page_010_clahe_11.tess.tile035.png,5335,True,,,
page_010_clahe_11.tess.tile035.tess.txt,C:\Users\User\Downloads\OCR-Engine\ops\page_010_clahe_11.tess.tile035.tess.txt,0,False,,,
page_010_clahe_11.tess.tile036.png,C:\Users\User\Downloads\OCR-Engine\ops\page_010_clahe_11.tess.tile036.png,6118,True,,,
page_010_clahe_11.tess.tile036.tess.txt,C:\Users\User\Downloads\OCR-Engine\ops\page_010_clahe_11.tess.tile036.tess.txt,0,False,,,
page_010_clahe_11.tess.tile037.png,C:\Users\User\Downloads\OCR-Engine\ops\page_010_clahe_11.tess.tile037.png,5335,True,,,
page_010_clahe_11.tess.tile037.tess.txt,C:\Users\User\Downloads\OCR-Engine\ops\page_010_clahe_11.tess.tile037.tess.txt,0,False,,,
page_010_clahe_11.tess.tile038.png,C:\Users\User\Downloads\OCR-Engine\ops\page_010_clahe_11.tess.tile038.png,121946,True,,,
page_010_clahe_11.tess.tile038.tess.txt,C:\Users\User\Downloads\OCR-Engine\ops\page_010_clahe_11.tess.tile038.tess.txt,6,False,,,ー]\n
page_010_clahe_11.tess.tile039.png,C:\Users\User\Downloads\OCR-Engine\ops\page_010_clahe_11.tess.tile039.png,75105,True,,,
page_010_clahe_11.tess.tile039.tess.txt,C:\Users\User\Downloads\OCR-Engine\ops\page_010_clahe_11.tess.tile039.tess.txt,14,False,,,l\n\n| | | |\n
page_010_clahe_11.tess.tile040.png,C:\Users\User\Downloads\OCR-Engine\ops\page_010_clahe_11.tess.tile040.png,417788,True,,,
page_010_clahe_11.tess.tile040.tess.txt,C:\Users\User\Downloads\OCR-Engine\ops\page_010_clahe_11.tess.tile040.tess.txt,319,False,,,① J W\n\n[ ォ\n\nH\n\n本 mn\n\n- 笑 華 民 国 China\n\n養\n\n轟 Russi\n\n蓋 青 剪 t.①iikiin\n\n|\n\n帖\n\n迷 Gcnnany\n\nFg\n\n食 来 合 絣 崎 U. S ん\n\nM\n\n弐\n\n他 (thcrs\n\n⑲③③\n\n囁\n\n本 mn\n\n山 す ネ\n\n燻攣轟鸞L…m\n\n臓 Ruzsin\n\nl\n\n` 苑 杏 利 CLiintain\n\nh 園\n
page_010_clahe_11.tess.tile041.png,C:\Users\User\Downloads\OCR-Engine\ops\page_010_clahe_11.tess.tile041.png,299425,True,,,
page_010_clahe_11.tess.tile041.tess.txt,C:\Users\User\Downloads\OCR-Engine\ops\page_010_clahe_11.tess.tile041.tess.txt,258,False,,,"P\n\nャ ス r\n\nい ④ で F\n\n院\n\nr\n\nな :\n\nA た コ ヲー璃\n\n⑧LPn\n\n① F\n\n詞\n\nェ ャ\n\n〝f _' _~ー\n\nョ\n\nャ e\n\nー\n\nW\n\nす ゃ る\n\n[ 眼 は く な も\n\nr a\n\nB\n\nA\n\nS 啓\n\na A __〝~賽_【,\n\n」 賭\n"
page_010_clahe_11.tess.tile042.png,C:\Users\User\Downloads\OCR-Engine\ops\page_010_clahe_11.tess.tile042.png,67757,True,,,
page_010_clahe_11.tess.tile042.tess.txt,C:\Users\User\Downloads\OCR-Engine\ops\page_010_clahe_11.tess.tile042.tess.txt,10,False,,,目\n\n|\n
page_010_clahe_11.tess.tile043.png,C:\Users\User\Downloads\OCR-Engine\ops\page_010_clahe_11.tess.tile043.png,12265,True,,,
page_010_clahe_11.tess.tile043.tess.txt,C:\Users\User\Downloads\OCR-Engine\ops\page_010_clahe_11.tess.tile043.tess.txt,0,False,,,
page_010_clahe_11.tess.tile044.png,C:\Users\User\Downloads\OCR-Engine\ops\page_010_clahe_11.tess.tile044.png,106774,True,,,
page_010_clahe_11.tess.tile044.tess.txt,C:\Users\User\Downloads\OCR-Engine\ops\page_010_clahe_11.tess.tile044.tess.txt,10,False,,,|\n\n′\n
page_010_clahe_11.tess.tile045.png,C:\Users\User\Downloads\OCR-Engine\ops\page_010_clahe_11.tess.tile045.png,100834,True,,,
page_010_clahe_11.tess.tile045.tess.txt,C:\Users\User\Downloads\OCR-Engine\ops\page_010_clahe_11.tess.tile045.tess.txt,8,False,,,|\n\n|\n
page_010_clahe_11.tess.tile046.png,C:\Users\User\Downloads\OCR-Engine\ops\page_010_clahe_11.tess.tile046.png,7713,True,,,
page_010_clahe_11.tess.tile046.tess.txt,C:\Users\User\Downloads\OCR-Engine\ops\page_010_clahe_11.tess.tile046.tess.txt,0,False,,,
page_010_clahe_11.tess.tile047.png,C:\Users\User\Downloads\OCR-Engine\ops\page_010_clahe_11.tess.tile047.png,6322,True,,,
page_010_clahe_11.tess.tile047.tess.txt,C:\Users\User\Downloads\OCR-Engine\ops\page_010_clahe_11.tess.tile047.tess.txt,0,False,,,
page_010_clahe_11.tess.tile048.png,C:\Users\User\Downloads\OCR-Engine\ops\page_010_clahe_11.tess.tile048.png,8256,True,,,
page_010_clahe_11.tess.tile048.tess.txt,C:\Users\User\Downloads\OCR-Engine\ops\page_010_clahe_11.tess.tile048.tess.txt,0,False,,,
page_010_clahe_11.tess.tile049.png,C:\Users\User\Downloads\OCR-Engine\ops\page_010_clahe_11.tess.tile049.png,128089,True,,,
page_010_clahe_11.tess.tile049.tess.txt,C:\Users\User\Downloads\OCR-Engine\ops\page_010_clahe_11.tess.tile049.tess.txt,8,False,,,ー縄\n
page_010_clahe_11.tess.tile050.png,C:\Users\User\Downloads\OCR-Engine\ops\page_010_clahe_11.tess.tile050.png,89882,True,,,
page_010_clahe_11.tess.tile050.tess.txt,C:\Users\User\Downloads\OCR-Engine\ops\page_010_clahe_11.tess.tile050.tess.txt,5,False,,,川\n
page_010_clahe_11.tess.tile051.png,C:\Users\User\Downloads\OCR-Engine\ops\page_010_clahe_11.tess.tile051.png,468664,True,,,
page_010_clahe_11.tess.tile051.tess.txt,C:\Users\User\Downloads\OCR-Engine\ops\page_010_clahe_11.tess.tile051.tess.txt,379,False,,,"ド 学 疱 隆 n\n\n蓬\n\n帖 Russin\n\n苑 吉 利 CLiiitain 目\n\n翔\n\n逸 Germany\n\n`\n\n`\n\n北 木 付 素 国 り . S A\n\nn\n\n炊\n\n館 UNhcrs\n\n①0①②\n\n目\n\n本 mmum\n\n‥“""\n\n_ _'_'ー\n\n: 申 華 與 園 China\n\nに ま り\n\n` 恍\n\n羅 Russh\n\n口 英 宮 月 Clidkin\n\n| '{\n\n蝉\n\n礫 Ccmun"
page_010_clahe_11.tess.tile052.png,C:\Users\User\Downloads\OCR-Engine\ops\page_010_clahe_11.tess.tile052.png,311282,True,,,
page_010_clahe_11.tess.tile052.tess.txt,C:\Users\User\Downloads\OCR-Engine\ops\page_010_clahe_11.tess.tile052.tess.txt,175,False,,,````` n は fT\n\nC\n\nW\n\nド\n\nert\n\ng\n\n掻璽⑪蘆\n\nい\n\nぜ\n\n志\n\nk\n\nF きW wt\n\nC e\n\nKT\n\nl\n\n② 迦 す\n\nf |\n\nー「'\n\n①\n\n| |\n\nーー\n
page_010_clahe_11.tess.tile053.png,C:\Users\User\Downloads\OCR-Engine\ops\page_010_clahe_11.tess.tile053.png,71165,True,,,
page_010_clahe_11.tess.tile053.tess.txt,C:\Users\User\Downloads\OCR-Engine\ops\page_010_clahe_11.tess.tile053.tess.txt,18,False,,,W\n\n|\n\nーー\n
page_010_clahe_11.tess.tile054.png,C:\Users\User\Downloads\OCR-Engine\ops\page_010_clahe_11.tess.tile054.png,12041,True,,,
page_010_clahe_11.tess.tile054.tess.txt,C:\Users\User\Downloads\OCR-Engine\ops\page_010_clahe_11.tess.tile054.tess.txt,0,False,,,
page_010_clahe_11.tess.tile055.png,C:\Users\User\Downloads\OCR-Engine\ops\page_010_clahe_11.tess.tile055.png,103518,True,,,
page_010_clahe_11.tess.tile055.tess.txt,C:\Users\User\Downloads\OCR-Engine\ops\page_010_clahe_11.tess.tile055.tess.txt,0,False,,,
page_010_clahe_11.tess.tile056.png,C:\Users\User\Downloads\OCR-Engine\ops\page_010_clahe_11.tess.tile056.png,95890,True,,,
page_010_clahe_11.tess.tile056.tess.txt,C:\Users\User\Downloads\OCR-Engine\ops\page_010_clahe_11.tess.tile056.tess.txt,0,False,,,
page_010_clahe_11.tess.tile057.png,C:\Users\User\Downloads\OCR-Engine\ops\page_010_clahe_11.tess.tile057.png,7855,True,,,
page_010_clahe_11.tess.tile057.tess.txt,C:\Users\User\Downloads\OCR-Engine\ops\page_010_clahe_11.tess.tile057.tess.txt,0,False,,,
page_010_clahe_11.tess.tile058.png,C:\Users\User\Downloads\OCR-Engine\ops\page_010_clahe_11.tess.tile058.png,5365,True,,,
page_010_clahe_11.tess.tile058.tess.txt,C:\Users\User\Downloads\OCR-Engine\ops\page_010_clahe_11.tess.tile058.tess.txt,0,False,,,
page_010_clahe_11.tess.tile059.png,C:\Users\User\Downloads\OCR-Engine\ops\page_010_clahe_11.tess.tile059.png,6032,True,,,
page_010_clahe_11.tess.tile059.tess.txt,C:\Users\User\Downloads\OCR-Engine\ops\page_010_clahe_11.tess.tile059.tess.txt,0,False,,,
page_010_clahe_11.tess.tile060.png,C:\Users\User\Downloads\OCR-Engine\ops\page_010_clahe_11.tess.tile060.png,126393,True,,,
page_010_clahe_11.tess.tile060.tess.txt,C:\Users\User\Downloads\OCR-Engine\ops\page_010_clahe_11.tess.tile060.tess.txt,10,False,,,③0⑥0\n
page_010_clahe_11.tess.tile061.png,C:\Users\User\Downloads\OCR-Engine\ops\page_010_clahe_11.tess.tile061.png,112395,True,,,
page_010_clahe_11.tess.tile061.tess.txt,C:\Users\User\Downloads\OCR-Engine\ops\page_010_clahe_11.tess.tile061.tess.txt,12,False,,,目\n\n川\n
page_010_clahe_11.tess.tile062.png,C:\Users\User\Downloads\OCR-Engine\ops\page_010_clahe_11.tess.tile062.png,479927,True,,,
page_010_clahe_11.tess.tile062.tess.txt,C:\Users\User\Downloads\OCR-Engine\ops\page_010_clahe_11.tess.tile062.tess.txt,493,False,,,ド t 左 途 C 」 啓 に L k に に\n\n蝉\n\n邉 Gcrmuany\n\n| '{\n\n北 来 食 定 鋼 U. S ん\n\n(\n\n共\n\n他 (thcrs\n\n⑲③①\n\n日\n\nよ お k 旭\n\nー\n\nー\n\nl 着\n\n本 hhmm\n\n①\n\n` 巾 薦 民 国 China 、\n\n⑯ 芋\n\n`\n\n⑭。\n\n茂\n\n載 Russi\n\n⑧\n\nェ F が\n\n` 茉 貢 刑 GLBrikin ESy\n\n` 蝉\n\n鶴
page_010_clahe_11.tess.tile063.png,C:\Users\User\Downloads\OCR-Engine\ops\page_010_clahe_11.tess.tile063.png,363570,True,,,
page_010_clahe_11.tess.tile063.tess.txt,C:\Users\User\Downloads\OCR-Engine\ops\page_010_clahe_11.tess.tile063.tess.txt,219,False,,,")\n\nu\n\nUM\n\n① ま\n\nよ お k 粗 向\n\nC\n\nー]〕\n\n⑪` "" 託 ead が e\n\nは\n\nて e\n\nj aue f\n\nェ ド {」ー\n\ny\n\n( 約\n\n幽 |\n\neml\n\nい ま 曲\n\n|\n\nI 醐 旨\n\nI\n\n?\n\n弧\n\n①\n"
page_010_clahe_11.tess.tile064.png,C:\Users\User\Downloads\OCR-Engine\ops\page_010_clahe_11.tess.tile064.png,84626,True,,,
page_010_clahe_11.tess.tile064.tess.txt,C:\Users\User\Downloads\OCR-Engine\ops\page_010_clahe_11.tess.tile064.tess.txt,17,False,,,相\n\nW\n\n言\n
page_010_clahe_11.tess.tile065.png,C:\Users\User\Downloads\OCR-Engine\ops\page_010_clahe_11.tess.tile065.png,4982,True,,,
page_010_clahe_11.tess.tile065.tess.txt,C:\Users\User\Downloads\OCR-Engine\ops\page_010_clahe_11.tess.tile065.tess.txt,0,False,,,
page_010_clahe_11.tess.tile066.png,C:\Users\User\Downloads\OCR-Engine\ops\page_010_clahe_11.tess.tile066.png,82662,True,,,
page_010_clahe_11.tess.tile066.tess.txt,C:\Users\User\Downloads\OCR-Engine\ops\page_010_clahe_11.tess.tile066.tess.txt,9,False,,,⑧ ョ\n
page_010_clahe_11.tess.tile067.png,C:\Users\User\Downloads\OCR-Engine\ops\page_010_clahe_11.tess.tile067.png,88199,True,,,
page_010_clahe_11.tess.tile067.tess.txt,C:\Users\User\Downloads\OCR-Engine\ops\page_010_clahe_11.tess.tile067.tess.txt,5,False,,,①\n
page_010_clahe_11.tess.tile068.png,C:\Users\User\Downloads\OCR-Engine\ops\page_010_clahe_11.tess.tile068.png,19808,True,,,
page_010_clahe_11.tess.tile068.tess.txt,C:\Users\User\Downloads\OCR-Engine\ops\page_010_clahe_11.tess.tile068.tess.txt,0,False,,,
page_010_clahe_11.tess.tile069.png,C:\Users\User\Downloads\OCR-Engine\ops\page_010_clahe_11.tess.tile069.png,16435,True,,,
page_010_clahe_11.tess.tile069.tess.txt,C:\Users\User\Downloads\OCR-Engine\ops\page_010_clahe_11.tess.tile069.tess.txt,0,False,,,
page_010_clahe_11.tess.tile070.png,C:\Users\User\Downloads\OCR-Engine\ops\page_010_clahe_11.tess.tile070.png,23873,True,,,
page_010_clahe_11.tess.tile070.tess.txt,C:\Users\User\Downloads\OCR-Engine\ops\page_010_clahe_11.tess.tile070.tess.txt,0,False,,,
page_010_clahe_11.tess.tile071.png,C:\Users\User\Downloads\OCR-Engine\ops\page_010_clahe_11.tess.tile071.png,119087,True,,,
page_010_clahe_11.tess.tile071.tess.txt,C:\Users\User\Downloads\OCR-Engine\ops\page_010_clahe_11.tess.tile071.tess.txt,40,False,,,③0⑥0\n\nー ニ ーー 一 一 一\n
page_010_clahe_11.tess.tile072.png,C:\Users\User\Downloads\OCR-Engine\ops\page_010_clahe_11.tess.tile072.png,88312,True,,,
page_010_clahe_11.tess.tile072.tess.txt,C:\Users\User\Downloads\OCR-Engine\ops\page_010_clahe_11.tess.tile072.tess.txt,41,False,,,皿\n\n?\n\nI\n\n⑤\n\nし\n\nー\n\n0\n
page_010_clahe_11.tess.tile073.png,C:\Users\User\Downloads\OCR-Engine\ops\page_010_clahe_11.tess.tile073.png,150617,True,,,
page_010_clahe_11.tess.tile073.tess.txt,C:\Users\User\Downloads\OCR-Engine\ops\page_010_clahe_11.tess.tile073.tess.txt,254,False,,,談 d に 0 し こ\n\n( う し\n\ng\n\n他 (thcra\n\n0\n\n⑤0 ③0 ID\n\nlI0 ③0 ⑤0\n\nANiillinn\n\nNMilfnon\n\nュ ニ ニ ー ニ ー ニ ー= ニ ュ ー ーーー ニ ーーーー て ーー 、 こ ニ と ニ ニ ー - = ー ー ー テ て\n
page_010_clahe_11.tess.tile074.png,C:\Users\User\Downloads\OCR-Engine\ops\page_010_clahe_11.tess.tile074.png,123490,True,,,
page_010_clahe_11.tess.tile074.tess.txt,C:\Users\User\Downloads\OCR-Engine\ops\page_010_clahe_11.tess.tile074.tess.txt,84,False,,,g\n\nR れ M は t さ ⑧\n\nー\n\nI0 ③0 ⑤0\n\nI\n\n?Ul\n\ninn\n\nm= ニ ー\n
page_010_clahe_11.tess.tile075.png,C:\Users\User\Downloads\OCR-Engine\ops\page_010_clahe_11.tess.tile075.png,67865,True,,,
page_010_clahe_11.tess.tile075.tess.txt,C:\Users\User\Downloads\OCR-Engine\ops\page_010_clahe_11.tess.tile075.tess.txt,5,False,,,ー\n
page_010_clahe_11.tess.tile076.png,C:\Users\User\Downloads\OCR-Engine\ops\page_010_clahe_11.tess.tile076.png,11363,True,,,
page_010_clahe_11.tess.tile076.tess.txt,C:\Users\User\Downloads\OCR-Engine\ops\page_010_clahe_11.tess.tile076.tess.txt,0,False,,,
page_010_clahe_11.tess.tile077.png,C:\Users\User\Downloads\OCR-Engine\ops\page_010_clahe_11.tess.tile077.png,9720,True,,,
page_010_clahe_11.tess.tile077.tess.txt,C:\Users\User\Downloads\OCR-Engine\ops\page_010_clahe_11.tess.tile077.tess.txt,0,False,,,
page_010_clahe_11.tess.tile078.png,C:\Users\User\Downloads\OCR-Engine\ops\page_010_clahe_11.tess.tile078.png,14519,True,,,
page_010_clahe_11.tess.tile078.tess.txt,C:\Users\User\Downloads\OCR-Engine\ops\page_010_clahe_11.tess.tile078.tess.txt,0,False,,,
page_010_clahe_11.tess.tile079.png,C:\Users\User\Downloads\OCR-Engine\ops\page_010_clahe_11.tess.tile079.png,7470,True,,,
page_010_clahe_11.tess.tile079.tess.txt,C:\Users\User\Downloads\OCR-Engine\ops\page_010_clahe_11.tess.tile079.tess.txt,10,False,,,ま\n\n0\n
page_010_clahe_11.tess.tile080.png,C:\Users\User\Downloads\OCR-Engine\ops\page_010_clahe_11.tess.tile080.png,8115,True,,,
page_010_clahe_11.tess.tile080.tess.txt,C:\Users\User\Downloads\OCR-Engine\ops\page_010_clahe_11.tess.tile080.tess.txt,0,False,,,
page_010_clahe_11.tess.tile081.png,C:\Users\User\Downloads\OCR-Engine\ops\page_010_clahe_11.tess.tile081.png,16270,True,,,
page_010_clahe_11.tess.tile081.tess.txt,C:\Users\User\Downloads\OCR-Engine\ops\page_010_clahe_11.tess.tile081.tess.txt,0,False,,,
page_010_clahe_11.tess.tile082.png,C:\Users\User\Downloads\OCR-Engine\ops\page_010_clahe_11.tess.tile082.png,7466,True,,,
page_010_clahe_11.tess.tile082.tess.txt,C:\Users\User\Downloads\OCR-Engine\ops\page_010_clahe_11.tess.tile082.tess.txt,0,False,,,
page_010_clahe_11.tess.tile083.png,C:\Users\User\Downloads\OCR-Engine\ops\page_010_clahe_11.tess.tile083.png,17775,True,,,
page_010_clahe_11.tess.tile083.tess.txt,C:\Users\User\Downloads\OCR-Engine\ops\page_010_clahe_11.tess.tile083.tess.txt,10,False,,,ピ\n\nf\n
page_010_clahe_11.tess.tile084.png,C:\Users\User\Downloads\OCR-Engine\ops\page_010_clahe_11.tess.tile084.png,15650,True,,,
page_010_clahe_11.tess.tile084.tess.txt,C:\Users\User\Downloads\OCR-Engine\ops\page_010_clahe_11.tess.tile084.tess.txt,0,False,,,
page_010_clahe_11.tess.tile085.png,C:\Users\User\Downloads\OCR-Engine\ops\page_010_clahe_11.tess.tile085.png,95371,True,,,
page_010_clahe_11.tess.tile085.tess.txt,C:\Users\User\Downloads\OCR-Engine\ops\page_010_clahe_11.tess.tile085.tess.txt,115,False,,,P蠣蕁\n\nて シ ー\n\n._~. 丿舞】 〝′ ・_`L\n\n[′\n\nー縄\n\n來\n\nキ ー ド\n\n報 品\n\n'艸\n
page_010_clahe_11.tess.tile086.png,C:\Users\User\Downloads\OCR-Engine\ops\page_010_clahe_11.tess.tile086.png,247462,True,,,
page_010_clahe_11.tess.tile086.tess.txt,C:\Users\User\Downloads\OCR-Engine\ops\page_010_clahe_11.tess.tile086.tess.txt,537,False,,,"ョ\n\nョ ャ セ ー\n\nー\n\nし I に\n\nで\n\nR\n\nー\n\nC\n\np\n\nす\n\nォ\n\nr 吉\n\n""~_縄\n\nャ\n\nー ョ\n\np u\n\nD\n\n、\n\nさ\n\nr\n\n①\n\nテ ー メ\n\n_ーヾ藁'\n\nmt き\n\nに\n\nユ\n\nト\n\ncTyre\n\nu e\n\nーー_ P\n\nォ\n\nEDTC③\n\n髏 区\n\n・~-\n\nュ\n\nD\n\n[ 慶\n\n~「\n\nー\n\nさ\n\nja ー\n\n山}ヱ e\n\nー ム ーーー\n\n_縄 」」 ー"
page_010_clahe_11.tess.tile087.png,C:\Users\User\Downloads\OCR-Engine\ops\page_010_clahe_11.tess.tile087.png,123149,True,,,
page_010_clahe_11.tess.tile087.tess.txt,C:\Users\User\Downloads\OCR-Engine\ops\page_010_clahe_11.tess.tile087.tess.txt,224,False,,,B\n\na\n\nョ\n\nP a\n\n縄}_′'\n\nー嘱ー L\n\n〈 く\n\n艸縄ノー\n\nー\n\n'~ー ュ ー マ\n\nト e そ\n\n[ ー\n\nに 」\n\nー い m ャ ー 一 ー ム 」\n\nよ う\n\nマ ー ョ\n\n④ ま 侵 れ ネ\n
page_010_clahe_11.tess.tiled.psm11.clean.txt,C:\Users\User\Downloads\OCR-Engine\ops\page_010_clahe_11.tess.tiled.psm11.clean.txt,2672,False,,,"314. 轍 出Values of Exports( 輸入 )Imports3 華? 蓋1 値~朱 入 主 要 國 別 累Ports and Imports by P0...囁「iー麓入)佐5 $1( 苑 詞 10 す 長wm _| 累 年 比 軽ountrics,1081 01085( 輝自 )Exhports11ョ 暗1 傳? 磋」 ョ|ー}崎( 下 乙 Rt TRI5 $119359lI1 "
page_010_clahe_11.tess.tiled.psm11.normalized.txt,C:\Users\User\Downloads\OCR-Engine\ops\page_010_clahe_11.tess.tiled.psm11.normalized.txt,3608,False,,,"③ ①\n④. 轍 出\nValues of Exports\n( 輸\n入 )\nImports\n③ 華\n? 蓋\n① 値\n~\n朱 入 主 要 國 別 累\nPorts and Imports by P0…囁「iー\n麓入)\n佐\n⑤ $ ①\n( 苑 詞 |\n①0 す 長\nwm _\n| 累 年 比 軽\nountrics, ①0⑧① {0 ①0⑧⑤\n( 輝\n自 )\nExhports\n⑪\nョ 暗\n① 傳\n? 磋\n」 "
page_010_clahe_11.tess.tiled.psm11.normalized.txt.ollama.suggested.txt,C:\Users\User\Downloads\OCR-Engine\ops\page_010_clahe_11.tess.tiled.psm11.normalized.txt.ollama.suggested.txt,3601,False,,,"③ ①\n④. 轍 出\nValues of Exports\n( 輸\n入 )\nImports\n③ 華\n? 蓋\n① 値\n~\n朱 入 主 要 國 別 累\nError: unknown flag: --prompt\n麓入)\n佐\n⑤ $ ①\n( 苑 詞 |\n①0 す 長\nwm _\n| 累 年 比 軽\nountrics, ①0⑧① {0 ①0⑧⑤\n( 輝\n自 )\nExhports\n⑪\nョ 暗\n① 傳\n? 磋\n」"
page_010_clahe_11.tess.tiled.psm11.txt,C:\Users\User\Downloads\OCR-Engine\ops\page_010_clahe_11.tess.tiled.psm11.txt,4282,False,,,"③ ①\n④. 轍 出\n\nValues of Exports\n\n( 輸\n\n入 )\n\nImports\n\n③ 華\n\n? 蓋\n\n① 値\n\n~\n朱 入 主 要 國 別 累\n\nPorts and Imports by P0…囁「iー\n\n麓入)\n\n佐\n\n⑤ $ ①\n\n( 苑 詞 |\n\n①0 す 長\n\nwm _\n| 累 年 比 軽\n\nountrics, ①0⑧① {0 ①0⑧⑤\n\n( 輝\n\n自 )\n\nExhpor"
page_010_clahe_12.clean.txt,C:\Users\User\Downloads\OCR-Engine\ops\page_010_clahe_12.clean.txt,0,False,,,
page_010_clahe_12.png,C:\Users\User\Downloads\OCR-Engine\ops\page_010_clahe_12.png,10008366,True,,,
page_010_clahe_12.rapid.txt,C:\Users\User\Downloads\OCR-Engine\ops\page_010_clahe_12.rapid.txt,0,False,,,
page_010_clahe_12.tess.tile000.png,C:\Users\User\Downloads\OCR-Engine\ops\page_010_clahe_12.tess.tile000.png,21662,True,,,
page_010_clahe_12.tess.tile000.tess.txt,C:\Users\User\Downloads\OCR-Engine\ops\page_010_clahe_12.tess.tile000.tess.txt,0,False,,,
page_010_clahe_12.tess.tile001.png,C:\Users\User\Downloads\OCR-Engine\ops\page_010_clahe_12.tess.tile001.png,58028,True,,,
page_010_clahe_12.tess.tile001.tess.txt,C:\Users\User\Downloads\OCR-Engine\ops\page_010_clahe_12.tess.tile001.tess.txt,0,False,,,
page_010_clahe_12.tess.tile002.png,C:\Users\User\Downloads\OCR-Engine\ops\page_010_clahe_12.tess.tile002.png,23747,True,,,
page_010_clahe_12.tess.tile002.tess.txt,C:\Users\User\Downloads\OCR-Engine\ops\page_010_clahe_12.tess.tile002.tess.txt,0,False,,,
page_010_clahe_12.tess.tile003.png,C:\Users\User\Downloads\OCR-Engine\ops\page_010_clahe_12.tess.tile003.png,21442,True,,,
page_010_clahe_12.tess.tile003.tess.txt,C:\Users\User\Downloads\OCR-Engine\ops\page_010_clahe_12.tess.tile003.tess.txt,0,False,,,
page_010_clahe_12.tess.tile004.png,C:\Users\User\Downloads\OCR-Engine\ops\page_010_clahe_12.tess.tile004.png,24520,True,,,
page_010_clahe_12.tess.tile004.tess.txt,C:\Users\User\Downloads\OCR-Engine\ops\page_010_clahe_12.tess.tile004.tess.txt,0,False,,,
page_010_clahe_12.tess.tile005.png,C:\Users\User\Downloads\OCR-Engine\ops\page_010_clahe_12.tess.tile005.png,66588,True,,,
page_010_clahe_12.tess.tile005.tess.txt,C:\Users\User\Downloads\OCR-Engine\ops\page_010_clahe_12.tess.tile005.tess.txt,0,False,,,
page_010_clahe_12.tess.tile006.png,C:\Users\User\Downloads\OCR-Engine\ops\page_010_clahe_12.tess.tile006.png,21194,True,,,
page_010_clahe_12.tess.tile006.tess.txt,C:\Users\User\Downloads\OCR-Engine\ops\page_010_clahe_12.tess.tile006.tess.txt,0,False,,,
page_010_clahe_12.tess.tile007.png,C:\Users\User\Downloads\OCR-Engine\ops\page_010_clahe_12.tess.tile007.png,25553,True,,,
page_010_clahe_12.tess.tile007.tess.txt,C:\Users\User\Downloads\OCR-Engine\ops\page_010_clahe_12.tess.tile007.tess.txt,0,False,,,
page_010_clahe_12.tess.tile008.png,C:\Users\User\Downloads\OCR-Engine\ops\page_010_clahe_12.tess.tile008.png,24041,True,,,
page_010_clahe_12.tess.tile008.tess.txt,C:\Users\User\Downloads\OCR-Engine\ops\page_010_clahe_12.tess.tile008.tess.txt,0,False,,,
page_010_clahe_12.tess.tile009.png,C:\Users\User\Downloads\OCR-Engine\ops\page_010_clahe_12.tess.tile009.png,34702,True,,,
page_010_clahe_12.tess.tile009.tess.txt,C:\Users\User\Downloads\OCR-Engine\ops\page_010_clahe_12.tess.tile009.tess.txt,0,False,,,
page_010_clahe_12.tess.tile010.png,C:\Users\User\Downloads\OCR-Engine\ops\page_010_clahe_12.tess.tile010.png,13150,True,,,
page_010_clahe_12.tess.tile010.tess.txt,C:\Users\User\Downloads\OCR-Engine\ops\page_010_clahe_12.tess.tile010.tess.txt,0,False,,,
page_010_clahe_12.tess.tile011.png,C:\Users\User\Downloads\OCR-Engine\ops\page_010_clahe_12.tess.tile011.png,47447,True,,,
page_010_clahe_12.tess.tile011.tess.txt,C:\Users\User\Downloads\OCR-Engine\ops\page_010_clahe_12.tess.tile011.tess.txt,0,False,,,
page_010_clahe_12.tess.tile012.png,C:\Users\User\Downloads\OCR-Engine\ops\page_010_clahe_12.tess.tile012.png,79891,True,,,
page_010_clahe_12.tess.tile012.tess.txt,C:\Users\User\Downloads\OCR-Engine\ops\page_010_clahe_12.tess.tile012.tess.txt,0,False,,,
page_010_clahe_12.tess.tile013.png,C:\Users\User\Downloads\OCR-Engine\ops\page_010_clahe_12.tess.tile013.png,5335,True,,,
page_010_clahe_12.tess.tile013.tess.txt,C:\Users\User\Downloads\OCR-Engine\ops\page_010_clahe_12.tess.tile013.tess.txt,0,False,,,
page_010_clahe_12.tess.tile014.png,C:\Users\User\Downloads\OCR-Engine\ops\page_010_clahe_12.tess.tile014.png,5546,True,,,
page_010_clahe_12.tess.tile014.tess.txt,C:\Users\User\Downloads\OCR-Engine\ops\page_010_clahe_12.tess.tile014.tess.txt,0,False,,,
page_010_clahe_12.tess.tile015.png,C:\Users\User\Downloads\OCR-Engine\ops\page_010_clahe_12.tess.tile015.png,5535,True,,,
page_010_clahe_12.tess.tile015.tess.txt,C:\Users\User\Downloads\OCR-Engine\ops\page_010_clahe_12.tess.tile015.tess.txt,0,False,,,
page_010_clahe_12.tess.tile016.png,C:\Users\User\Downloads\OCR-Engine\ops\page_010_clahe_12.tess.tile016.png,99035,True,,,
page_010_clahe_12.tess.tile016.tess.txt,C:\Users\User\Downloads\OCR-Engine\ops\page_010_clahe_12.tess.tile016.tess.txt,3,False,,,|\n
page_010_clahe_12.tess.tile017.png,C:\Users\User\Downloads\OCR-Engine\ops\page_010_clahe_12.tess.tile017.png,166906,True,,,
page_010_clahe_12.tess.tile017.tess.txt,C:\Users\User\Downloads\OCR-Engine\ops\page_010_clahe_12.tess.tile017.tess.txt,100,False,,,④. 轍 出\n\nValues of Exports\n\n( 輸\n\n入 )\n\nImports\n\n③ 華\n\n? 蓋\n\n① 値\n\nR\n
page_010_clahe_12.tess.tile018.png,C:\Users\User\Downloads\OCR-Engine\ops\page_010_clahe_12.tess.tile018.png,211098,True,,,
page_010_clahe_12.tess.tile018.tess.txt,C:\Users\User\Downloads\OCR-Engine\ops\page_010_clahe_12.tess.tile018.tess.txt,125,False,,,朱 入 主 要 國 別 累\n\nPorts and Imports by P0…ー…ー\n\n艶入)\n\n佐\n\n陳 け\n\n①0⑨ で\n\ng 迦 荷\n
page_010_clahe_12.tess.tile019.png,C:\Users\User\Downloads\OCR-Engine\ops\page_010_clahe_12.tess.tile019.png,185242,True,,,
page_010_clahe_12.tess.tile019.tess.txt,C:\Users\User\Downloads\OCR-Engine\ops\page_010_clahe_12.tess.tile019.tess.txt,137,False,,,"| 累 年 比 軽\n\nountrics, ①0⑧① to ⑲0⑧③⑤\n\n( 輝\n\n自 )\n\nExhports\n\nt TRI\n\nー\n\nョ 暗\n\n① 傳\n\n? 磋\n"
page_010_clahe_12.tess.tile020.png,C:\Users\User\Downloads\OCR-Engine\ops\page_010_clahe_12.tess.tile020.png,61088,True,,,
page_010_clahe_12.tess.tile020.tess.txt,C:\Users\User\Downloads\OCR-Engine\ops\page_010_clahe_12.tess.tile020.tess.txt,9,False,,,」 ョ\n
page_010_clahe_12.tess.tile021.png,C:\Users\User\Downloads\OCR-Engine\ops\page_010_clahe_12.tess.tile021.png,18746,True,,,
page_010_clahe_12.tess.tile021.tess.txt,C:\Users\User\Downloads\OCR-Engine\ops\page_010_clahe_12.tess.tile021.tess.txt,0,False,,,
page_010_clahe_12.tess.tile022.png,C:\Users\User\Downloads\OCR-Engine\ops\page_010_clahe_12.tess.tile022.png,63894,True,,,
page_010_clahe_12.tess.tile022.tess.txt,C:\Users\User\Downloads\OCR-Engine\ops\page_010_clahe_12.tess.tile022.tess.txt,8,False,,,「ー\n
page_010_clahe_12.tess.tile023.png,C:\Users\User\Downloads\OCR-Engine\ops\page_010_clahe_12.tess.tile023.png,84877,True,,,
page_010_clahe_12.tess.tile023.tess.txt,C:\Users\User\Downloads\OCR-Engine\ops\page_010_clahe_12.tess.tile023.tess.txt,0,False,,,
page_010_clahe_12.tess.tile024.png,C:\Users\User\Downloads\OCR-Engine\ops\page_010_clahe_12.tess.tile024.png,5335,True,,,
page_010_clahe_12.tess.tile024.tess.txt,C:\Users\User\Downloads\OCR-Engine\ops\page_010_clahe_12.tess.tile024.tess.txt,0,False,,,
page_010_clahe_12.tess.tile025.png,C:\Users\User\Downloads\OCR-Engine\ops\page_010_clahe_12.tess.tile025.png,5335,True,,,
page_010_clahe_12.tess.tile025.tess.txt,C:\Users\User\Downloads\OCR-Engine\ops\page_010_clahe_12.tess.tile025.tess.txt,0,False,,,
page_010_clahe_12.tess.tile026.png,C:\Users\User\Downloads\OCR-Engine\ops\page_010_clahe_12.tess.tile026.png,5335,True,,,
page_010_clahe_12.tess.tile026.tess.txt,C:\Users\User\Downloads\OCR-Engine\ops\page_010_clahe_12.tess.tile026.tess.txt,0,False,,,
page_010_clahe_12.tess.tile027.png,C:\Users\User\Downloads\OCR-Engine\ops\page_010_clahe_12.tess.tile027.png,115046,True,,,
page_010_clahe_12.tess.tile027.tess.txt,C:\Users\User\Downloads\OCR-Engine\ops\page_010_clahe_12.tess.tile027.tess.txt,6,False,,,ー}\n
page_010_clahe_12.tess.tile028.png,C:\Users\User\Downloads\OCR-Engine\ops\page_010_clahe_12.tess.tile028.png,128721,True,,,
page_010_clahe_12.tess.tile028.tess.txt,C:\Users\User\Downloads\OCR-Engine\ops\page_010_clahe_12.tess.tile028.tess.txt,5,False,,,山\n
page_010_clahe_12.tess.tile029.png,C:\Users\User\Downloads\OCR-Engine\ops\page_010_clahe_12.tess.tile029.png,378738,True,,,
page_010_clahe_12.tess.tile029.tess.txt,C:\Users\User\Downloads\OCR-Engine\ops\page_010_clahe_12.tess.tile029.tess.txt,337,False,,,【 下 舌 国 l\n\nt TRI\n\n⑤ $ ①\n\n⑲③⑤\n\n⑨\n\nI ① !\n\nて i\n\nJmmn\n\n田 澱 民 国 Chinn\n\n聴 Kussia\n\n董 合 判 ( は t timtun\n\nし り\n\n鐵 Germany\n\n」 北 米 向 絢 國 り ⑤ ん\n\n北\n\n愁 `Nhcrs\n\n惟\n\n⑲③④\n\nH\n\n本 mn\n\n[ ォ\n\n|\n\n① ① I\n\n恐 壊 屋 團 れ hin ュ\n
page_010_clahe_12.tess.tile030.png,C:\Users\User\Downloads\OCR-Engine\ops\page_010_clahe_12.tess.tile030.png,318661,True,,,
page_010_clahe_12.tess.tile030.tess.txt,C:\Users\User\Downloads\OCR-Engine\ops\page_010_clahe_12.tess.tile030.tess.txt,207,False,,,]\n\nvxhortas\n\nt TRI\n\n① ③ ⑤\n\n① 俸\n\n② 傾\n\ni し\n\n=兼' ー撃~ゝ‥ー~彌\n\nrjh\n\nDN\n\nコ 匝\n\nr\n\n:縄__\n\nEd\n\nF ‥{\n\nす rom\n\nい a\n\nre ①\n\nM 昌\n\n_'ーー_\n
page_010_clahe_12.tess.tile031.png,C:\Users\User\Downloads\OCR-Engine\ops\page_010_clahe_12.tess.tile031.png,73146,True,,,
page_010_clahe_12.tess.tile031.tess.txt,C:\Users\User\Downloads\OCR-Engine\ops\page_010_clahe_12.tess.tile031.tess.txt,8,False,,,誰ー\n
page_010_clahe_12.tess.tile032.png,C:\Users\User\Downloads\OCR-Engine\ops\page_010_clahe_12.tess.tile032.png,13590,True,,,
page_010_clahe_12.tess.tile032.tess.txt,C:\Users\User\Downloads\OCR-Engine\ops\page_010_clahe_12.tess.tile032.tess.txt,0,False,,,
page_010_clahe_12.tess.tile033.png,C:\Users\User\Downloads\OCR-Engine\ops\page_010_clahe_12.tess.tile033.png,84642,True,,,
page_010_clahe_12.tess.tile033.tess.txt,C:\Users\User\Downloads\OCR-Engine\ops\page_010_clahe_12.tess.tile033.tess.txt,0,False,,,
page_010_clahe_12.tess.tile034.png,C:\Users\User\Downloads\OCR-Engine\ops\page_010_clahe_12.tess.tile034.png,80356,True,,,
page_010_clahe_12.tess.tile034.tess.txt,C:\Users\User\Downloads\OCR-Engine\ops\page_010_clahe_12.tess.tile034.tess.txt,0,False,,,
page_010_clahe_12.tess.tile035.png,C:\Users\User\Downloads\OCR-Engine\ops\page_010_clahe_12.tess.tile035.png,5335,True,,,
page_010_clahe_12.tess.tile035.tess.txt,C:\Users\User\Downloads\OCR-Engine\ops\page_010_clahe_12.tess.tile035.tess.txt,0,False,,,
page_010_clahe_12.tess.tile036.png,C:\Users\User\Downloads\OCR-Engine\ops\page_010_clahe_12.tess.tile036.png,6096,True,,,
page_010_clahe_12.tess.tile036.tess.txt,C:\Users\User\Downloads\OCR-Engine\ops\page_010_clahe_12.tess.tile036.tess.txt,0,False,,,
page_010_clahe_12.tess.tile037.png,C:\Users\User\Downloads\OCR-Engine\ops\page_010_clahe_12.tess.tile037.png,5335,True,,,
page_010_clahe_12.tess.tile037.tess.txt,C:\Users\User\Downloads\OCR-Engine\ops\page_010_clahe_12.tess.tile037.tess.txt,0,False,,,
page_010_clahe_12.tess.tile038.png,C:\Users\User\Downloads\OCR-Engine\ops\page_010_clahe_12.tess.tile038.png,118202,True,,,
page_010_clahe_12.tess.tile038.tess.txt,C:\Users\User\Downloads\OCR-Engine\ops\page_010_clahe_12.tess.tile038.tess.txt,5,False,,,邱\n
page_010_clahe_12.tess.tile039.png,C:\Users\User\Downloads\OCR-Engine\ops\page_010_clahe_12.tess.tile039.png,73977,True,,,
page_010_clahe_12.tess.tile039.tess.txt,C:\Users\User\Downloads\OCR-Engine\ops\page_010_clahe_12.tess.tile039.tess.txt,16,False,,,閾\n\n| | | |\n
page_010_clahe_12.tess.tile040.png,C:\Users\User\Downloads\OCR-Engine\ops\page_010_clahe_12.tess.tile040.png,408550,True,,,
page_010_clahe_12.tess.tile040.tess.txt,C:\Users\User\Downloads\OCR-Engine\ops\page_010_clahe_12.tess.tile040.tess.txt,351,False,,,|\n\nに て 。\n\nl\n\nI\n\nH\n\n本 mn\n\n巾 華 民 岡 China\n\n旨\n\n耀 Russi\n\n蓋 向 利 岳 .①iikiin\n\n|\n\n①\n\nー\n\n初\n\n迷 Gcnnany\n\n食 来 合 絣 崎 U. S ん ョ\n\nー\n\n〔\n\n弐\n\n他 (hcrs\n\n⑲③③\n\n囁\n\nネ mn\n\n]'~\n\n疇臺轟鱒L…m\n\nい ①\n\n嚇 Ruxsin\n\n暁\n\n` 苑 杏 利 CLiintain\n\nH\n
page_010_clahe_12.tess.tile041.png,C:\Users\User\Downloads\OCR-Engine\ops\page_010_clahe_12.tess.tile041.png,289367,True,,,
page_010_clahe_12.tess.tile041.tess.txt,C:\Users\User\Downloads\OCR-Engine\ops\page_010_clahe_12.tess.tile041.tess.txt,261,False,,,"ュ\n\nPJ\n\nル ス r\n\n財 i が\n\nr\n\nh\n\nu n\n\n阿\n\n:\n\nし た 膚{鳩\n\naea\n\n① F\n\n詞\n\nO\n\n,f _' _~ー\n\nB\n\nョ す\n\nャ e\n\nト m\n\nす ネ\n\n[ 眼 は く た\n\nー e\n\nB\n\nA\n\n欧 綱 沼 啓\n\nえ A __〝~~~【_\n\n圃\n"
page_010_clahe_12.tess.tile042.png,C:\Users\User\Downloads\OCR-Engine\ops\page_010_clahe_12.tess.tile042.png,65586,True,,,
page_010_clahe_12.tess.tile042.tess.txt,C:\Users\User\Downloads\OCR-Engine\ops\page_010_clahe_12.tess.tile042.tess.txt,10,False,,,目\n\n|\n
page_010_clahe_12.tess.tile043.png,C:\Users\User\Downloads\OCR-Engine\ops\page_010_clahe_12.tess.tile043.png,11655,True,,,
page_010_clahe_12.tess.tile043.tess.txt,C:\Users\User\Downloads\OCR-Engine\ops\page_010_clahe_12.tess.tile043.tess.txt,0,False,,,
page_010_clahe_12.tess.tile044.png,C:\Users\User\Downloads\OCR-Engine\ops\page_010_clahe_12.tess.tile044.png,101996,True,,,
page_010_clahe_12.tess.tile044.tess.txt,C:\Users\User\Downloads\OCR-Engine\ops\page_010_clahe_12.tess.tile044.tess.txt,10,False,,,|\n\n縄\n
page_010_clahe_12.tess.tile045.png,C:\Users\User\Downloads\OCR-Engine\ops\page_010_clahe_12.tess.tile045.png,96640,True,,,
page_010_clahe_12.tess.tile045.tess.txt,C:\Users\User\Downloads\OCR-Engine\ops\page_010_clahe_12.tess.tile045.tess.txt,8,False,,,|\n\n|\n
page_010_clahe_12.tess.tile046.png,C:\Users\User\Downloads\OCR-Engine\ops\page_010_clahe_12.tess.tile046.png,7706,True,,,
page_010_clahe_12.tess.tile046.tess.txt,C:\Users\User\Downloads\OCR-Engine\ops\page_010_clahe_12.tess.tile046.tess.txt,0,False,,,
page_010_clahe_12.tess.tile047.png,C:\Users\User\Downloads\OCR-Engine\ops\page_010_clahe_12.tess.tile047.png,6185,True,,,
page_010_clahe_12.tess.tile047.tess.txt,C:\Users\User\Downloads\OCR-Engine\ops\page_010_clahe_12.tess.tile047.tess.txt,0,False,,,
page_010_clahe_12.tess.tile048.png,C:\Users\User\Downloads\OCR-Engine\ops\page_010_clahe_12.tess.tile048.png,8178,True,,,
page_010_clahe_12.tess.tile048.tess.txt,C:\Users\User\Downloads\OCR-Engine\ops\page_010_clahe_12.tess.tile048.tess.txt,0,False,,,
page_010_clahe_12.tess.tile049.png,C:\Users\User\Downloads\OCR-Engine\ops\page_010_clahe_12.tess.tile049.png,124095,True,,,
page_010_clahe_12.tess.tile049.tess.txt,C:\Users\User\Downloads\OCR-Engine\ops\page_010_clahe_12.tess.tile049.tess.txt,8,False,,,ー縄\n
page_010_clahe_12.tess.tile050.png,C:\Users\User\Downloads\OCR-Engine\ops\page_010_clahe_12.tess.tile050.png,87289,True,,,
page_010_clahe_12.tess.tile050.tess.txt,C:\Users\User\Downloads\OCR-Engine\ops\page_010_clahe_12.tess.tile050.tess.txt,5,False,,,川\n
page_010_clahe_12.tess.tile051.png,C:\Users\User\Downloads\OCR-Engine\ops\page_010_clahe_12.tess.tile051.png,460356,True,,,
page_010_clahe_12.tess.tile051.tess.txt,C:\Users\User\Downloads\OCR-Engine\ops\page_010_clahe_12.tess.tile051.tess.txt,362,False,,,ド 捨 疱 隆 n\n\n奪\n\n嚇 Ruxsin\n\n苑 杏 利 CLiitain 目\n\nに\n\n逸 CGerinany\n\n北 木 代 素 国 り . ⑤ A\n\n①\n\n炊\n\n代 UNhcrs\n\n⑲①②\n\n目\n\n本 m\n\nコ ①\n\n0 田 菌 国 China\n\nに お ま り\n\nE r\n\n|\n\n` 悔\n\n羅 Russh\n\n孝〟言 英 宮 翅 (LlDrikin\n\n凸\n\nに\n\n磯 Gcrmuany\n\nRAee
page_010_clahe_12.tess.tile052.png,C:\Users\User\Downloads\OCR-Engine\ops\page_010_clahe_12.tess.tile052.png,306406,True,,,
page_010_clahe_12.tess.tile052.tess.txt,C:\Users\User\Downloads\OCR-Engine\ops\page_010_clahe_12.tess.tile052.tess.txt,201,False,,,`````\n\nn\n\nし 向 ②\n\n令\n\nW\n\nド\n\nい ス な せ い\n\n* ゎ\n\nび の か Rued コ ゴ\n\nぱ ば\n\n垣\n\nRee\n\nW ak\n\nM\n\n)\n\n①⑧ す\n\n|\n\nー'「ー\n\n|\n\n| |\n\n目\n
page_010_clahe_12.tess.tile053.png,C:\Users\User\Downloads\OCR-Engine\ops\page_010_clahe_12.tess.tile053.png,68336,True,,,
page_010_clahe_12.tess.tile053.tess.txt,C:\Users\User\Downloads\OCR-Engine\ops\page_010_clahe_12.tess.tile053.tess.txt,18,False,,,W\n\n|\n\nーー\n
page_010_clahe_12.tess.tile054.png,C:\Users\User\Downloads\OCR-Engine\ops\page_010_clahe_12.tess.tile054.png,11367,True,,,
page_010_clahe_12.tess.tile054.tess.txt,C:\Users\User\Downloads\OCR-Engine\ops\page_010_clahe_12.tess.tile054.tess.txt,0,False,,,
page_010_clahe_12.tess.tile055.png,C:\Users\User\Downloads\OCR-Engine\ops\page_010_clahe_12.tess.tile055.png,98410,True,,,
page_010_clahe_12.tess.tile055.tess.txt,C:\Users\User\Downloads\OCR-Engine\ops\page_010_clahe_12.tess.tile055.tess.txt,0,False,,,
page_010_clahe_12.tess.tile056.png,C:\Users\User\Downloads\OCR-Engine\ops\page_010_clahe_12.tess.tile056.png,91333,True,,,
page_010_clahe_12.tess.tile056.tess.txt,C:\Users\User\Downloads\OCR-Engine\ops\page_010_clahe_12.tess.tile056.tess.txt,0,False,,,
page_010_clahe_12.tess.tile057.png,C:\Users\User\Downloads\OCR-Engine\ops\page_010_clahe_12.tess.tile057.png,7768,True,,,
page_010_clahe_12.tess.tile057.tess.txt,C:\Users\User\Downloads\OCR-Engine\ops\page_010_clahe_12.tess.tile057.tess.txt,0,False,,,
page_010_clahe_12.tess.tile058.png,C:\Users\User\Downloads\OCR-Engine\ops\page_010_clahe_12.tess.tile058.png,5365,True,,,
page_010_clahe_12.tess.tile058.tess.txt,C:\Users\User\Downloads\OCR-Engine\ops\page_010_clahe_12.tess.tile058.tess.txt,0,False,,,
page_010_clahe_12.tess.tile059.png,C:\Users\User\Downloads\OCR-Engine\ops\page_010_clahe_12.tess.tile059.png,6028,True,,,
page_010_clahe_12.tess.tile059.tess.txt,C:\Users\User\Downloads\OCR-Engine\ops\page_010_clahe_12.tess.tile059.tess.txt,0,False,,,
page_010_clahe_12.tess.tile060.png,C:\Users\User\Downloads\OCR-Engine\ops\page_010_clahe_12.tess.tile060.png,122517,True,,,
page_010_clahe_12.tess.tile060.tess.txt,C:\Users\User\Downloads\OCR-Engine\ops\page_010_clahe_12.tess.tile060.tess.txt,7,False,,,③00\n
page_010_clahe_12.tess.tile061.png,C:\Users\User\Downloads\OCR-Engine\ops\page_010_clahe_12.tess.tile061.png,108920,True,,,
page_010_clahe_12.tess.tile061.tess.txt,C:\Users\User\Downloads\OCR-Engine\ops\page_010_clahe_12.tess.tile061.tess.txt,24,False,,,旧 目 目\n\n川 門\n
page_010_clahe_12.tess.tile062.png,C:\Users\User\Downloads\OCR-Engine\ops\page_010_clahe_12.tess.tile062.png,464121,True,,,
page_010_clahe_12.tess.tile062.tess.txt,C:\Users\User\Downloads\OCR-Engine\ops\page_010_clahe_12.tess.tile062.tess.txt,499,False,,,ー ト c ま 道 添 す `ーぃ_{'…'=\n\nに\n\n磯 Gcrmuany\n\n凸\n\nす 食 木 向 枝 綱 り ⑤ ん ま\n\n}\n\n共\n\n他 (thcrs\n\n⑲③①\n\n日\n\nり AIKn\n\n|\n\n|\n\n本 m\n\n・ 東 蕃 民 国 China 、\n\n①\n\n⑯ 芦\n\n`\n\nれ\n\n茂\n\n羅 Russia\n\n⑧ ~ゝ\n\nr 茉 安 利 CLBrikiin 蠣\n\nは ば |\n\n鶏 GCcnnany\n\nW
page_010_clahe_12.tess.tile063.png,C:\Users\User\Downloads\OCR-Engine\ops\page_010_clahe_12.tess.tile063.png,354855,True,,,
page_010_clahe_12.tess.tile063.tess.txt,C:\Users\User\Downloads\OCR-Engine\ops\page_010_clahe_12.tess.tile063.tess.txt,299,False,,,c\n\nUM\n\nよ\n\n|\n\nh\n\n①\n\n、_`縄\n\nよ お ker0\n\nv ロ\n\nー]〕\n\n翼⑪\n\n怖ー ・'\n\nReerat か い V\n\nは\n\nて e\n\nP r\n\n丿~ー\n\nー(」'\n\n`\n\ny\n\n⑧ お ま J\n\nも ④ 返\n\n''''''''\n\nrrt」\n\nR\n\nL_~ [ー\n\n|\n\nI0 ③0 ⑤0\n\nI\n\n?Q\n\n弧\n\n①\n
page_010_clahe_12.tess.tile064.png,C:\Users\User\Downloads\OCR-Engine\ops\page_010_clahe_12.tess.tile064.png,82388,True,,,
page_010_clahe_12.tess.tile064.tess.txt,C:\Users\User\Downloads\OCR-Engine\ops\page_010_clahe_12.tess.tile064.tess.txt,17,False,,,相\n\nW\n\n言\n
page_010_clahe_12.tess.tile065.png,C:\Users\User\Downloads\OCR-Engine\ops\page_010_clahe_12.tess.tile065.png,4897,True,,,
page_010_clahe_12.tess.tile065.tess.txt,C:\Users\User\Downloads\OCR-Engine\ops\page_010_clahe_12.tess.tile065.tess.txt,0,False,,,
page_010_clahe_12.tess.tile066.png,C:\Users\User\Downloads\OCR-Engine\ops\page_010_clahe_12.tess.tile066.png,77338,True,,,
page_010_clahe_12.tess.tile066.tess.txt,C:\Users\User\Downloads\OCR-Engine\ops\page_010_clahe_12.tess.tile066.tess.txt,7,False,,,ョ a\n
page_010_clahe_12.tess.tile067.png,C:\Users\User\Downloads\OCR-Engine\ops\page_010_clahe_12.tess.tile067.png,82847,True,,,
page_010_clahe_12.tess.tile067.tess.txt,C:\Users\User\Downloads\OCR-Engine\ops\page_010_clahe_12.tess.tile067.tess.txt,20,False,,,ョ ュ\n\n⑪ く\n
page_010_clahe_12.tess.tile068.png,C:\Users\User\Downloads\OCR-Engine\ops\page_010_clahe_12.tess.tile068.png,18953,True,,,
page_010_clahe_12.tess.tile068.tess.txt,C:\Users\User\Downloads\OCR-Engine\ops\page_010_clahe_12.tess.tile068.tess.txt,0,False,,,
page_010_clahe_12.tess.tile069.png,C:\Users\User\Downloads\OCR-Engine\ops\page_010_clahe_12.tess.tile069.png,15693,True,,,
page_010_clahe_12.tess.tile069.tess.txt,C:\Users\User\Downloads\OCR-Engine\ops\page_010_clahe_12.tess.tile069.tess.txt,0,False,,,
page_010_clahe_12.tess.tile070.png,C:\Users\User\Downloads\OCR-Engine\ops\page_010_clahe_12.tess.tile070.png,22985,True,,,
page_010_clahe_12.tess.tile070.tess.txt,C:\Users\User\Downloads\OCR-Engine\ops\page_010_clahe_12.tess.tile070.tess.txt,0,False,,,
page_010_clahe_12.tess.tile071.png,C:\Users\User\Downloads\OCR-Engine\ops\page_010_clahe_12.tess.tile071.png,114621,True,,,
page_010_clahe_12.tess.tile071.tess.txt,C:\Users\User\Downloads\OCR-Engine\ops\page_010_clahe_12.tess.tile071.tess.txt,38,False,,,③00\n\nーーーーー 一 一 一\n
page_010_clahe_12.tess.tile072.png,C:\Users\User\Downloads\OCR-Engine\ops\page_010_clahe_12.tess.tile072.png,84306,True,,,
page_010_clahe_12.tess.tile072.tess.txt,C:\Users\User\Downloads\OCR-Engine\ops\page_010_clahe_12.tess.tile072.tess.txt,44,False,,,皿\n\n⑳0\n\nI\n\n⑤\n\nし\n\nー\n\n0\n
page_010_clahe_12.tess.tile073.png,C:\Users\User\Downloads\OCR-Engine\ops\page_010_clahe_12.tess.tile073.png,143545,True,,,
page_010_clahe_12.tess.tile073.tess.txt,C:\Users\User\Downloads\OCR-Engine\ops\page_010_clahe_12.tess.tile073.tess.txt,246,False,,,し に\n\nL 綱\n\nl\n\n(~ ~\n\n他 (thcra\n\n0\n\n⑤0 ③0 I\n\nI 叩 甜\n\n史 illinn\n\nNMilfnn\n\nュ ェ ュ ー ニ ー ニ ー ョ m ニ ュ ー ーーー ニ ニ ーーー デ ー こ ニ と ニ ー ニ ー - ー で ー ェ テ て\n
page_010_clahe_12.tess.tile074.png,C:\Users\User\Downloads\OCR-Engine\ops\page_010_clahe_12.tess.tile074.png,118254,True,,,
page_010_clahe_12.tess.tile074.tess.txt,C:\Users\User\Downloads\OCR-Engine\ops\page_010_clahe_12.tess.tile074.tess.txt,210,False,,,(~ ~\n\nR d\n\nI 叩 ⑤\n\nI\n\n?0\n\nR\n\ninn\n\nュ ー シ ー ー ー ッ ー ニ ー ニ ーー ニ ニ ニ ー と ニ コ に つ コ ー ニ ー デ ー ニ ー ニ ー ーー ド マ ラ ー ド ー\n
page_010_clahe_12.tess.tile075.png,C:\Users\User\Downloads\OCR-Engine\ops\page_010_clahe_12.tess.tile075.png,64511,True,,,
page_010_clahe_12.tess.tile075.tess.txt,C:\Users\User\Downloads\OCR-Engine\ops\page_010_clahe_12.tess.tile075.tess.txt,5,False,,,ー\n
page_010_clahe_12.tess.tile076.png,C:\Users\User\Downloads\OCR-Engine\ops\page_010_clahe_12.tess.tile076.png,10981,True,,,
page_010_clahe_12.tess.tile076.tess.txt,C:\Users\User\Downloads\OCR-Engine\ops\page_010_clahe_12.tess.tile076.tess.txt,0,False,,,
page_010_clahe_12.tess.tile077.png,C:\Users\User\Downloads\OCR-Engine\ops\page_010_clahe_12.tess.tile077.png,9085,True,,,
page_010_clahe_12.tess.tile077.tess.txt,C:\Users\User\Downloads\OCR-Engine\ops\page_010_clahe_12.tess.tile077.tess.txt,0,False,,,
page_010_clahe_12.tess.tile078.png,C:\Users\User\Downloads\OCR-Engine\ops\page_010_clahe_12.tess.tile078.png,13632,True,,,
page_010_clahe_12.tess.tile078.tess.txt,C:\Users\User\Downloads\OCR-Engine\ops\page_010_clahe_12.tess.tile078.tess.txt,0,False,,,
page_010_clahe_12.tess.tile079.png,C:\Users\User\Downloads\OCR-Engine\ops\page_010_clahe_12.tess.tile079.png,7031,True,,,
page_010_clahe_12.tess.tile079.tess.txt,C:\Users\User\Downloads\OCR-Engine\ops\page_010_clahe_12.tess.tile079.tess.txt,12,False,,,ー\n\n①\n
page_010_clahe_12.tess.tile080.png,C:\Users\User\Downloads\OCR-Engine\ops\page_010_clahe_12.tess.tile080.png,7733,True,,,
page_010_clahe_12.tess.tile080.tess.txt,C:\Users\User\Downloads\OCR-Engine\ops\page_010_clahe_12.tess.tile080.tess.txt,0,False,,,
page_010_clahe_12.tess.tile081.png,C:\Users\User\Downloads\OCR-Engine\ops\page_010_clahe_12.tess.tile081.png,15626,True,,,
page_010_clahe_12.tess.tile081.tess.txt,C:\Users\User\Downloads\OCR-Engine\ops\page_010_clahe_12.tess.tile081.tess.txt,0,False,,,
page_010_clahe_12.tess.tile082.png,C:\Users\User\Downloads\OCR-Engine\ops\page_010_clahe_12.tess.tile082.png,7236,True,,,
page_010_clahe_12.tess.tile082.tess.txt,C:\Users\User\Downloads\OCR-Engine\ops\page_010_clahe_12.tess.tile082.tess.txt,0,False,,,
page_010_clahe_12.tess.tile083.png,C:\Users\User\Downloads\OCR-Engine\ops\page_010_clahe_12.tess.tile083.png,16485,True,,,
page_010_clahe_12.tess.tile083.tess.txt,C:\Users\User\Downloads\OCR-Engine\ops\page_010_clahe_12.tess.tile083.tess.txt,10,False,,,ピ\n\nf\n
page_010_clahe_12.tess.tile084.png,C:\Users\User\Downloads\OCR-Engine\ops\page_010_clahe_12.tess.tile084.png,14564,True,,,
page_010_clahe_12.tess.tile084.tess.txt,C:\Users\User\Downloads\OCR-Engine\ops\page_010_clahe_12.tess.tile084.tess.txt,0,False,,,
page_010_clahe_12.tess.tile085.png,C:\Users\User\Downloads\OCR-Engine\ops\page_010_clahe_12.tess.tile085.png,89518,True,,,
page_010_clahe_12.tess.tile085.tess.txt,C:\Users\User\Downloads\OCR-Engine\ops\page_010_clahe_12.tess.tile085.tess.txt,151,False,,,言 麟\n\n韓翼\n\nト シ ー ャ\n\nー ョ\n\n⑤\n\nさ E\n\ncgd\n\nー縄\n\n[ ま 啓\n\nャ ー ド\n\n!\n\nk】\n\nご 【\n\n和 *\n\n'璽\n
page_010_clahe_12.tess.tile086.png,C:\Users\User\Downloads\OCR-Engine\ops\page_010_clahe_12.tess.tile086.png,232268,True,,,
page_010_clahe_12.tess.tile086.tess.txt,C:\Users\User\Downloads\OCR-Engine\ops\page_010_clahe_12.tess.tile086.tess.txt,565,False,,,に\n\n【 に\n\nR\n\nー\n\nャ\n\nca\n\np\n\nに 逸 に\n\ng⑧k\n\ns0\n\n'・~~縄\n\nー ョ\n\npW\n\n談 泥 ①\n\nr |L\n\nャ\n\n[ )\n\n〝{\n\nに ト\n\nコ ュ\n\nョ に\n\nと\n\nu e\n\nビ ー ー\n\nMa メ\n\n{ d\n\n・~-\n\n[\n\nCDTC③\n\nっ\n\nm ト\n\nょ\n\n~ ー\n\n口\n\nD\n\nー ヒ ー ` と コ\n\nに に 、\n\n山\n\nら _二.L-〔一L `\n\nーー タ
page_010_clahe_12.tess.tile087.png,C:\Users\User\Downloads\OCR-Engine\ops\page_010_clahe_12.tess.tile087.png,116733,True,,,
page_010_clahe_12.tess.tile087.tess.txt,C:\Users\User\Downloads\OCR-Engine\ops\page_010_clahe_12.tess.tile087.tess.txt,297,False,,,ョ\n\nェ\n\nr\n\nー' ._\n\n縄}_′'\n\n_嘱ー L\n\n( 來\n\nー\n\nSEa\n\nD\n\n② テ A\n\na\n\nー\n\nノー\n\n_~ー\n\nョ m マ\n\n+\n\nト s\n\nョ\n\nー\n\nミ\n\nミ ま\n\n口\n\nす\n\nれ\n\nに 記 」\n\nー ャ ー に J\n\nに ご\n\nよ う\n\nマ ー ョ\n\nェ キ\n\n』\n
page_010_clahe_12.tess.tiled.psm11.clean.txt,C:\Users\User\Downloads\OCR-Engine\ops\page_010_clahe_12.tess.tiled.psm11.clean.txt,2937,False,,,"4. 轍 出Values of Exports( 輸入 )Imports3 華? 蓋1 値R朱 入 主 要 國 別 累Ports and Imports by P0...ー...ー艶入)佐陳 け109 でg 迦 荷| 累 年 比 軽ountrics,1081 to190835( 輝自 )Exhportst TRIーョ 暗1 傳? 磋」 ョ「ーー}山【 下 舌 国 lt TRI5 $119359I1"
page_010_clahe_12.tess.tiled.psm11.normalized.txt,C:\Users\User\Downloads\OCR-Engine\ops\page_010_clahe_12.tess.tiled.psm11.normalized.txt,3925,False,,,"|\n④. 轍 出\nValues of Exports\n( 輸\n入 )\nImports\n③ 華\n? 蓋\n① 値\nR\n朱 入 主 要 國 別 累\nPorts and Imports by P0…ー…ー\n艶入)\n佐\n陳 け\n①0⑨ で\ng 迦 荷\n| 累 年 比 軽\nountrics, ①0⑧① to ⑲0⑧③⑤\n( 輝\n自 )\nExhports\nt TRI\nー\nョ 暗\n① 傳\n? 磋\n」 ョ\n「ー\nー"
page_010_clahe_12.tess.tiled.psm11.normalized.txt.ollama.suggested.txt,C:\Users\User\Downloads\OCR-Engine\ops\page_010_clahe_12.tess.tiled.psm11.normalized.txt.ollama.suggested.txt,3919,False,,,"|\n④. 轍 出\nValues of Exports\n( 輸\n入 )\nImports\n③ 華\n? 蓋\n① 値\nR\n朱 入 主 要 國 別 累\nError: unknown flag: --prompt\n艶入)\n佐\n陳 け\n①0⑨ で\ng 迦 荷\n| 累 年 比 軽\nountrics, ①0⑧① to ⑲0⑧③⑤\n( 輝\n自 )\nExhports\nt TRI\nー\nョ 暗\n① 傳\n? 磋\n」 ョ\n「ー"
page_010_clahe_12.tess.tiled.psm11.txt,C:\Users\User\Downloads\OCR-Engine\ops\page_010_clahe_12.tess.tiled.psm11.txt,4649,False,,,"|\n④. 轍 出\n\nValues of Exports\n\n( 輸\n\n入 )\n\nImports\n\n③ 華\n\n? 蓋\n\n① 値\n\nR\n朱 入 主 要 國 別 累\n\nPorts and Imports by P0…ー…ー\n\n艶入)\n\n佐\n\n陳 け\n\n①0⑨ で\n\ng 迦 荷\n| 累 年 比 軽\n\nountrics, ①0⑧① to ⑲0⑧③⑤\n\n( 輝\n\n自 )\n\nExhports\n\nt TRI\n\nー\n"
page_010_clahe_13.clean.txt,C:\Users\User\Downloads\OCR-Engine\ops\page_010_clahe_13.clean.txt,0,False,,,
page_010_clahe_13.png,C:\Users\User\Downloads\OCR-Engine\ops\page_010_clahe_13.png,14384672,True,,,
page_010_clahe_13.rapid.txt,C:\Users\User\Downloads\OCR-Engine\ops\page_010_clahe_13.rapid.txt,0,False,,,
page_010_clahe_13.tess.tile000.png,C:\Users\User\Downloads\OCR-Engine\ops\page_010_clahe_13.tess.tile000.png,22300,True,,,
page_010_clahe_13.tess.tile000.tess.txt,C:\Users\User\Downloads\OCR-Engine\ops\page_010_clahe_13.tess.tile000.tess.txt,0,False,,,
page_010_clahe_13.tess.tile001.png,C:\Users\User\Downloads\OCR-Engine\ops\page_010_clahe_13.tess.tile001.png,72097,True,,,
page_010_clahe_13.tess.tile001.tess.txt,C:\Users\User\Downloads\OCR-Engine\ops\page_010_clahe_13.tess.tile001.tess.txt,0,False,,,
page_010_clahe_13.tess.tile002.png,C:\Users\User\Downloads\OCR-Engine\ops\page_010_clahe_13.tess.tile002.png,29132,True,,,
page_010_clahe_13.tess.tile002.tess.txt,C:\Users\User\Downloads\OCR-Engine\ops\page_010_clahe_13.tess.tile002.tess.txt,0,False,,,
page_010_clahe_13.tess.tile003.png,C:\Users\User\Downloads\OCR-Engine\ops\page_010_clahe_13.tess.tile003.png,30346,True,,,
page_010_clahe_13.tess.tile003.tess.txt,C:\Users\User\Downloads\OCR-Engine\ops\page_010_clahe_13.tess.tile003.tess.txt,0,False,,,
page_010_clahe_13.tess.tile004.png,C:\Users\User\Downloads\OCR-Engine\ops\page_010_clahe_13.tess.tile004.png,31130,True,,,
page_010_clahe_13.tess.tile004.tess.txt,C:\Users\User\Downloads\OCR-Engine\ops\page_010_clahe_13.tess.tile004.tess.txt,0,False,,,
page_010_clahe_13.tess.tile005.png,C:\Users\User\Downloads\OCR-Engine\ops\page_010_clahe_13.tess.tile005.png,78097,True,,,
page_010_clahe_13.tess.tile005.tess.txt,C:\Users\User\Downloads\OCR-Engine\ops\page_010_clahe_13.tess.tile005.tess.txt,0,False,,,
page_010_clahe_13.tess.tile006.png,C:\Users\User\Downloads\OCR-Engine\ops\page_010_clahe_13.tess.tile006.png,29585,True,,,
page_010_clahe_13.tess.tile006.tess.txt,C:\Users\User\Downloads\OCR-Engine\ops\page_010_clahe_13.tess.tile006.tess.txt,0,False,,,
page_010_clahe_13.tess.tile007.png,C:\Users\User\Downloads\OCR-Engine\ops\page_010_clahe_13.tess.tile007.png,30265,True,,,
page_010_clahe_13.tess.tile007.tess.txt,C:\Users\User\Downloads\OCR-Engine\ops\page_010_clahe_13.tess.tile007.tess.txt,0,False,,,
page_010_clahe_13.tess.tile008.png,C:\Users\User\Downloads\OCR-Engine\ops\page_010_clahe_13.tess.tile008.png,30490,True,,,
page_010_clahe_13.tess.tile008.tess.txt,C:\Users\User\Downloads\OCR-Engine\ops\page_010_clahe_13.tess.tile008.tess.txt,0,False,,,
page_010_clahe_13.tess.tile009.png,C:\Users\User\Downloads\OCR-Engine\ops\page_010_clahe_13.tess.tile009.png,44119,True,,,
page_010_clahe_13.tess.tile009.tess.txt,C:\Users\User\Downloads\OCR-Engine\ops\page_010_clahe_13.tess.tile009.tess.txt,0,False,,,
page_010_clahe_13.tess.tile010.png,C:\Users\User\Downloads\OCR-Engine\ops\page_010_clahe_13.tess.tile010.png,13433,True,,,
page_010_clahe_13.tess.tile010.tess.txt,C:\Users\User\Downloads\OCR-Engine\ops\page_010_clahe_13.tess.tile010.tess.txt,0,False,,,
page_010_clahe_13.tess.tile011.png,C:\Users\User\Downloads\OCR-Engine\ops\page_010_clahe_13.tess.tile011.png,51285,True,,,
page_010_clahe_13.tess.tile011.tess.txt,C:\Users\User\Downloads\OCR-Engine\ops\page_010_clahe_13.tess.tile011.tess.txt,0,False,,,
page_010_clahe_13.tess.tile012.png,C:\Users\User\Downloads\OCR-Engine\ops\page_010_clahe_13.tess.tile012.png,100006,True,,,
page_010_clahe_13.tess.tile012.tess.txt,C:\Users\User\Downloads\OCR-Engine\ops\page_010_clahe_13.tess.tile012.tess.txt,0,False,,,
page_010_clahe_13.tess.tile013.png,C:\Users\User\Downloads\OCR-Engine\ops\page_010_clahe_13.tess.tile013.png,5363,True,,,
page_010_clahe_13.tess.tile013.tess.txt,C:\Users\User\Downloads\OCR-Engine\ops\page_010_clahe_13.tess.tile013.tess.txt,0,False,,,
page_010_clahe_13.tess.tile014.png,C:\Users\User\Downloads\OCR-Engine\ops\page_010_clahe_13.tess.tile014.png,5988,True,,,
page_010_clahe_13.tess.tile014.tess.txt,C:\Users\User\Downloads\OCR-Engine\ops\page_010_clahe_13.tess.tile014.tess.txt,0,False,,,
page_010_clahe_13.tess.tile015.png,C:\Users\User\Downloads\OCR-Engine\ops\page_010_clahe_13.tess.tile015.png,6711,True,,,
page_010_clahe_13.tess.tile015.tess.txt,C:\Users\User\Downloads\OCR-Engine\ops\page_010_clahe_13.tess.tile015.tess.txt,0,False,,,
page_010_clahe_13.tess.tile016.png,C:\Users\User\Downloads\OCR-Engine\ops\page_010_clahe_13.tess.tile016.png,130358,True,,,
page_010_clahe_13.tess.tile016.tess.txt,C:\Users\User\Downloads\OCR-Engine\ops\page_010_clahe_13.tess.tile016.tess.txt,44,False,,,L\n\nーーーーーー・\n\n.\n\n③ ①\n
page_010_clahe_13.tess.tile017.png,C:\Users\User\Downloads\OCR-Engine\ops\page_010_clahe_13.tess.tile017.png,229796,True,,,
page_010_clahe_13.tess.tile017.tess.txt,C:\Users\User\Downloads\OCR-Engine\ops\page_010_clahe_13.tess.tile017.tess.txt,109,False,,,ー\n\n④. 轍 出\n\nValues of Exports\n\n( 軸\n\n入 )\n\nImports\n\nト & ④\n\n? 英\n\n① 佐\n\nW\n
page_010_clahe_13.tess.tile018.png,C:\Users\User\Downloads\OCR-Engine\ops\page_010_clahe_13.tess.tile018.png,286769,True,,,
page_010_clahe_13.tess.tile018.tess.txt,C:\Users\User\Downloads\OCR-Engine\ops\page_010_clahe_13.tess.tile018.tess.txt,163,False,,,ー 一 ー\n\n曲 入 主 要 國 別 累\n\nports and Imports by F0…囁「i'\n\n髄入)\n\n値\n\n』 $ ①\n\n【 ョ R は l\n\n① す で\n\nt =縄鱒; _\n
page_010_clahe_13.tess.tile019.png,C:\Users\User\Downloads\OCR-Engine\ops\page_010_clahe_13.tess.tile019.png,251534,True,,,
page_010_clahe_13.tess.tile019.tess.txt,C:\Users\User\Downloads\OCR-Engine\ops\page_010_clahe_13.tess.tile019.tess.txt,126,False,,,"] 累 年 比 較\n\nountrics, ①0⑧① {0 ①0①⑤\n\n( 輝\n\n自 )\n\nExhorts\n\nt 璋縄""; ョ\n\n① 債\n\n② 磐\n"
page_010_clahe_13.tess.tile020.png,C:\Users\User\Downloads\OCR-Engine\ops\page_010_clahe_13.tess.tile020.png,83675,True,,,
page_010_clahe_13.tess.tile020.tess.txt,C:\Users\User\Downloads\OCR-Engine\ops\page_010_clahe_13.tess.tile020.tess.txt,9,False,,,」 ョ\n
page_010_clahe_13.tess.tile021.png,C:\Users\User\Downloads\OCR-Engine\ops\page_010_clahe_13.tess.tile021.png,18342,True,,,
page_010_clahe_13.tess.tile021.tess.txt,C:\Users\User\Downloads\OCR-Engine\ops\page_010_clahe_13.tess.tile021.tess.txt,0,False,,,
page_010_clahe_13.tess.tile022.png,C:\Users\User\Downloads\OCR-Engine\ops\page_010_clahe_13.tess.tile022.png,66384,True,,,
page_010_clahe_13.tess.tile022.tess.txt,C:\Users\User\Downloads\OCR-Engine\ops\page_010_clahe_13.tess.tile022.tess.txt,8,False,,,「ー\n
page_010_clahe_13.tess.tile023.png,C:\Users\User\Downloads\OCR-Engine\ops\page_010_clahe_13.tess.tile023.png,101310,True,,,
page_010_clahe_13.tess.tile023.tess.txt,C:\Users\User\Downloads\OCR-Engine\ops\page_010_clahe_13.tess.tile023.tess.txt,0,False,,,
page_010_clahe_13.tess.tile024.png,C:\Users\User\Downloads\OCR-Engine\ops\page_010_clahe_13.tess.tile024.png,5335,True,,,
page_010_clahe_13.tess.tile024.tess.txt,C:\Users\User\Downloads\OCR-Engine\ops\page_010_clahe_13.tess.tile024.tess.txt,0,False,,,
page_010_clahe_13.tess.tile025.png,C:\Users\User\Downloads\OCR-Engine\ops\page_010_clahe_13.tess.tile025.png,5335,True,,,
page_010_clahe_13.tess.tile025.tess.txt,C:\Users\User\Downloads\OCR-Engine\ops\page_010_clahe_13.tess.tile025.tess.txt,0,False,,,
page_010_clahe_13.tess.tile026.png,C:\Users\User\Downloads\OCR-Engine\ops\page_010_clahe_13.tess.tile026.png,5344,True,,,
page_010_clahe_13.tess.tile026.tess.txt,C:\Users\User\Downloads\OCR-Engine\ops\page_010_clahe_13.tess.tile026.tess.txt,0,False,,,
page_010_clahe_13.tess.tile027.png,C:\Users\User\Downloads\OCR-Engine\ops\page_010_clahe_13.tess.tile027.png,154788,True,,,
page_010_clahe_13.tess.tile027.tess.txt,C:\Users\User\Downloads\OCR-Engine\ops\page_010_clahe_13.tess.tile027.tess.txt,0,False,,,
page_010_clahe_13.tess.tile028.png,C:\Users\User\Downloads\OCR-Engine\ops\page_010_clahe_13.tess.tile028.png,221178,True,,,
page_010_clahe_13.tess.tile028.tess.txt,C:\Users\User\Downloads\OCR-Engine\ops\page_010_clahe_13.tess.tile028.tess.txt,5,False,,,崎\n
page_010_clahe_13.tess.tile029.png,C:\Users\User\Downloads\OCR-Engine\ops\page_010_clahe_13.tess.tile029.png,526211,True,,,
page_010_clahe_13.tess.tile029.tess.txt,C:\Users\User\Downloads\OCR-Engine\ops\page_010_clahe_13.tess.tile029.tess.txt,355,False,,,( 下 a\n\ntTARIi\n\n【 $ ①\n\n⑲③⑤\n\n① T 【\n\nし\n\nH\n\nォ xn\n\n`ー`\n\n巾 潤 民 国 Chinn\n\n蓬\n\n聴 Kussia\n\n|\n\n葉 合 別 t tmtuin\n\nよ\n\nFPk |\n\nl\n\nに |\n\n邉 Ccrmany\n\n_ 食 江 食 津 國 り . ⑤ 人 、\n\n主\n\n慈 UNhcrs\n\n⑲①④\n\nい て t マ\n\n|\n\nI ①\n\n岡 壊 屋 園 (“hina\n
page_010_clahe_13.tess.tile030.png,C:\Users\User\Downloads\OCR-Engine\ops\page_010_clahe_13.tess.tile030.png,412555,True,,,
page_010_clahe_13.tess.tile030.tess.txt,C:\Users\User\Downloads\OCR-Engine\ops\page_010_clahe_13.tess.tile030.tess.txt,248,False,,,山 丿\n\nSxlorts\n\nt TRNM\n\n① ⑨\n\n① 借\n\n② 俸\n\nioft\n\nR り\n\nト mA に 子 き\n\n(\n\nM 因\n\nu\n\nで e て は\n\nk 川\n\nA た で す で\n\nQ trt e\n\n・~〝・ 〟〔}\n\n貝 で\n\n⑪\n\n進\n\nLWR F\n\n`\n\nー`\n
page_010_clahe_13.tess.tile031.png,C:\Users\User\Downloads\OCR-Engine\ops\page_010_clahe_13.tess.tile031.png,105014,True,,,
page_010_clahe_13.tess.tile031.tess.txt,C:\Users\User\Downloads\OCR-Engine\ops\page_010_clahe_13.tess.tile031.tess.txt,5,False,,,‥\n
page_010_clahe_13.tess.tile032.png,C:\Users\User\Downloads\OCR-Engine\ops\page_010_clahe_13.tess.tile032.png,13536,True,,,
page_010_clahe_13.tess.tile032.tess.txt,C:\Users\User\Downloads\OCR-Engine\ops\page_010_clahe_13.tess.tile032.tess.txt,0,False,,,
page_010_clahe_13.tess.tile033.png,C:\Users\User\Downloads\OCR-Engine\ops\page_010_clahe_13.tess.tile033.png,92728,True,,,
page_010_clahe_13.tess.tile033.tess.txt,C:\Users\User\Downloads\OCR-Engine\ops\page_010_clahe_13.tess.tile033.tess.txt,0,False,,,
page_010_clahe_13.tess.tile034.png,C:\Users\User\Downloads\OCR-Engine\ops\page_010_clahe_13.tess.tile034.png,95703,True,,,
page_010_clahe_13.tess.tile034.tess.txt,C:\Users\User\Downloads\OCR-Engine\ops\page_010_clahe_13.tess.tile034.tess.txt,0,False,,,
page_010_clahe_13.tess.tile035.png,C:\Users\User\Downloads\OCR-Engine\ops\page_010_clahe_13.tess.tile035.png,5335,True,,,
page_010_clahe_13.tess.tile035.tess.txt,C:\Users\User\Downloads\OCR-Engine\ops\page_010_clahe_13.tess.tile035.tess.txt,0,False,,,
page_010_clahe_13.tess.tile036.png,C:\Users\User\Downloads\OCR-Engine\ops\page_010_clahe_13.tess.tile036.png,7222,True,,,
page_010_clahe_13.tess.tile036.tess.txt,C:\Users\User\Downloads\OCR-Engine\ops\page_010_clahe_13.tess.tile036.tess.txt,0,False,,,
page_010_clahe_13.tess.tile037.png,C:\Users\User\Downloads\OCR-Engine\ops\page_010_clahe_13.tess.tile037.png,7333,True,,,
page_010_clahe_13.tess.tile037.tess.txt,C:\Users\User\Downloads\OCR-Engine\ops\page_010_clahe_13.tess.tile037.tess.txt,0,False,,,
page_010_clahe_13.tess.tile038.png,C:\Users\User\Downloads\OCR-Engine\ops\page_010_clahe_13.tess.tile038.png,154258,True,,,
page_010_clahe_13.tess.tile038.tess.txt,C:\Users\User\Downloads\OCR-Engine\ops\page_010_clahe_13.tess.tile038.tess.txt,5,False,,,雛\n
page_010_clahe_13.tess.tile039.png,C:\Users\User\Downloads\OCR-Engine\ops\page_010_clahe_13.tess.tile039.png,140670,True,,,
page_010_clahe_13.tess.tile039.tess.txt,C:\Users\User\Downloads\OCR-Engine\ops\page_010_clahe_13.tess.tile039.tess.txt,20,False,,,閾\n\n| | | | 」\n
page_010_clahe_13.tess.tile040.png,C:\Users\User\Downloads\OCR-Engine\ops\page_010_clahe_13.tess.tile040.png,548802,True,,,
page_010_clahe_13.tess.tile040.tess.txt,C:\Users\User\Downloads\OCR-Engine\ops\page_010_clahe_13.tess.tile040.tess.txt,325,False,,,① J W\n\nい て t マ\n\n①\n\nH\n\n本 mn\n\n- 希 華 尾 国 C で hina\n\n[ 日\n\n羅 Russi\n\n川 |\n\n|\n\n芳 向 刑 liikiin\n\nL\n\n食 来 代 絣 國 U. S A W|\n\n| 閾 誌\n\n他 (hcrs\n\n⑲③③\n\n囁\n\n① ① l\n\nネ mn\n\nv す\n\n疇董轟鷹LMm\n\n羅 R\n\n駐 ト\n\n` 茉 東 利 CLiintin\n\nh\n
page_010_clahe_13.tess.tile041.png,C:\Users\User\Downloads\OCR-Engine\ops\page_010_clahe_13.tess.tile041.png,371279,True,,,
page_010_clahe_13.tess.tile041.tess.txt,C:\Users\User\Downloads\OCR-Engine\ops\page_010_clahe_13.tess.tile041.tess.txt,251,False,,,内\n\nF\n\nS F\n\nA た で す で\n\nJ て h\n\nに\n\n貝 で\n\nい c\n\nr a\n\n進\n\nLPx\n\nLWR F\n\nL\n\n詞\n\nGS\n\nい\n\nト ④\n\n[ 詞\n\n③ ra に\n\nD\n\nす t と で\n\nr\n\nさ ①\n\nSao mmtr e a\n\nョ f\n\ntrr a\n\nH よ\n\n|\n
page_010_clahe_13.tess.tile042.png,C:\Users\User\Downloads\OCR-Engine\ops\page_010_clahe_13.tess.tile042.png,94715,True,,,
page_010_clahe_13.tess.tile042.tess.txt,C:\Users\User\Downloads\OCR-Engine\ops\page_010_clahe_13.tess.tile042.tess.txt,10,False,,,目\n\n|\n
page_010_clahe_13.tess.tile043.png,C:\Users\User\Downloads\OCR-Engine\ops\page_010_clahe_13.tess.tile043.png,11355,True,,,
page_010_clahe_13.tess.tile043.tess.txt,C:\Users\User\Downloads\OCR-Engine\ops\page_010_clahe_13.tess.tile043.tess.txt,0,False,,,
page_010_clahe_13.tess.tile044.png,C:\Users\User\Downloads\OCR-Engine\ops\page_010_clahe_13.tess.tile044.png,117034,True,,,
page_010_clahe_13.tess.tile044.tess.txt,C:\Users\User\Downloads\OCR-Engine\ops\page_010_clahe_13.tess.tile044.tess.txt,8,False,,,|\n\n}\n
page_010_clahe_13.tess.tile045.png,C:\Users\User\Downloads\OCR-Engine\ops\page_010_clahe_13.tess.tile045.png,114779,True,,,
page_010_clahe_13.tess.tile045.tess.txt,C:\Users\User\Downloads\OCR-Engine\ops\page_010_clahe_13.tess.tile045.tess.txt,8,False,,,|\n\n|\n
page_010_clahe_13.tess.tile046.png,C:\Users\User\Downloads\OCR-Engine\ops\page_010_clahe_13.tess.tile046.png,11182,True,,,
page_010_clahe_13.tess.tile046.tess.txt,C:\Users\User\Downloads\OCR-Engine\ops\page_010_clahe_13.tess.tile046.tess.txt,0,False,,,
page_010_clahe_13.tess.tile047.png,C:\Users\User\Downloads\OCR-Engine\ops\page_010_clahe_13.tess.tile047.png,8153,True,,,
page_010_clahe_13.tess.tile047.tess.txt,C:\Users\User\Downloads\OCR-Engine\ops\page_010_clahe_13.tess.tile047.tess.txt,0,False,,,
page_010_clahe_13.tess.tile048.png,C:\Users\User\Downloads\OCR-Engine\ops\page_010_clahe_13.tess.tile048.png,13312,True,,,
page_010_clahe_13.tess.tile048.tess.txt,C:\Users\User\Downloads\OCR-Engine\ops\page_010_clahe_13.tess.tile048.tess.txt,0,False,,,
page_010_clahe_13.tess.tile049.png,C:\Users\User\Downloads\OCR-Engine\ops\page_010_clahe_13.tess.tile049.png,168297,True,,,
page_010_clahe_13.tess.tile049.tess.txt,C:\Users\User\Downloads\OCR-Engine\ops\page_010_clahe_13.tess.tile049.tess.txt,6,False,,,_縄\n
page_010_clahe_13.tess.tile050.png,C:\Users\User\Downloads\OCR-Engine\ops\page_010_clahe_13.tess.tile050.png,163452,True,,,
page_010_clahe_13.tess.tile050.tess.txt,C:\Users\User\Downloads\OCR-Engine\ops\page_010_clahe_13.tess.tile050.tess.txt,7,False,,,川 |\n
page_010_clahe_13.tess.tile051.png,C:\Users\User\Downloads\OCR-Engine\ops\page_010_clahe_13.tess.tile051.png,618141,True,,,
page_010_clahe_13.tess.tile051.tess.txt,C:\Users\User\Downloads\OCR-Engine\ops\page_010_clahe_13.tess.tile051.tess.txt,341,False,,,"ザ 捨 熱 団 に NHiR\n\n| 輸\n\n帖 Kixxin\n\n苑 向 利 CLiiitin 貝\n\n① ゃ\n\n選 Cerinany\n\n北 来 付 細 国 し ⑤.A、 見\n\n①\n\n他 Othcrs\n\nM が\n\n本 Jumun\n\n① T\n\n田 菓 食 隆 Chins\n\n` 惟\n\n羅 ttussh\n\n※ 蓬 目 鴉(誰""触鯱 R\n\n`ー\n\n礫 Gcmuany\n\n・ 玩 来 発 紹畜 U.S A 訃 | "
page_010_clahe_13.tess.tile052.png,C:\Users\User\Downloads\OCR-Engine\ops\page_010_clahe_13.tess.tile052.png,383160,True,,,
page_010_clahe_13.tess.tile052.tess.txt,C:\Users\User\Downloads\OCR-Engine\ops\page_010_clahe_13.tess.tile052.tess.txt,220,False,,,f+\n\nW\n\nm\n\nし\n\nr |\n\n① a ま\n\nrk\n\nRM\n\nW\n\nK せ\n\n畑 」\n\nコ コ\n\nメ a\n\nM\n\nい 巡\n\nP が\n\nu①\n\nイ ざ cT\n\nL&e\n\n①\n\nW A\n\n: 朱\n\net\n\ny\n\nも\n\n酸 R\n\n計 | |\n\n目\n
page_010_clahe_13.tess.tile053.png,C:\Users\User\Downloads\OCR-Engine\ops\page_010_clahe_13.tess.tile053.png,106464,True,,,
page_010_clahe_13.tess.tile053.tess.txt,C:\Users\User\Downloads\OCR-Engine\ops\page_010_clahe_13.tess.tile053.tess.txt,5,False,,,」\n
page_010_clahe_13.tess.tile054.png,C:\Users\User\Downloads\OCR-Engine\ops\page_010_clahe_13.tess.tile054.png,11288,True,,,
page_010_clahe_13.tess.tile054.tess.txt,C:\Users\User\Downloads\OCR-Engine\ops\page_010_clahe_13.tess.tile054.tess.txt,0,False,,,
page_010_clahe_13.tess.tile055.png,C:\Users\User\Downloads\OCR-Engine\ops\page_010_clahe_13.tess.tile055.png,119762,True,,,
page_010_clahe_13.tess.tile055.tess.txt,C:\Users\User\Downloads\OCR-Engine\ops\page_010_clahe_13.tess.tile055.tess.txt,0,False,,,
page_010_clahe_13.tess.tile056.png,C:\Users\User\Downloads\OCR-Engine\ops\page_010_clahe_13.tess.tile056.png,114079,True,,,
page_010_clahe_13.tess.tile056.tess.txt,C:\Users\User\Downloads\OCR-Engine\ops\page_010_clahe_13.tess.tile056.tess.txt,0,False,,,
page_010_clahe_13.tess.tile057.png,C:\Users\User\Downloads\OCR-Engine\ops\page_010_clahe_13.tess.tile057.png,11019,True,,,
page_010_clahe_13.tess.tile057.tess.txt,C:\Users\User\Downloads\OCR-Engine\ops\page_010_clahe_13.tess.tile057.tess.txt,0,False,,,
page_010_clahe_13.tess.tile058.png,C:\Users\User\Downloads\OCR-Engine\ops\page_010_clahe_13.tess.tile058.png,5440,True,,,
page_010_clahe_13.tess.tile058.tess.txt,C:\Users\User\Downloads\OCR-Engine\ops\page_010_clahe_13.tess.tile058.tess.txt,0,False,,,
page_010_clahe_13.tess.tile059.png,C:\Users\User\Downloads\OCR-Engine\ops\page_010_clahe_13.tess.tile059.png,7535,True,,,
page_010_clahe_13.tess.tile059.tess.txt,C:\Users\User\Downloads\OCR-Engine\ops\page_010_clahe_13.tess.tile059.tess.txt,0,False,,,
page_010_clahe_13.tess.tile060.png,C:\Users\User\Downloads\OCR-Engine\ops\page_010_clahe_13.tess.tile060.png,166836,True,,,
page_010_clahe_13.tess.tile060.tess.txt,C:\Users\User\Downloads\OCR-Engine\ops\page_010_clahe_13.tess.tile060.tess.txt,7,False,,,③00\n
page_010_clahe_13.tess.tile061.png,C:\Users\User\Downloads\OCR-Engine\ops\page_010_clahe_13.tess.tile061.png,190128,True,,,
page_010_clahe_13.tess.tile061.tess.txt,C:\Users\User\Downloads\OCR-Engine\ops\page_010_clahe_13.tess.tile061.tess.txt,16,False,,,〕\n\n川 門\n
page_010_clahe_13.tess.tile062.png,C:\Users\User\Downloads\OCR-Engine\ops\page_010_clahe_13.tess.tile062.png,625739,True,,,
page_010_clahe_13.tess.tile062.tess.txt,C:\Users\User\Downloads\OCR-Engine\ops\page_010_clahe_13.tess.tile062.tess.txt,466,False,,,}\n\nに i 。 0 和 ・ 閾 詞 」 啓 に に cicakunasbd\n\n`\n\n蟻\n\n礫 Gcmuany\n\n食 木 食 紫 綱 U. S ん\n\nj 疫\n\n他 (Kthcrs\n\n⑲③①\n\nH\n\nー\n\nー\n\n本 amumn\n\nて * 栄 蕩 戸 国 China 、\n\n⑯\n\nー\n\n! t\n\nー\n\n藤\n\n輝 RKussia\n\nェ 蓼 賓 利 (tL Rrikiin 幽\n\n` 覇\n\n|\n\n道 Gcnn
page_010_clahe_13.tess.tile063.png,C:\Users\User\Downloads\OCR-Engine\ops\page_010_clahe_13.tess.tile063.png,449096,True,,,
page_010_clahe_13.tess.tile063.tess.txt,C:\Users\User\Downloads\OCR-Engine\ops\page_010_clahe_13.tess.tile063.tess.txt,279,False,,,ョ ま\n\nは ま れ\n\nC\n\nェ k\n\nマ t す\n\nせ ー ョ ョ\n\n⑲es\n\n!\n\nn が )\n\n~~\n\nm ④\n\n訣 eraa が u\n\nPe\n\nて 細 v lt お\n\nり\n\na\n\nに\n\nPe\n\n沼\n\n⑧\n\na m aemr\n\nー詳{ー・\n\nh 」\n\n①0⑨\n\n0 ⑤\n\n①00\n\nQ\n\n弧\n\nI L\n
page_010_clahe_13.tess.tile064.png,C:\Users\User\Downloads\OCR-Engine\ops\page_010_clahe_13.tess.tile064.png,125091,True,,,
page_010_clahe_13.tess.tile064.tess.txt,C:\Users\User\Downloads\OCR-Engine\ops\page_010_clahe_13.tess.tile064.tess.txt,17,False,,,相\n\nW\n\n言\n
page_010_clahe_13.tess.tile065.png,C:\Users\User\Downloads\OCR-Engine\ops\page_010_clahe_13.tess.tile065.png,4954,True,,,
page_010_clahe_13.tess.tile065.tess.txt,C:\Users\User\Downloads\OCR-Engine\ops\page_010_clahe_13.tess.tile065.tess.txt,0,False,,,
page_010_clahe_13.tess.tile066.png,C:\Users\User\Downloads\OCR-Engine\ops\page_010_clahe_13.tess.tile066.png,92818,True,,,
page_010_clahe_13.tess.tile066.tess.txt,C:\Users\User\Downloads\OCR-Engine\ops\page_010_clahe_13.tess.tile066.tess.txt,7,False,,,ョ a\n
page_010_clahe_13.tess.tile067.png,C:\Users\User\Downloads\OCR-Engine\ops\page_010_clahe_13.tess.tile067.png,105846,True,,,
page_010_clahe_13.tess.tile067.tess.txt,C:\Users\User\Downloads\OCR-Engine\ops\page_010_clahe_13.tess.tile067.tess.txt,7,False,,,ョ a\n
page_010_clahe_13.tess.tile068.png,C:\Users\User\Downloads\OCR-Engine\ops\page_010_clahe_13.tess.tile068.png,27552,True,,,
page_010_clahe_13.tess.tile068.tess.txt,C:\Users\User\Downloads\OCR-Engine\ops\page_010_clahe_13.tess.tile068.tess.txt,0,False,,,
page_010_clahe_13.tess.tile069.png,C:\Users\User\Downloads\OCR-Engine\ops\page_010_clahe_13.tess.tile069.png,22654,True,,,
page_010_clahe_13.tess.tile069.tess.txt,C:\Users\User\Downloads\OCR-Engine\ops\page_010_clahe_13.tess.tile069.tess.txt,0,False,,,
page_010_clahe_13.tess.tile070.png,C:\Users\User\Downloads\OCR-Engine\ops\page_010_clahe_13.tess.tile070.png,29745,True,,,
page_010_clahe_13.tess.tile070.tess.txt,C:\Users\User\Downloads\OCR-Engine\ops\page_010_clahe_13.tess.tile070.tess.txt,0,False,,,
page_010_clahe_13.tess.tile071.png,C:\Users\User\Downloads\OCR-Engine\ops\page_010_clahe_13.tess.tile071.png,147848,True,,,
page_010_clahe_13.tess.tile071.tess.txt,C:\Users\User\Downloads\OCR-Engine\ops\page_010_clahe_13.tess.tile071.tess.txt,42,False,,,③0⑥\n\nー ー ニ ーーー 一 一\n
page_010_clahe_13.tess.tile072.png,C:\Users\User\Downloads\OCR-Engine\ops\page_010_clahe_13.tess.tile072.png,122138,True,,,
page_010_clahe_13.tess.tile072.tess.txt,C:\Users\User\Downloads\OCR-Engine\ops\page_010_clahe_13.tess.tile072.tess.txt,47,False,,,皿\n\n?\n\nI\n\n⑤\n\n‥\n\nー\n\nー ー\n
page_010_clahe_13.tess.tile073.png,C:\Users\User\Downloads\OCR-Engine\ops\page_010_clahe_13.tess.tile073.png,198052,True,,,
page_010_clahe_13.tess.tile073.tess.txt,C:\Users\User\Downloads\OCR-Engine\ops\page_010_clahe_13.tess.tile073.tess.txt,103,False,,,し ⑫\n\nし k に\n\nP\n\nい\n\n他 (Nhcrs\n\n0\n\n⑤0 ③0 ID\n\n①0 00\n\nMNillinn\n\nNMilfnn\n
page_010_clahe_13.tess.tile074.png,C:\Users\User\Downloads\OCR-Engine\ops\page_010_clahe_13.tess.tile074.png,162196,True,,,
page_010_clahe_13.tess.tile074.tess.txt,C:\Users\User\Downloads\OCR-Engine\ops\page_010_clahe_13.tess.tile074.tess.txt,109,False,,,F\n\nト\n\nー ト\n\n'_二~ ーー ま\n\nM\n\nI0 ③0 ⑤\n\n00\n\n山\n\nHinun\n\nー ニ >ーーーー\n
page_010_clahe_13.tess.tile075.png,C:\Users\User\Downloads\OCR-Engine\ops\page_010_clahe_13.tess.tile075.png,88482,True,,,
page_010_clahe_13.tess.tile075.tess.txt,C:\Users\User\Downloads\OCR-Engine\ops\page_010_clahe_13.tess.tile075.tess.txt,7,False,,,① |\n
page_010_clahe_13.tess.tile076.png,C:\Users\User\Downloads\OCR-Engine\ops\page_010_clahe_13.tess.tile076.png,10974,True,,,
page_010_clahe_13.tess.tile076.tess.txt,C:\Users\User\Downloads\OCR-Engine\ops\page_010_clahe_13.tess.tile076.tess.txt,0,False,,,
page_010_clahe_13.tess.tile077.png,C:\Users\User\Downloads\OCR-Engine\ops\page_010_clahe_13.tess.tile077.png,9427,True,,,
page_010_clahe_13.tess.tile077.tess.txt,C:\Users\User\Downloads\OCR-Engine\ops\page_010_clahe_13.tess.tile077.tess.txt,44,False,,,珍 ①\n\n凹\n\nに お\n\nェ\n\ne\n\nu\n
page_010_clahe_13.tess.tile078.png,C:\Users\User\Downloads\OCR-Engine\ops\page_010_clahe_13.tess.tile078.png,13584,True,,,
page_010_clahe_13.tess.tile078.tess.txt,C:\Users\User\Downloads\OCR-Engine\ops\page_010_clahe_13.tess.tile078.tess.txt,0,False,,,
page_010_clahe_13.tess.tile079.png,C:\Users\User\Downloads\OCR-Engine\ops\page_010_clahe_13.tess.tile079.png,7307,True,,,
page_010_clahe_13.tess.tile079.tess.txt,C:\Users\User\Downloads\OCR-Engine\ops\page_010_clahe_13.tess.tile079.tess.txt,11,False,,,翼…寵\n
page_010_clahe_13.tess.tile080.png,C:\Users\User\Downloads\OCR-Engine\ops\page_010_clahe_13.tess.tile080.png,7910,True,,,
page_010_clahe_13.tess.tile080.tess.txt,C:\Users\User\Downloads\OCR-Engine\ops\page_010_clahe_13.tess.tile080.tess.txt,29,False,,,し が\n\n[ 前\n\n圃 」\n
page_010_clahe_13.tess.tile081.png,C:\Users\User\Downloads\OCR-Engine\ops\page_010_clahe_13.tess.tile081.png,14798,True,,,
page_010_clahe_13.tess.tile081.tess.txt,C:\Users\User\Downloads\OCR-Engine\ops\page_010_clahe_13.tess.tile081.tess.txt,0,False,,,
page_010_clahe_13.tess.tile082.png,C:\Users\User\Downloads\OCR-Engine\ops\page_010_clahe_13.tess.tile082.png,7158,True,,,
page_010_clahe_13.tess.tile082.tess.txt,C:\Users\User\Downloads\OCR-Engine\ops\page_010_clahe_13.tess.tile082.tess.txt,0,False,,,
page_010_clahe_13.tess.tile083.png,C:\Users\User\Downloads\OCR-Engine\ops\page_010_clahe_13.tess.tile083.png,17054,True,,,
page_010_clahe_13.tess.tile083.tess.txt,C:\Users\User\Downloads\OCR-Engine\ops\page_010_clahe_13.tess.tile083.tess.txt,10,False,,,ピ\n\n#\n
page_010_clahe_13.tess.tile084.png,C:\Users\User\Downloads\OCR-Engine\ops\page_010_clahe_13.tess.tile084.png,14990,True,,,
page_010_clahe_13.tess.tile084.tess.txt,C:\Users\User\Downloads\OCR-Engine\ops\page_010_clahe_13.tess.tile084.tess.txt,0,False,,,
page_010_clahe_13.tess.tile085.png,C:\Users\User\Downloads\OCR-Engine\ops\page_010_clahe_13.tess.tile085.png,90296,True,,,
page_010_clahe_13.tess.tile085.tess.txt,C:\Users\User\Downloads\OCR-Engine\ops\page_010_clahe_13.tess.tile085.tess.txt,111,False,,,・_「酵縄 | 〝蚊 ん ~L\n\nビ ニ デ `\n\nー_\n\n・~績\n\nー ト ー に\n\nFS 談\n\n心 ま ⑳\n
page_010_clahe_13.tess.tile086.png,C:\Users\User\Downloads\OCR-Engine\ops\page_010_clahe_13.tess.tile086.png,232712,True,,,
page_010_clahe_13.tess.tile086.tess.txt,C:\Users\User\Downloads\OCR-Engine\ops\page_010_clahe_13.tess.tile086.tess.txt,416,False,,,"楊 っ ) ま\n\n薯 ョ eー 一 ー\n\nヘ ョ ー ゃ ま\n\n滸{\n\nト n\n\nデ テ ー )\n\nー ナ ト ー③ ② ぷ ① と ・ き\n\n唯\n\n寓\n\nu e\n\nド 詞 ン 次 報 森\n\n,`\n\nュ ュ\n\nョ a\n\nョ ー ョ\n\nC\n\nAmittU① 空 =\n\n[\n\nャ\n\nい RR G R S 詞\n\nト て atae d\n\nミ ま\n\n詞 栄\n\n來 ①TetT が y\n\nv z\n\nい\n\n}離~…"
page_010_clahe_13.tess.tile087.png,C:\Users\User\Downloads\OCR-Engine\ops\page_010_clahe_13.tess.tile087.png,114189,True,,,
page_010_clahe_13.tess.tile087.tess.txt,C:\Users\User\Downloads\OCR-Engine\ops\page_010_clahe_13.tess.tile087.tess.txt,218,False,,,「竈 ~ーー 絆}′′~\n\n[\n\n{「「\n\n『\n\nー m マ ー\n\nー\n\nー\n\n沼\n\nJ - ま モ\n\nF\n\nォ\n\n」\n\nっ す っ こ\n\nー さ\n\nP縄\n\n?\n\n④\n\nョ\n\n逢\n\n艸\n\nA す |\n\n′`\n\n[\n
page_010_clahe_13.tess.tiled.psm11.clean.txt,C:\Users\User\Downloads\OCR-Engine\ops\page_010_clahe_13.tess.tiled.psm11.clean.txt,2624,False,,,"Lーーーーーー・31ー4. 轍 出Values of Exports( 軸入 )Importsト &4? 英1 佐Wー 一 ー曲 入 主 要 國 別 累ports and Imports by F0...囁「i'髄入)値』 $1【 ョ R は l1 す でt =縄鱒; _] 累 年 比 較ountrics,1081 01015( 輝自 )Exhortst 璋縄""; ョ1 債2 磐」 ョ「ー崎( 下"
page_010_clahe_13.tess.tiled.psm11.normalized.txt,C:\Users\User\Downloads\OCR-Engine\ops\page_010_clahe_13.tess.tiled.psm11.normalized.txt,3556,False,,,"L\nーーーーーー・\n.\n③ ①\nー\n④. 轍 出\nValues of Exports\n( 軸\n入 )\nImports\nト & ④\n? 英\n① 佐\nW\nー 一 ー\n曲 入 主 要 國 別 累\nports and Imports by F0…囁「i'\n髄入)\n値\n』 $ ①\n【 ョ R は l\n① す で\nt =縄鱒; _\n] 累 年 比 較\nountrics, ①0⑧① {0 ①0①⑤\n( 輝\n自 "
page_010_clahe_13.tess.tiled.psm11.txt,C:\Users\User\Downloads\OCR-Engine\ops\page_010_clahe_13.tess.tiled.psm11.txt,4222,False,,,L\n\nーーーーーー・\n\n.\n\n③ ①\nー\n\n④. 轍 出\n\nValues of Exports\n\n( 軸\n\n入 )\n\nImports\n\nト & ④\n\n? 英\n\n① 佐\n\nW\nー 一 ー\n\n曲 入 主 要 國 別 累\n\nports and Imports by F0…囁「i'\n\n髄入)\n\n値\n\n』 $ ①\n\n【 ョ R は l\n\n① す で\n\nt =縄鱒; _\n] 累 年 比 較\n\nountrics
page_010_clahe_14.clean.txt,C:\Users\User\Downloads\OCR-Engine\ops\page_010_clahe_14.clean.txt,0,False,,,
page_010_clahe_14.png,C:\Users\User\Downloads\OCR-Engine\ops\page_010_clahe_14.png,10274261,True,,,
page_010_clahe_14.rapid.txt,C:\Users\User\Downloads\OCR-Engine\ops\page_010_clahe_14.rapid.txt,0,False,,,
page_010_clahe_14.tess.tile000.png,C:\Users\User\Downloads\OCR-Engine\ops\page_010_clahe_14.tess.tile000.png,23050,True,,,
page_010_clahe_14.tess.tile000.tess.txt,C:\Users\User\Downloads\OCR-Engine\ops\page_010_clahe_14.tess.tile000.tess.txt,0,False,,,
page_010_clahe_14.tess.tile001.png,C:\Users\User\Downloads\OCR-Engine\ops\page_010_clahe_14.tess.tile001.png,61435,True,,,
page_010_clahe_14.tess.tile001.tess.txt,C:\Users\User\Downloads\OCR-Engine\ops\page_010_clahe_14.tess.tile001.tess.txt,0,False,,,
page_010_clahe_14.tess.tile002.png,C:\Users\User\Downloads\OCR-Engine\ops\page_010_clahe_14.tess.tile002.png,24547,True,,,
page_010_clahe_14.tess.tile002.tess.txt,C:\Users\User\Downloads\OCR-Engine\ops\page_010_clahe_14.tess.tile002.tess.txt,0,False,,,
page_010_clahe_14.tess.tile003.png,C:\Users\User\Downloads\OCR-Engine\ops\page_010_clahe_14.tess.tile003.png,22407,True,,,
page_010_clahe_14.tess.tile003.tess.txt,C:\Users\User\Downloads\OCR-Engine\ops\page_010_clahe_14.tess.tile003.tess.txt,0,False,,,
page_010_clahe_14.tess.tile004.png,C:\Users\User\Downloads\OCR-Engine\ops\page_010_clahe_14.tess.tile004.png,25152,True,,,
page_010_clahe_14.tess.tile004.tess.txt,C:\Users\User\Downloads\OCR-Engine\ops\page_010_clahe_14.tess.tile004.tess.txt,0,False,,,
page_010_clahe_14.tess.tile005.png,C:\Users\User\Downloads\OCR-Engine\ops\page_010_clahe_14.tess.tile005.png,69701,True,,,
page_010_clahe_14.tess.tile005.tess.txt,C:\Users\User\Downloads\OCR-Engine\ops\page_010_clahe_14.tess.tile005.tess.txt,0,False,,,
page_010_clahe_14.tess.tile006.png,C:\Users\User\Downloads\OCR-Engine\ops\page_010_clahe_14.tess.tile006.png,22540,True,,,
page_010_clahe_14.tess.tile006.tess.txt,C:\Users\User\Downloads\OCR-Engine\ops\page_010_clahe_14.tess.tile006.tess.txt,0,False,,,
page_010_clahe_14.tess.tile007.png,C:\Users\User\Downloads\OCR-Engine\ops\page_010_clahe_14.tess.tile007.png,26481,True,,,
page_010_clahe_14.tess.tile007.tess.txt,C:\Users\User\Downloads\OCR-Engine\ops\page_010_clahe_14.tess.tile007.tess.txt,0,False,,,
page_010_clahe_14.tess.tile008.png,C:\Users\User\Downloads\OCR-Engine\ops\page_010_clahe_14.tess.tile008.png,24847,True,,,
page_010_clahe_14.tess.tile008.tess.txt,C:\Users\User\Downloads\OCR-Engine\ops\page_010_clahe_14.tess.tile008.tess.txt,0,False,,,
page_010_clahe_14.tess.tile009.png,C:\Users\User\Downloads\OCR-Engine\ops\page_010_clahe_14.tess.tile009.png,36568,True,,,
page_010_clahe_14.tess.tile009.tess.txt,C:\Users\User\Downloads\OCR-Engine\ops\page_010_clahe_14.tess.tile009.tess.txt,0,False,,,
page_010_clahe_14.tess.tile010.png,C:\Users\User\Downloads\OCR-Engine\ops\page_010_clahe_14.tess.tile010.png,13653,True,,,
page_010_clahe_14.tess.tile010.tess.txt,C:\Users\User\Downloads\OCR-Engine\ops\page_010_clahe_14.tess.tile010.tess.txt,0,False,,,
page_010_clahe_14.tess.tile011.png,C:\Users\User\Downloads\OCR-Engine\ops\page_010_clahe_14.tess.tile011.png,51620,True,,,
page_010_clahe_14.tess.tile011.tess.txt,C:\Users\User\Downloads\OCR-Engine\ops\page_010_clahe_14.tess.tile011.tess.txt,0,False,,,
page_010_clahe_14.tess.tile012.png,C:\Users\User\Downloads\OCR-Engine\ops\page_010_clahe_14.tess.tile012.png,85072,True,,,
page_010_clahe_14.tess.tile012.tess.txt,C:\Users\User\Downloads\OCR-Engine\ops\page_010_clahe_14.tess.tile012.tess.txt,0,False,,,
page_010_clahe_14.tess.tile013.png,C:\Users\User\Downloads\OCR-Engine\ops\page_010_clahe_14.tess.tile013.png,5335,True,,,
page_010_clahe_14.tess.tile013.tess.txt,C:\Users\User\Downloads\OCR-Engine\ops\page_010_clahe_14.tess.tile013.tess.txt,0,False,,,
page_010_clahe_14.tess.tile014.png,C:\Users\User\Downloads\OCR-Engine\ops\page_010_clahe_14.tess.tile014.png,5543,True,,,
page_010_clahe_14.tess.tile014.tess.txt,C:\Users\User\Downloads\OCR-Engine\ops\page_010_clahe_14.tess.tile014.tess.txt,0,False,,,
page_010_clahe_14.tess.tile015.png,C:\Users\User\Downloads\OCR-Engine\ops\page_010_clahe_14.tess.tile015.png,5541,True,,,
page_010_clahe_14.tess.tile015.tess.txt,C:\Users\User\Downloads\OCR-Engine\ops\page_010_clahe_14.tess.tile015.tess.txt,0,False,,,
page_010_clahe_14.tess.tile016.png,C:\Users\User\Downloads\OCR-Engine\ops\page_010_clahe_14.tess.tile016.png,102339,True,,,
page_010_clahe_14.tess.tile016.tess.txt,C:\Users\User\Downloads\OCR-Engine\ops\page_010_clahe_14.tess.tile016.tess.txt,9,False,,,③ ①\n
page_010_clahe_14.tess.tile017.png,C:\Users\User\Downloads\OCR-Engine\ops\page_010_clahe_14.tess.tile017.png,172253,True,,,
page_010_clahe_14.tess.tile017.tess.txt,C:\Users\User\Downloads\OCR-Engine\ops\page_010_clahe_14.tess.tile017.tess.txt,102,False,,,④. 轍 出\n\nValues of Exports\n\n( 輸\n\n入 )\n\nImports\n\n③ 茂\n\n? 蓋\n\n① 値\n\nド\n
page_010_clahe_14.tess.tile018.png,C:\Users\User\Downloads\OCR-Engine\ops\page_010_clahe_14.tess.tile018.png,217933,True,,,
page_010_clahe_14.tess.tile018.tess.txt,C:\Users\User\Downloads\OCR-Engine\ops\page_010_clahe_14.tess.tile018.tess.txt,128,False,,,ー\n\n朱 入 主 要 國 別 累\n\nPorts and Imports by F0…囁「iー\n\n趙入)\n\n佐\n\nC\n\n①0 す 長\n\ng 通 曹\n
page_010_clahe_14.tess.tile019.png,C:\Users\User\Downloads\OCR-Engine\ops\page_010_clahe_14.tess.tile019.png,192964,True,,,
page_010_clahe_14.tess.tile019.tess.txt,C:\Users\User\Downloads\OCR-Engine\ops\page_010_clahe_14.tess.tile019.tess.txt,128,False,,,"ー\n\n| 累 年 比 軽\n\nountrics, ①0⑧① {0 ①0⑧⑤\n\n( 輝\n\n自 )\n\nExhports\n\n⑪\n\nョ\n\n① 傳\n\n? 磋\n"
page_010_clahe_14.tess.tile020.png,C:\Users\User\Downloads\OCR-Engine\ops\page_010_clahe_14.tess.tile020.png,63231,True,,,
page_010_clahe_14.tess.tile020.tess.txt,C:\Users\User\Downloads\OCR-Engine\ops\page_010_clahe_14.tess.tile020.tess.txt,9,False,,,」 ョ\n
page_010_clahe_14.tess.tile021.png,C:\Users\User\Downloads\OCR-Engine\ops\page_010_clahe_14.tess.tile021.png,18996,True,,,
page_010_clahe_14.tess.tile021.tess.txt,C:\Users\User\Downloads\OCR-Engine\ops\page_010_clahe_14.tess.tile021.tess.txt,0,False,,,
page_010_clahe_14.tess.tile022.png,C:\Users\User\Downloads\OCR-Engine\ops\page_010_clahe_14.tess.tile022.png,66977,True,,,
page_010_clahe_14.tess.tile022.tess.txt,C:\Users\User\Downloads\OCR-Engine\ops\page_010_clahe_14.tess.tile022.tess.txt,3,False,,,|\n
page_010_clahe_14.tess.tile023.png,C:\Users\User\Downloads\OCR-Engine\ops\page_010_clahe_14.tess.tile023.png,89247,True,,,
page_010_clahe_14.tess.tile023.tess.txt,C:\Users\User\Downloads\OCR-Engine\ops\page_010_clahe_14.tess.tile023.tess.txt,0,False,,,
page_010_clahe_14.tess.tile024.png,C:\Users\User\Downloads\OCR-Engine\ops\page_010_clahe_14.tess.tile024.png,5335,True,,,
page_010_clahe_14.tess.tile024.tess.txt,C:\Users\User\Downloads\OCR-Engine\ops\page_010_clahe_14.tess.tile024.tess.txt,0,False,,,
page_010_clahe_14.tess.tile025.png,C:\Users\User\Downloads\OCR-Engine\ops\page_010_clahe_14.tess.tile025.png,5335,True,,,
page_010_clahe_14.tess.tile025.tess.txt,C:\Users\User\Downloads\OCR-Engine\ops\page_010_clahe_14.tess.tile025.tess.txt,0,False,,,
page_010_clahe_14.tess.tile026.png,C:\Users\User\Downloads\OCR-Engine\ops\page_010_clahe_14.tess.tile026.png,5335,True,,,
page_010_clahe_14.tess.tile026.tess.txt,C:\Users\User\Downloads\OCR-Engine\ops\page_010_clahe_14.tess.tile026.tess.txt,0,False,,,
page_010_clahe_14.tess.tile027.png,C:\Users\User\Downloads\OCR-Engine\ops\page_010_clahe_14.tess.tile027.png,118594,True,,,
page_010_clahe_14.tess.tile027.tess.txt,C:\Users\User\Downloads\OCR-Engine\ops\page_010_clahe_14.tess.tile027.tess.txt,6,False,,,ー}\n
page_010_clahe_14.tess.tile028.png,C:\Users\User\Downloads\OCR-Engine\ops\page_010_clahe_14.tess.tile028.png,133204,True,,,
page_010_clahe_14.tess.tile028.tess.txt,C:\Users\User\Downloads\OCR-Engine\ops\page_010_clahe_14.tess.tile028.tess.txt,5,False,,,崎\n
page_010_clahe_14.tess.tile029.png,C:\Users\User\Downloads\OCR-Engine\ops\page_010_clahe_14.tess.tile029.png,394844,True,,,
page_010_clahe_14.tess.tile029.tess.txt,C:\Users\User\Downloads\OCR-Engine\ops\page_010_clahe_14.tess.tile029.tess.txt,373,False,,,"【 下 m\n\nt TRI\n\n⑤ ③$ ①\n\n⑲③⑤\n\n⑨\n\nl\n\nI ① 【\n\nH\n\n赦 岬】〟""\n\nョ + イ\n\nョ\n\n中 薇 民 国 China\n\n①\n\n蘇\n\n職 Kussia\n\n` 董 合 判 (t Imtuin\n\nし り\n\n邉 Ccrmany\n\nー 食 江 口 痴 國 り . 口 A\n\n北\n\n忘 (Nhcrs\n\n惟\n\n⑲③④\n\nH\n\n本 mn\n\n[ ォ\n\n|\n\nI M ①\n\n. 軸 臺 屋"
page_010_clahe_14.tess.tile030.png,C:\Users\User\Downloads\OCR-Engine\ops\page_010_clahe_14.tess.tile030.png,324230,True,,,
page_010_clahe_14.tess.tile030.tess.txt,C:\Users\User\Downloads\OCR-Engine\ops\page_010_clahe_14.tess.tile030.tess.txt,214,False,,,】\n\nvxNhorts\n\nt TAN\n\n① ⑧\n\n① 傾\n\n② 儘\n\ni し\n\n① ま 随\n\nRm\n\nに エ も\n\n用\n\n」\n\nr\n\nv\n\nい\n\nb 向 は ①\n\nk\n\nP ‥{\n\nす rom\n\nい a い\n\nの れ 頑\n\nWm F\n
page_010_clahe_14.tess.tile031.png,C:\Users\User\Downloads\OCR-Engine\ops\page_010_clahe_14.tess.tile031.png,75708,True,,,
page_010_clahe_14.tess.tile031.tess.txt,C:\Users\User\Downloads\OCR-Engine\ops\page_010_clahe_14.tess.tile031.tess.txt,8,False,,,誰ー\n
page_010_clahe_14.tess.tile032.png,C:\Users\User\Downloads\OCR-Engine\ops\page_010_clahe_14.tess.tile032.png,14142,True,,,
page_010_clahe_14.tess.tile032.tess.txt,C:\Users\User\Downloads\OCR-Engine\ops\page_010_clahe_14.tess.tile032.tess.txt,0,False,,,
page_010_clahe_14.tess.tile033.png,C:\Users\User\Downloads\OCR-Engine\ops\page_010_clahe_14.tess.tile033.png,89666,True,,,
page_010_clahe_14.tess.tile033.tess.txt,C:\Users\User\Downloads\OCR-Engine\ops\page_010_clahe_14.tess.tile033.tess.txt,0,False,,,
page_010_clahe_14.tess.tile034.png,C:\Users\User\Downloads\OCR-Engine\ops\page_010_clahe_14.tess.tile034.png,85181,True,,,
page_010_clahe_14.tess.tile034.tess.txt,C:\Users\User\Downloads\OCR-Engine\ops\page_010_clahe_14.tess.tile034.tess.txt,9,False,,,丿 ①\n
page_010_clahe_14.tess.tile035.png,C:\Users\User\Downloads\OCR-Engine\ops\page_010_clahe_14.tess.tile035.png,5335,True,,,
page_010_clahe_14.tess.tile035.tess.txt,C:\Users\User\Downloads\OCR-Engine\ops\page_010_clahe_14.tess.tile035.tess.txt,0,False,,,
page_010_clahe_14.tess.tile036.png,C:\Users\User\Downloads\OCR-Engine\ops\page_010_clahe_14.tess.tile036.png,6140,True,,,
page_010_clahe_14.tess.tile036.tess.txt,C:\Users\User\Downloads\OCR-Engine\ops\page_010_clahe_14.tess.tile036.tess.txt,0,False,,,
page_010_clahe_14.tess.tile037.png,C:\Users\User\Downloads\OCR-Engine\ops\page_010_clahe_14.tess.tile037.png,5335,True,,,
page_010_clahe_14.tess.tile037.tess.txt,C:\Users\User\Downloads\OCR-Engine\ops\page_010_clahe_14.tess.tile037.tess.txt,0,False,,,
page_010_clahe_14.tess.tile038.png,C:\Users\User\Downloads\OCR-Engine\ops\page_010_clahe_14.tess.tile038.png,122387,True,,,
page_010_clahe_14.tess.tile038.tess.txt,C:\Users\User\Downloads\OCR-Engine\ops\page_010_clahe_14.tess.tile038.tess.txt,5,False,,,邱\n
page_010_clahe_14.tess.tile039.png,C:\Users\User\Downloads\OCR-Engine\ops\page_010_clahe_14.tess.tile039.png,75603,True,,,
page_010_clahe_14.tess.tile039.tess.txt,C:\Users\User\Downloads\OCR-Engine\ops\page_010_clahe_14.tess.tile039.tess.txt,16,False,,,向\n\n| | | |\n
page_010_clahe_14.tess.tile040.png,C:\Users\User\Downloads\OCR-Engine\ops\page_010_clahe_14.tess.tile040.png,420224,True,,,
page_010_clahe_14.tess.tile040.tess.txt,C:\Users\User\Downloads\OCR-Engine\ops\page_010_clahe_14.tess.tile040.tess.txt,298,False,,,[ ォ\n\nH\n\n本 mn\n\n- 笑 華 民 国 China\n\n旨\n\n轟 Russi\n\n蓋 青 剪 t.①iikiin\n\n|\n\n帖\n\n迷 Gcnnany\n\n[\n\n食 来 合 絣 崎 U. S ん\n\nM\n\n弐\n\n他 (thcrs\n\n⑲③③\n\n囁\n\n本 mn\n\n]_~\n\n躊纂轟鸞L…m\n\n軸 Ruzsin\n\nl\n\n` 苑 杏 利 CLiitain\n\nh 目\n
page_010_clahe_14.tess.tile041.png,C:\Users\User\Downloads\OCR-Engine\ops\page_010_clahe_14.tess.tile041.png,293491,True,,,
page_010_clahe_14.tess.tile041.tess.txt,C:\Users\User\Downloads\OCR-Engine\ops\page_010_clahe_14.tess.tile041.tess.txt,253,False,,,"PJ\n\nャ ス r\n\nい ④ で F\n\n院\n\nr\n\nぶ :\n\nA た コ ヲー璃\n\n⑧LPn\n\n① F\n\n詞\n\nO\n\n〝f _' _~ー\n\nョ\n\nャ e\n\n④\n\nW\n\nす ゃ る\n\n[ 眼 一 は く な\n\nr a\n\nB\n\nA\n\nS 啓\n\na A __〝~賽_【,\n\n」 賭\n"
page_010_clahe_14.tess.tile042.png,C:\Users\User\Downloads\OCR-Engine\ops\page_010_clahe_14.tess.tile042.png,68348,True,,,
page_010_clahe_14.tess.tile042.tess.txt,C:\Users\User\Downloads\OCR-Engine\ops\page_010_clahe_14.tess.tile042.tess.txt,10,False,,,目\n\n|\n
page_010_clahe_14.tess.tile043.png,C:\Users\User\Downloads\OCR-Engine\ops\page_010_clahe_14.tess.tile043.png,12095,True,,,
page_010_clahe_14.tess.tile043.tess.txt,C:\Users\User\Downloads\OCR-Engine\ops\page_010_clahe_14.tess.tile043.tess.txt,0,False,,,
page_010_clahe_14.tess.tile044.png,C:\Users\User\Downloads\OCR-Engine\ops\page_010_clahe_14.tess.tile044.png,107388,True,,,
page_010_clahe_14.tess.tile044.tess.txt,C:\Users\User\Downloads\OCR-Engine\ops\page_010_clahe_14.tess.tile044.tess.txt,10,False,,,|\n\n′\n
page_010_clahe_14.tess.tile045.png,C:\Users\User\Downloads\OCR-Engine\ops\page_010_clahe_14.tess.tile045.png,101261,True,,,
page_010_clahe_14.tess.tile045.tess.txt,C:\Users\User\Downloads\OCR-Engine\ops\page_010_clahe_14.tess.tile045.tess.txt,8,False,,,|\n\n|\n
page_010_clahe_14.tess.tile046.png,C:\Users\User\Downloads\OCR-Engine\ops\page_010_clahe_14.tess.tile046.png,7717,True,,,
page_010_clahe_14.tess.tile046.tess.txt,C:\Users\User\Downloads\OCR-Engine\ops\page_010_clahe_14.tess.tile046.tess.txt,0,False,,,
page_010_clahe_14.tess.tile047.png,C:\Users\User\Downloads\OCR-Engine\ops\page_010_clahe_14.tess.tile047.png,6334,True,,,
page_010_clahe_14.tess.tile047.tess.txt,C:\Users\User\Downloads\OCR-Engine\ops\page_010_clahe_14.tess.tile047.tess.txt,0,False,,,
page_010_clahe_14.tess.tile048.png,C:\Users\User\Downloads\OCR-Engine\ops\page_010_clahe_14.tess.tile048.png,8300,True,,,
page_010_clahe_14.tess.tile048.tess.txt,C:\Users\User\Downloads\OCR-Engine\ops\page_010_clahe_14.tess.tile048.tess.txt,0,False,,,
page_010_clahe_14.tess.tile049.png,C:\Users\User\Downloads\OCR-Engine\ops\page_010_clahe_14.tess.tile049.png,128042,True,,,
page_010_clahe_14.tess.tile049.tess.txt,C:\Users\User\Downloads\OCR-Engine\ops\page_010_clahe_14.tess.tile049.tess.txt,8,False,,,ー縄\n
page_010_clahe_14.tess.tile050.png,C:\Users\User\Downloads\OCR-Engine\ops\page_010_clahe_14.tess.tile050.png,90032,True,,,
page_010_clahe_14.tess.tile050.tess.txt,C:\Users\User\Downloads\OCR-Engine\ops\page_010_clahe_14.tess.tile050.tess.txt,5,False,,,川\n
page_010_clahe_14.tess.tile051.png,C:\Users\User\Downloads\OCR-Engine\ops\page_010_clahe_14.tess.tile051.png,474623,True,,,
page_010_clahe_14.tess.tile051.tess.txt,C:\Users\User\Downloads\OCR-Engine\ops\page_010_clahe_14.tess.tile051.tess.txt,381,False,,,"ド 華 疱 隆 n\n\n賞\n\n帖 Russin\n\n` 苑 杏 利 CLiitain 目\n\n①\n\nし\n\n逸 Germany\n\n北 米 何 組 国 り . S A\n\nB\n\n炊\n\n傀 UNhcrs\n\n⑲①②\n\n目\n\n本 m\n\n‥_""\n\nリ ①\n\n: 田 華 與 園 China\n\nに a り\n\nr e l\n\n` 悔\n\n纂 Russ\n\n唇 英 宮 月 Cliiin 曽\n\n| '{\n\n蝉\n\n邉 Gcrmuany"
page_010_clahe_14.tess.tile052.png,C:\Users\User\Downloads\OCR-Engine\ops\page_010_clahe_14.tess.tile052.png,311637,True,,,
page_010_clahe_14.tess.tile052.tess.txt,C:\Users\User\Downloads\OCR-Engine\ops\page_010_clahe_14.tess.tile052.tess.txt,162,False,,,`````\n\nn\n\na M\n\nW\n\nド\n\n* ム\n\nert\n\ng\n\nの oi dSP\n\nぱ\n\n咲\n\nす\n\nF W wt\n\nは dT\n\nC e\n\n)\n\nS 巡 す\n\nf |\n\nー'「{\n\n計 | |\n
page_010_clahe_14.tess.tile053.png,C:\Users\User\Downloads\OCR-Engine\ops\page_010_clahe_14.tess.tile053.png,71618,True,,,
page_010_clahe_14.tess.tile053.tess.txt,C:\Users\User\Downloads\OCR-Engine\ops\page_010_clahe_14.tess.tile053.tess.txt,18,False,,,W\n\n|\n\nーー\n
page_010_clahe_14.tess.tile054.png,C:\Users\User\Downloads\OCR-Engine\ops\page_010_clahe_14.tess.tile054.png,11950,True,,,
page_010_clahe_14.tess.tile054.tess.txt,C:\Users\User\Downloads\OCR-Engine\ops\page_010_clahe_14.tess.tile054.tess.txt,0,False,,,
page_010_clahe_14.tess.tile055.png,C:\Users\User\Downloads\OCR-Engine\ops\page_010_clahe_14.tess.tile055.png,104219,True,,,
page_010_clahe_14.tess.tile055.tess.txt,C:\Users\User\Downloads\OCR-Engine\ops\page_010_clahe_14.tess.tile055.tess.txt,0,False,,,
page_010_clahe_14.tess.tile056.png,C:\Users\User\Downloads\OCR-Engine\ops\page_010_clahe_14.tess.tile056.png,96462,True,,,
page_010_clahe_14.tess.tile056.tess.txt,C:\Users\User\Downloads\OCR-Engine\ops\page_010_clahe_14.tess.tile056.tess.txt,0,False,,,
page_010_clahe_14.tess.tile057.png,C:\Users\User\Downloads\OCR-Engine\ops\page_010_clahe_14.tess.tile057.png,7816,True,,,
page_010_clahe_14.tess.tile057.tess.txt,C:\Users\User\Downloads\OCR-Engine\ops\page_010_clahe_14.tess.tile057.tess.txt,0,False,,,
page_010_clahe_14.tess.tile058.png,C:\Users\User\Downloads\OCR-Engine\ops\page_010_clahe_14.tess.tile058.png,5365,True,,,
page_010_clahe_14.tess.tile058.tess.txt,C:\Users\User\Downloads\OCR-Engine\ops\page_010_clahe_14.tess.tile058.tess.txt,0,False,,,
page_010_clahe_14.tess.tile059.png,C:\Users\User\Downloads\OCR-Engine\ops\page_010_clahe_14.tess.tile059.png,6022,True,,,
page_010_clahe_14.tess.tile059.tess.txt,C:\Users\User\Downloads\OCR-Engine\ops\page_010_clahe_14.tess.tile059.tess.txt,0,False,,,
page_010_clahe_14.tess.tile060.png,C:\Users\User\Downloads\OCR-Engine\ops\page_010_clahe_14.tess.tile060.png,126951,True,,,
page_010_clahe_14.tess.tile060.tess.txt,C:\Users\User\Downloads\OCR-Engine\ops\page_010_clahe_14.tess.tile060.tess.txt,9,False,,,③0⑥\n
page_010_clahe_14.tess.tile061.png,C:\Users\User\Downloads\OCR-Engine\ops\page_010_clahe_14.tess.tile061.png,112504,True,,,
page_010_clahe_14.tess.tile061.tess.txt,C:\Users\User\Downloads\OCR-Engine\ops\page_010_clahe_14.tess.tile061.tess.txt,18,False,,,| 目\n\n川 門\n
page_010_clahe_14.tess.tile062.png,C:\Users\User\Downloads\OCR-Engine\ops\page_010_clahe_14.tess.tile062.png,482695,True,,,
page_010_clahe_14.tess.tile062.tess.txt,C:\Users\User\Downloads\OCR-Engine\ops\page_010_clahe_14.tess.tile062.tess.txt,466,False,,,"~翼 囁 "" 体 a が 0 P\n\n蝉\n\n邉 Gcrmuany\n\n| '{\n\n食 来 食 栄 鋼 U. S ん\n\n(\n\n共\n\n他 (thcrs\n\n①0③①\n\n日\n\nよ お k 旭\n\nー\n\nー\n\nす ,\n\n本 m\n\n①\n\n` ゆ 潜 民 国 China 、\n\n⑯ 芋\n\n⑭。\n\n茂\n\n輝 Russin\n\nD Lゝ\n\n` 茉 貢 刑 QLBrikin ESy\n\n` 蝉\n\n鶴 Gcnnany\n\n北 木 食"
page_010_clahe_14.tess.tile063.png,C:\Users\User\Downloads\OCR-Engine\ops\page_010_clahe_14.tess.tile063.png,368117,True,,,
page_010_clahe_14.tess.tile063.tess.txt,C:\Users\User\Downloads\OCR-Engine\ops\page_010_clahe_14.tess.tile063.tess.txt,210,False,,,)\n\nc\n\nよ お k 糾 向\n\nC\n\n了]〕\n\n⑪_悦縄~輝脳鮎瀞\n\nて e\n\n[ n\n\n【 い\n\n~_ ー'\n\nェ {翼ー\n\ny\n\net\n\nQ\n\nャ e や ト す\n\n|\n\nー。 恥 随\n\nI\n\n?0\n\n弧\n\n①\n
page_010_clahe_14.tess.tile064.png,C:\Users\User\Downloads\OCR-Engine\ops\page_010_clahe_14.tess.tile064.png,85900,True,,,
page_010_clahe_14.tess.tile064.tess.txt,C:\Users\User\Downloads\OCR-Engine\ops\page_010_clahe_14.tess.tile064.tess.txt,17,False,,,相\n\nW\n\n言\n
page_010_clahe_14.tess.tile065.png,C:\Users\User\Downloads\OCR-Engine\ops\page_010_clahe_14.tess.tile065.png,4961,True,,,
page_010_clahe_14.tess.tile065.tess.txt,C:\Users\User\Downloads\OCR-Engine\ops\page_010_clahe_14.tess.tile065.tess.txt,0,False,,,
page_010_clahe_14.tess.tile066.png,C:\Users\User\Downloads\OCR-Engine\ops\page_010_clahe_14.tess.tile066.png,83563,True,,,
page_010_clahe_14.tess.tile066.tess.txt,C:\Users\User\Downloads\OCR-Engine\ops\page_010_clahe_14.tess.tile066.tess.txt,7,False,,,ョ a\n
page_010_clahe_14.tess.tile067.png,C:\Users\User\Downloads\OCR-Engine\ops\page_010_clahe_14.tess.tile067.png,89409,True,,,
page_010_clahe_14.tess.tile067.tess.txt,C:\Users\User\Downloads\OCR-Engine\ops\page_010_clahe_14.tess.tile067.tess.txt,5,False,,,①\n
page_010_clahe_14.tess.tile068.png,C:\Users\User\Downloads\OCR-Engine\ops\page_010_clahe_14.tess.tile068.png,20057,True,,,
page_010_clahe_14.tess.tile068.tess.txt,C:\Users\User\Downloads\OCR-Engine\ops\page_010_clahe_14.tess.tile068.tess.txt,0,False,,,
page_010_clahe_14.tess.tile069.png,C:\Users\User\Downloads\OCR-Engine\ops\page_010_clahe_14.tess.tile069.png,16535,True,,,
page_010_clahe_14.tess.tile069.tess.txt,C:\Users\User\Downloads\OCR-Engine\ops\page_010_clahe_14.tess.tile069.tess.txt,0,False,,,
page_010_clahe_14.tess.tile070.png,C:\Users\User\Downloads\OCR-Engine\ops\page_010_clahe_14.tess.tile070.png,23754,True,,,
page_010_clahe_14.tess.tile070.tess.txt,C:\Users\User\Downloads\OCR-Engine\ops\page_010_clahe_14.tess.tile070.tess.txt,0,False,,,
page_010_clahe_14.tess.tile071.png,C:\Users\User\Downloads\OCR-Engine\ops\page_010_clahe_14.tess.tile071.png,118814,True,,,
page_010_clahe_14.tess.tile071.tess.txt,C:\Users\User\Downloads\OCR-Engine\ops\page_010_clahe_14.tess.tile071.tess.txt,39,False,,,③0⑥\n\nー ニ ーー 一 一 一\n
page_010_clahe_14.tess.tile072.png,C:\Users\User\Downloads\OCR-Engine\ops\page_010_clahe_14.tess.tile072.png,87786,True,,,
page_010_clahe_14.tess.tile072.tess.txt,C:\Users\User\Downloads\OCR-Engine\ops\page_010_clahe_14.tess.tile072.tess.txt,41,False,,,皿\n\n?\n\nI\n\n⑤\n\nし\n\nー\n\nS\n
page_010_clahe_14.tess.tile073.png,C:\Users\User\Downloads\OCR-Engine\ops\page_010_clahe_14.tess.tile073.png,151308,True,,,
page_010_clahe_14.tess.tile073.tess.txt,C:\Users\User\Downloads\OCR-Engine\ops\page_010_clahe_14.tess.tile073.tess.txt,105,False,,,談 d 0 。\n\nし T\n\nし &\n\n他 (伽翼\n\n0\n\n⑤0 ③0 I⑥\n\n①0 ⑨0\n\nANillinn\n\nNMilfnn\n
page_010_clahe_14.tess.tile074.png,C:\Users\User\Downloads\OCR-Engine\ops\page_010_clahe_14.tess.tile074.png,124445,True,,,
page_010_clahe_14.tess.tile074.tess.txt,C:\Users\User\Downloads\OCR-Engine\ops\page_010_clahe_14.tess.tile074.tess.txt,59,False,,,ー rre で す y\n\nー0 恥 印\n\nI\n\n?Ul\n\nR\n\ninn\n
page_010_clahe_14.tess.tile075.png,C:\Users\User\Downloads\OCR-Engine\ops\page_010_clahe_14.tess.tile075.png,68625,True,,,
page_010_clahe_14.tess.tile075.tess.txt,C:\Users\User\Downloads\OCR-Engine\ops\page_010_clahe_14.tess.tile075.tess.txt,5,False,,,ー\n
page_010_clahe_14.tess.tile076.png,C:\Users\User\Downloads\OCR-Engine\ops\page_010_clahe_14.tess.tile076.png,11438,True,,,
page_010_clahe_14.tess.tile076.tess.txt,C:\Users\User\Downloads\OCR-Engine\ops\page_010_clahe_14.tess.tile076.tess.txt,0,False,,,
page_010_clahe_14.tess.tile077.png,C:\Users\User\Downloads\OCR-Engine\ops\page_010_clahe_14.tess.tile077.png,9760,True,,,
page_010_clahe_14.tess.tile077.tess.txt,C:\Users\User\Downloads\OCR-Engine\ops\page_010_clahe_14.tess.tile077.tess.txt,5,False,,,ォ\n
page_010_clahe_14.tess.tile078.png,C:\Users\User\Downloads\OCR-Engine\ops\page_010_clahe_14.tess.tile078.png,14666,True,,,
page_010_clahe_14.tess.tile078.tess.txt,C:\Users\User\Downloads\OCR-Engine\ops\page_010_clahe_14.tess.tile078.tess.txt,0,False,,,
page_010_clahe_14.tess.tile079.png,C:\Users\User\Downloads\OCR-Engine\ops\page_010_clahe_14.tess.tile079.png,7517,True,,,
page_010_clahe_14.tess.tile079.tess.txt,C:\Users\User\Downloads\OCR-Engine\ops\page_010_clahe_14.tess.tile079.tess.txt,28,False,,,城\n\n_\n\n⑧\n\n相 」\n
page_010_clahe_14.tess.tile080.png,C:\Users\User\Downloads\OCR-Engine\ops\page_010_clahe_14.tess.tile080.png,8154,True,,,
page_010_clahe_14.tess.tile080.tess.txt,C:\Users\User\Downloads\OCR-Engine\ops\page_010_clahe_14.tess.tile080.tess.txt,0,False,,,
page_010_clahe_14.tess.tile081.png,C:\Users\User\Downloads\OCR-Engine\ops\page_010_clahe_14.tess.tile081.png,16193,True,,,
page_010_clahe_14.tess.tile081.tess.txt,C:\Users\User\Downloads\OCR-Engine\ops\page_010_clahe_14.tess.tile081.tess.txt,0,False,,,
page_010_clahe_14.tess.tile082.png,C:\Users\User\Downloads\OCR-Engine\ops\page_010_clahe_14.tess.tile082.png,7397,True,,,
page_010_clahe_14.tess.tile082.tess.txt,C:\Users\User\Downloads\OCR-Engine\ops\page_010_clahe_14.tess.tile082.tess.txt,0,False,,,
page_010_clahe_14.tess.tile083.png,C:\Users\User\Downloads\OCR-Engine\ops\page_010_clahe_14.tess.tile083.png,17802,True,,,
page_010_clahe_14.tess.tile083.tess.txt,C:\Users\User\Downloads\OCR-Engine\ops\page_010_clahe_14.tess.tile083.tess.txt,10,False,,,ピ\n\n#\n
page_010_clahe_14.tess.tile084.png,C:\Users\User\Downloads\OCR-Engine\ops\page_010_clahe_14.tess.tile084.png,15462,True,,,
page_010_clahe_14.tess.tile084.tess.txt,C:\Users\User\Downloads\OCR-Engine\ops\page_010_clahe_14.tess.tile084.tess.txt,0,False,,,
page_010_clahe_14.tess.tile085.png,C:\Users\User\Downloads\OCR-Engine\ops\page_010_clahe_14.tess.tile085.png,97095,True,,,
page_010_clahe_14.tess.tile085.tess.txt,C:\Users\User\Downloads\OCR-Engine\ops\page_010_clahe_14.tess.tile085.tess.txt,92,False,,,._~麒~ | 〝蚊 ん ~L\n\nビ デ `\n\nー_\n\n・~績\n\n瑛\n\nー〕\n\n和 *\n\n[ ⑭\n
page_010_clahe_14.tess.tile086.png,C:\Users\User\Downloads\OCR-Engine\ops\page_010_clahe_14.tess.tile086.png,251141,True,,,
page_010_clahe_14.tess.tile086.tess.txt,C:\Users\User\Downloads\OCR-Engine\ops\page_010_clahe_14.tess.tile086.tess.txt,396,False,,,_}\n\nョ ー\n\nで\n\nモ ー ョ\n\n宥_ a _ー」・{]\n\na ー ュ ょ\n\n・\n\ne ・・~d 縄'\n\nS\n\nテ ー ′\n\nた\n\nに\n\nー鵠{ L\n\n①\n\nT て に\n\n轟誰準幇~ .\n\n~\n\nョ a\n\nョ ー ョ\n\n_~ー\n\n`ゥ~‥\n\nロ\n\nま\n\nい [ 向\n\n占ヱ .ー ーL_\n\nー\n\nae な\n\n~轟_\n\nッ o ホ ー\n\nC\n\nーー`ー\n\nに\n\n③ '鰹〝ユ“\n\n着 ①』 ~鰻\n
page_010_clahe_14.tess.tile087.png,C:\Users\User\Downloads\OCR-Engine\ops\page_010_clahe_14.tess.tile087.png,123889,True,,,
page_010_clahe_14.tess.tile087.tess.txt,C:\Users\User\Downloads\OCR-Engine\ops\page_010_clahe_14.tess.tile087.tess.txt,242,False,,,「竈 ~ーー 絆}′′~\n\n[\n\n{「「\n\n『\n\nーー m マ ー\n\nー\n\n⑨\n\nの\n\ne - ま ミ\n\n|\n\nォ\n\n」\n\nっ っ こ\n\nー ー\n\np縄\n\n?\n\n④\n\nョ\n\n①\n\nぁ 巡 虐\n\nキ\n\nー\n\n艸\n\nA |\n\n′`\n\n[\n
page_010_clahe_14.tess.tiled.psm11.clean.txt,C:\Users\User\Downloads\OCR-Engine\ops\page_010_clahe_14.tess.tiled.psm11.clean.txt,2387,False,,,"314. 轍 出Values of Exports( 輸入 )Imports3 茂? 蓋1 値ドー朱 入 主 要 國 別 累Ports and Imports by F0...囁「iー趙入)佐C10 す 長g 通 曹ー| 累 年 比 軽ountrics,1081 01085( 輝自 )Exhports11ョ1 傳? 磋」 ョ|ー}崎【 下 mt TRI53$119359lI1 【H赦 岬】〟""ョ "
page_010_clahe_14.tess.tiled.psm11.normalized.txt,C:\Users\User\Downloads\OCR-Engine\ops\page_010_clahe_14.tess.tiled.psm11.normalized.txt,3282,False,,,"③ ①\n④. 轍 出\nValues of Exports\n( 輸\n入 )\nImports\n③ 茂\n? 蓋\n① 値\nド\nー\n朱 入 主 要 國 別 累\nPorts and Imports by F0…囁「iー\n趙入)\n佐\nC\n①0 す 長\ng 通 曹\nー\n| 累 年 比 軽\nountrics, ①0⑧① {0 ①0⑧⑤\n( 輝\n自 )\nExhports\n⑪\nョ\n① 傳\n? 磋\n」 ョ\n|\nー}\n崎\n"
page_010_clahe_14.tess.tiled.psm11.txt,C:\Users\User\Downloads\OCR-Engine\ops\page_010_clahe_14.tess.tiled.psm11.txt,3920,False,,,"③ ①\n④. 轍 出\n\nValues of Exports\n\n( 輸\n\n入 )\n\nImports\n\n③ 茂\n\n? 蓋\n\n① 値\n\nド\nー\n\n朱 入 主 要 國 別 累\n\nPorts and Imports by F0…囁「iー\n\n趙入)\n\n佐\n\nC\n\n①0 す 長\n\ng 通 曹\nー\n\n| 累 年 比 軽\n\nountrics, ①0⑧① {0 ①0⑧⑤\n\n( 輝\n\n自 )\n\nExhports\n\n⑪\n"
page_010_clahe_15.clean.txt,C:\Users\User\Downloads\OCR-Engine\ops\page_010_clahe_15.clean.txt,0,False,,,
page_010_clahe_15.png,C:\Users\User\Downloads\OCR-Engine\ops\page_010_clahe_15.png,10052463,True,,,
page_010_clahe_15.rapid.txt,C:\Users\User\Downloads\OCR-Engine\ops\page_010_clahe_15.rapid.txt,0,False,,,
page_010_clahe_15.tess.tile000.png,C:\Users\User\Downloads\OCR-Engine\ops\page_010_clahe_15.tess.tile000.png,22238,True,,,
page_010_clahe_15.tess.tile000.tess.txt,C:\Users\User\Downloads\OCR-Engine\ops\page_010_clahe_15.tess.tile000.tess.txt,0,False,,,
page_010_clahe_15.tess.tile001.png,C:\Users\User\Downloads\OCR-Engine\ops\page_010_clahe_15.tess.tile001.png,58539,True,,,
page_010_clahe_15.tess.tile001.tess.txt,C:\Users\User\Downloads\OCR-Engine\ops\page_010_clahe_15.tess.tile001.tess.txt,0,False,,,
page_010_clahe_15.tess.tile002.png,C:\Users\User\Downloads\OCR-Engine\ops\page_010_clahe_15.tess.tile002.png,23401,True,,,
page_010_clahe_15.tess.tile002.tess.txt,C:\Users\User\Downloads\OCR-Engine\ops\page_010_clahe_15.tess.tile002.tess.txt,0,False,,,
page_010_clahe_15.tess.tile003.png,C:\Users\User\Downloads\OCR-Engine\ops\page_010_clahe_15.tess.tile003.png,21150,True,,,
page_010_clahe_15.tess.tile003.tess.txt,C:\Users\User\Downloads\OCR-Engine\ops\page_010_clahe_15.tess.tile003.tess.txt,0,False,,,
page_010_clahe_15.tess.tile004.png,C:\Users\User\Downloads\OCR-Engine\ops\page_010_clahe_15.tess.tile004.png,23778,True,,,
page_010_clahe_15.tess.tile004.tess.txt,C:\Users\User\Downloads\OCR-Engine\ops\page_010_clahe_15.tess.tile004.tess.txt,0,False,,,
page_010_clahe_15.tess.tile005.png,C:\Users\User\Downloads\OCR-Engine\ops\page_010_clahe_15.tess.tile005.png,66458,True,,,
page_010_clahe_15.tess.tile005.tess.txt,C:\Users\User\Downloads\OCR-Engine\ops\page_010_clahe_15.tess.tile005.tess.txt,0,False,,,
page_010_clahe_15.tess.tile006.png,C:\Users\User\Downloads\OCR-Engine\ops\page_010_clahe_15.tess.tile006.png,21417,True,,,
page_010_clahe_15.tess.tile006.tess.txt,C:\Users\User\Downloads\OCR-Engine\ops\page_010_clahe_15.tess.tile006.tess.txt,0,False,,,
page_010_clahe_15.tess.tile007.png,C:\Users\User\Downloads\OCR-Engine\ops\page_010_clahe_15.tess.tile007.png,25171,True,,,
page_010_clahe_15.tess.tile007.tess.txt,C:\Users\User\Downloads\OCR-Engine\ops\page_010_clahe_15.tess.tile007.tess.txt,0,False,,,
page_010_clahe_15.tess.tile008.png,C:\Users\User\Downloads\OCR-Engine\ops\page_010_clahe_15.tess.tile008.png,23414,True,,,
page_010_clahe_15.tess.tile008.tess.txt,C:\Users\User\Downloads\OCR-Engine\ops\page_010_clahe_15.tess.tile008.tess.txt,0,False,,,
page_010_clahe_15.tess.tile009.png,C:\Users\User\Downloads\OCR-Engine\ops\page_010_clahe_15.tess.tile009.png,34521,True,,,
page_010_clahe_15.tess.tile009.tess.txt,C:\Users\User\Downloads\OCR-Engine\ops\page_010_clahe_15.tess.tile009.tess.txt,0,False,,,
page_010_clahe_15.tess.tile010.png,C:\Users\User\Downloads\OCR-Engine\ops\page_010_clahe_15.tess.tile010.png,12766,True,,,
page_010_clahe_15.tess.tile010.tess.txt,C:\Users\User\Downloads\OCR-Engine\ops\page_010_clahe_15.tess.tile010.tess.txt,0,False,,,
page_010_clahe_15.tess.tile011.png,C:\Users\User\Downloads\OCR-Engine\ops\page_010_clahe_15.tess.tile011.png,48847,True,,,
page_010_clahe_15.tess.tile011.tess.txt,C:\Users\User\Downloads\OCR-Engine\ops\page_010_clahe_15.tess.tile011.tess.txt,0,False,,,
page_010_clahe_15.tess.tile012.png,C:\Users\User\Downloads\OCR-Engine\ops\page_010_clahe_15.tess.tile012.png,81169,True,,,
page_010_clahe_15.tess.tile012.tess.txt,C:\Users\User\Downloads\OCR-Engine\ops\page_010_clahe_15.tess.tile012.tess.txt,0,False,,,
page_010_clahe_15.tess.tile013.png,C:\Users\User\Downloads\OCR-Engine\ops\page_010_clahe_15.tess.tile013.png,5335,True,,,
page_010_clahe_15.tess.tile013.tess.txt,C:\Users\User\Downloads\OCR-Engine\ops\page_010_clahe_15.tess.tile013.tess.txt,0,False,,,
page_010_clahe_15.tess.tile014.png,C:\Users\User\Downloads\OCR-Engine\ops\page_010_clahe_15.tess.tile014.png,5545,True,,,
page_010_clahe_15.tess.tile014.tess.txt,C:\Users\User\Downloads\OCR-Engine\ops\page_010_clahe_15.tess.tile014.tess.txt,0,False,,,
page_010_clahe_15.tess.tile015.png,C:\Users\User\Downloads\OCR-Engine\ops\page_010_clahe_15.tess.tile015.png,5539,True,,,
page_010_clahe_15.tess.tile015.tess.txt,C:\Users\User\Downloads\OCR-Engine\ops\page_010_clahe_15.tess.tile015.tess.txt,0,False,,,
page_010_clahe_15.tess.tile016.png,C:\Users\User\Downloads\OCR-Engine\ops\page_010_clahe_15.tess.tile016.png,99258,True,,,
page_010_clahe_16.clean.txt,C:\Users\User\Downloads\OCR-Engine\ops\page_010_clahe_16.clean.txt,0,False,,,
page_010_clahe_16.png,C:\Users\User\Downloads\OCR-Engine\ops\page_010_clahe_16.png,14405379,True,,,
page_010_clahe_16.rapid.txt,C:\Users\User\Downloads\OCR-Engine\ops\page_010_clahe_16.rapid.txt,0,False,,,
page_010_clahe_17.clean.txt,C:\Users\User\Downloads\OCR-Engine\ops\page_010_clahe_17.clean.txt,0,False,,,
page_010_clahe_17.png,C:\Users\User\Downloads\OCR-Engine\ops\page_010_clahe_17.png,10300714,True,,,
page_010_clahe_17.rapid.txt,C:\Users\User\Downloads\OCR-Engine\ops\page_010_clahe_17.rapid.txt,0,False,,,
page_010_clahe_18.clean.txt,C:\Users\User\Downloads\OCR-Engine\ops\page_010_clahe_18.clean.txt,0,False,,,
page_010_clahe_18.png,C:\Users\User\Downloads\OCR-Engine\ops\page_010_clahe_18.png,10088165,True,,,
page_010_clahe_18.rapid.txt,C:\Users\User\Downloads\OCR-Engine\ops\page_010_clahe_18.rapid.txt,0,False,,,
page_010_clahe_19.clean.txt,C:\Users\User\Downloads\OCR-Engine\ops\page_010_clahe_19.clean.txt,0,False,,,
page_010_clahe_19.png,C:\Users\User\Downloads\OCR-Engine\ops\page_010_clahe_19.png,14436501,True,,,
page_010_clahe_19.rapid.txt,C:\Users\User\Downloads\OCR-Engine\ops\page_010_clahe_19.rapid.txt,0,False,,,
page_010_clahe_2.clean.txt,C:\Users\User\Downloads\OCR-Engine\ops\page_010_clahe_2.clean.txt,605,False,,,4.輸出入主要國别累年比较Values of Exports and Imports by Countries1931 to1935(输H)Importslxports3管2馆1你(T%R5119351351您2亿3*Jap中民ChinaKussia英吉利Gt.BriinKoa逸Germany北米合浓U.S.A.其1934*an中华民网ChinaBlaseksRussi英吉利Gt.Britin速G
page_010_clahe_2.png,C:\Users\User\Downloads\OCR-Engine\ops\page_010_clahe_2.png,4675591,True,,,
page_010_clahe_2.rapid.clean.txt,C:\Users\User\Downloads\OCR-Engine\ops\page_010_clahe_2.rapid.clean.txt,605,False,,,4.輸出入主要國别累年比较Values of Exports and Imports by Countries1931 to1935(输H)Importslxports3管2馆1你(T%R5119351351您2亿3*Jap中民ChinaKussia英吉利Gt.BriinKoa逸Germany北米合浓U.S.A.其1934*an中华民网ChinaBlaseksRussi英吉利Gt.Britin速G
page_010_clahe_2.rapid.normalized.ensemble.clean.txt,C:\Users\User\Downloads\OCR-Engine\ops\page_010_clahe_2.rapid.normalized.ensemble.clean.txt,2910,False,,,"4.輸出入主要國别累年比较Values of Exports and Imports by Countries1931 to1935Values of ExportsImportslxportsImports3 華【 ま .1(T%R5朱 入 主 要 國 別 累ports and Imports by F0...囁「iー135( 下 乱 108 す 長wm _| 累 年 比 秘ountrics,1"
page_010_clahe_2.rapid.normalized.ensemble.clean.txt.ollama.suggested.txt,C:\Users\User\Downloads\OCR-Engine\ops\page_010_clahe_2.rapid.normalized.ensemble.clean.txt.ollama.suggested.txt,29,False,,,Error: unknown flag: --prompt
page_010_clahe_2.rapid.normalized.ensemble.normalized.txt,C:\Users\User\Downloads\OCR-Engine\ops\page_010_clahe_2.rapid.normalized.ensemble.normalized.txt,3731,False,,,"4.輸出入主要國别累年比较\nValues of Exports and Imports by Countries,1931 to 19:35\nValues of Exports\nImports\nlxports\nImports\n③ 華\n【 ま . ①\n(T%R)\n5\n朱 入 主 要 國 別 累\nports and Imports by F0…囁「iー\n135\n( 下 乱 |\n①0⑧ す 長\nwm _"
page_010_clahe_2.rapid.normalized.ensemble.txt,C:\Users\User\Downloads\OCR-Engine\ops\page_010_clahe_2.rapid.normalized.ensemble.txt,3731,False,,,"4.輸出入主要國别累年比较\nValues of Exports and Imports by Countries,1931 to 19:35\nValues of Exports\nImports\nlxports\nImports\n③ 華\n【 ま . ①\n(T%R)\n5\n朱 入 主 要 國 別 累\nports and Imports by F0…囁「iー\n135\n( 下 乱 |\n①0⑧ す 長\nwm _"
page_010_clahe_2.rapid.normalized.txt,C:\Users\User\Downloads\OCR-Engine\ops\page_010_clahe_2.rapid.normalized.txt,757,False,,,"4.輸出入主要國别累年比较\nValues of Exports and Imports by Countries,1931 to 19:35\n(输H)\nImports\nlxports\n3管\n2馆\n1你\n(T%R)\n5\n1\n1935\n135\n1您\n2亿\n3\n*Jap\n中民China\nKussia\n英吉利Gt.Briin\nKoa\n逸Germany\n北米合浓U.S.A.\n其\n1934\n*an\n中华民网C"
page_010_clahe_2.rapid.txt,C:\Users\User\Downloads\OCR-Engine\ops\page_010_clahe_2.rapid.txt,769,False,,,"4.輸出入主要國别累年比较\nValues of Exports and Imports by Countries,1931 to 19:35\n（输H）\nImports\nlxports\n3管\n2馆\n1你\n(T%R)\n5\n1\n1935\n135\n1您\n2亿\n3\n*Jap\n中民China\nKussia\n英吉利Gt.Briin\nKoa\n逸Germany\n北米合浓U.S.A.\n其\n1934\n*an\n中华民网C"
page_010_clahe_2.tess.psm11.clean.txt,C:\Users\User\Downloads\OCR-Engine\ops\page_010_clahe_2.tess.psm11.clean.txt,1226,False,,,"ーー4. 轍 出 入 主 要 國 別 累 年 比 軽Values of Exports and imports by Countrics,19081 to1035( 輸入 )( 輝自 )ImportsLxhorts4 英雷聾ー傭【【 下 mー8 g111I31 儀[ ま い19353 基′ L赤 Iamn代 e て Atrerod寧鸞轟疇仙凧職 Kussia簾 貫 刀 ( は t ttmtuin邉"
page_010_clahe_2.tess.psm11.normalized.txt,C:\Users\User\Downloads\OCR-Engine\ops\page_010_clahe_2.tess.psm11.normalized.txt,1581,False,,,"ーー-\n④. 轍 出 入 主 要 國 別 累 年 比 軽\nValues of Exports and imports by Countrics, ⑲0⑧① to ①0③⑤\n( 輸\n入 )\n( 輝\n自 )\nImports\nLxhorts\n④ 英\n雷聾\nー傭\n【\n【 下 m\nー\n⑧ g①①①\nI ③\n① 儀\n[ ま い\n⑲③⑤\n③ 基\n′ L\n赤 Iamn\n代 e て Atrerod\n寧鸞轟疇仙凧\n職"
page_010_clahe_2.tess.psm11.txt,C:\Users\User\Downloads\OCR-Engine\ops\page_010_clahe_2.tess.psm11.txt,1843,False,,,"ーー-\n\n④. 轍 出 入 主 要 國 別 累 年 比 軽\n\nValues of Exports and imports by Countrics, ⑲0⑧① to ①0③⑤\n\n( 輸\n\n入 )\n\n( 輝\n\n自 )\n\nImports\n\nLxhorts\n\n④ 英\n\n雷聾\n\nー傭\n\n【\n\n【 下 m\n\nー\n\n⑧ g①①①\n\nI ③\n\n① 儀\n\n[ ま い\n\n⑲③⑤\n\n③ 基\n\n′ L\n\n赤 Iamn\n"
page_010_clahe_2.tess.tile000.png,C:\Users\User\Downloads\OCR-Engine\ops\page_010_clahe_2.tess.tile000.png,22854,True,,,
page_010_clahe_2.tess.tile000.tess.txt,C:\Users\User\Downloads\OCR-Engine\ops\page_010_clahe_2.tess.tile000.tess.txt,0,False,,,
page_010_clahe_2.tess.tile001.png,C:\Users\User\Downloads\OCR-Engine\ops\page_010_clahe_2.tess.tile001.png,61409,True,,,
page_010_clahe_2.tess.tile001.tess.txt,C:\Users\User\Downloads\OCR-Engine\ops\page_010_clahe_2.tess.tile001.tess.txt,0,False,,,
page_010_clahe_2.tess.tile002.png,C:\Users\User\Downloads\OCR-Engine\ops\page_010_clahe_2.tess.tile002.png,25445,True,,,
page_010_clahe_2.tess.tile002.tess.txt,C:\Users\User\Downloads\OCR-Engine\ops\page_010_clahe_2.tess.tile002.tess.txt,0,False,,,
page_010_clahe_2.tess.tile003.png,C:\Users\User\Downloads\OCR-Engine\ops\page_010_clahe_2.tess.tile003.png,23213,True,,,
page_010_clahe_2.tess.tile003.tess.txt,C:\Users\User\Downloads\OCR-Engine\ops\page_010_clahe_2.tess.tile003.tess.txt,0,False,,,
page_010_clahe_2.tess.tile004.png,C:\Users\User\Downloads\OCR-Engine\ops\page_010_clahe_2.tess.tile004.png,26078,True,,,
page_010_clahe_2.tess.tile004.tess.txt,C:\Users\User\Downloads\OCR-Engine\ops\page_010_clahe_2.tess.tile004.tess.txt,0,False,,,
page_010_clahe_2.tess.tile005.png,C:\Users\User\Downloads\OCR-Engine\ops\page_010_clahe_2.tess.tile005.png,69968,True,,,
page_010_clahe_2.tess.tile005.tess.txt,C:\Users\User\Downloads\OCR-Engine\ops\page_010_clahe_2.tess.tile005.tess.txt,0,False,,,
page_010_clahe_2.tess.tile006.png,C:\Users\User\Downloads\OCR-Engine\ops\page_010_clahe_2.tess.tile006.png,22659,True,,,
page_010_clahe_2.tess.tile006.tess.txt,C:\Users\User\Downloads\OCR-Engine\ops\page_010_clahe_2.tess.tile006.tess.txt,0,False,,,
page_010_clahe_2.tess.tile007.png,C:\Users\User\Downloads\OCR-Engine\ops\page_010_clahe_2.tess.tile007.png,26735,True,,,
page_010_clahe_2.tess.tile007.tess.txt,C:\Users\User\Downloads\OCR-Engine\ops\page_010_clahe_2.tess.tile007.tess.txt,0,False,,,
page_010_clahe_2.tess.tile008.png,C:\Users\User\Downloads\OCR-Engine\ops\page_010_clahe_2.tess.tile008.png,24997,True,,,
page_010_clahe_2.tess.tile008.tess.txt,C:\Users\User\Downloads\OCR-Engine\ops\page_010_clahe_2.tess.tile008.tess.txt,0,False,,,
page_010_clahe_2.tess.tile009.png,C:\Users\User\Downloads\OCR-Engine\ops\page_010_clahe_2.tess.tile009.png,36230,True,,,
page_010_clahe_2.tess.tile009.tess.txt,C:\Users\User\Downloads\OCR-Engine\ops\page_010_clahe_2.tess.tile009.tess.txt,0,False,,,
page_010_clahe_2.tess.tile010.png,C:\Users\User\Downloads\OCR-Engine\ops\page_010_clahe_2.tess.tile010.png,13661,True,,,
page_010_clahe_2.tess.tile010.tess.txt,C:\Users\User\Downloads\OCR-Engine\ops\page_010_clahe_2.tess.tile010.tess.txt,0,False,,,
page_010_clahe_2.tess.tile011.png,C:\Users\User\Downloads\OCR-Engine\ops\page_010_clahe_2.tess.tile011.png,50245,True,,,
page_010_clahe_2.tess.tile011.tess.txt,C:\Users\User\Downloads\OCR-Engine\ops\page_010_clahe_2.tess.tile011.tess.txt,0,False,,,
page_010_clahe_2.tess.tile012.png,C:\Users\User\Downloads\OCR-Engine\ops\page_010_clahe_2.tess.tile012.png,83713,True,,,
page_010_clahe_2.tess.tile012.tess.txt,C:\Users\User\Downloads\OCR-Engine\ops\page_010_clahe_2.tess.tile012.tess.txt,0,False,,,
page_010_clahe_2.tess.tile013.png,C:\Users\User\Downloads\OCR-Engine\ops\page_010_clahe_2.tess.tile013.png,5335,True,,,
page_010_clahe_2.tess.tile013.tess.txt,C:\Users\User\Downloads\OCR-Engine\ops\page_010_clahe_2.tess.tile013.tess.txt,0,False,,,
page_010_clahe_2.tess.tile014.png,C:\Users\User\Downloads\OCR-Engine\ops\page_010_clahe_2.tess.tile014.png,5537,True,,,
page_010_clahe_2.tess.tile014.tess.txt,C:\Users\User\Downloads\OCR-Engine\ops\page_010_clahe_2.tess.tile014.tess.txt,0,False,,,
page_010_clahe_2.tess.tile015.png,C:\Users\User\Downloads\OCR-Engine\ops\page_010_clahe_2.tess.tile015.png,5535,True,,,
page_010_clahe_2.tess.tile015.tess.txt,C:\Users\User\Downloads\OCR-Engine\ops\page_010_clahe_2.tess.tile015.tess.txt,0,False,,,
page_010_clahe_2.tess.tile016.png,C:\Users\User\Downloads\OCR-Engine\ops\page_010_clahe_2.tess.tile016.png,102741,True,,,
page_010_clahe_2.tess.tile016.tess.txt,C:\Users\User\Downloads\OCR-Engine\ops\page_010_clahe_2.tess.tile016.tess.txt,9,False,,,③ ①\n
page_010_clahe_2.tess.tile017.png,C:\Users\User\Downloads\OCR-Engine\ops\page_010_clahe_2.tess.tile017.png,173058,True,,,
page_010_clahe_2.tess.tile017.tess.txt,C:\Users\User\Downloads\OCR-Engine\ops\page_010_clahe_2.tess.tile017.tess.txt,110,False,,,④. 轍 出\n\nValues of Exports\n\n( 輸\n\n入 )\n\nImports\n\n③ 華\n\n【 ま . ①\n\n① 値\n\n【\n
page_010_clahe_2.tess.tile018.png,C:\Users\User\Downloads\OCR-Engine\ops\page_010_clahe_2.tess.tile018.png,220081,True,,,
page_010_clahe_2.tess.tile018.tess.txt,C:\Users\User\Downloads\OCR-Engine\ops\page_010_clahe_2.tess.tile018.tess.txt,122,False,,,朱 入 主 要 國 別 累\n\nports and Imports by F0…囁「iー\n\n麓入)\n\n( 下 乱 |\n\n①0⑧ す 長\n\nwm _\n
page_010_clahe_2.tess.tile019.png,C:\Users\User\Downloads\OCR-Engine\ops\page_010_clahe_2.tess.tile019.png,194500,True,,,
page_010_clahe_2.tess.tile019.tess.txt,C:\Users\User\Downloads\OCR-Engine\ops\page_010_clahe_2.tess.tile019.tess.txt,130,False,,,"| 累 年 比 秘\n\nountrics, ①0⑧① {0 ①0⑧⑤\n\n( 輝\n\n自 )\n\nExhports\n\nt TRI\n\nー\n\nョ\n\n① 傳\n\n? 磋\n"
page_010_clahe_2.tess.tile020.png,C:\Users\User\Downloads\OCR-Engine\ops\page_010_clahe_2.tess.tile020.png,63348,True,,,
page_010_clahe_2.tess.tile020.tess.txt,C:\Users\User\Downloads\OCR-Engine\ops\page_010_clahe_2.tess.tile020.tess.txt,9,False,,,」 ョ\n
page_010_clahe_2.tess.tile021.png,C:\Users\User\Downloads\OCR-Engine\ops\page_010_clahe_2.tess.tile021.png,19726,True,,,
page_010_clahe_2.tess.tile021.tess.txt,C:\Users\User\Downloads\OCR-Engine\ops\page_010_clahe_2.tess.tile021.tess.txt,0,False,,,
page_010_clahe_2.tess.tile022.png,C:\Users\User\Downloads\OCR-Engine\ops\page_010_clahe_2.tess.tile022.png,66355,True,,,
page_010_clahe_2.tess.tile022.tess.txt,C:\Users\User\Downloads\OCR-Engine\ops\page_010_clahe_2.tess.tile022.tess.txt,6,False,,,「{\n
page_010_clahe_2.tess.tile023.png,C:\Users\User\Downloads\OCR-Engine\ops\page_010_clahe_2.tess.tile023.png,88102,True,,,
page_010_clahe_2.tess.tile023.tess.txt,C:\Users\User\Downloads\OCR-Engine\ops\page_010_clahe_2.tess.tile023.tess.txt,0,False,,,
page_010_clahe_2.tess.tile024.png,C:\Users\User\Downloads\OCR-Engine\ops\page_010_clahe_2.tess.tile024.png,5335,True,,,
page_010_clahe_2.tess.tile024.tess.txt,C:\Users\User\Downloads\OCR-Engine\ops\page_010_clahe_2.tess.tile024.tess.txt,0,False,,,
page_010_clahe_2.tess.tile025.png,C:\Users\User\Downloads\OCR-Engine\ops\page_010_clahe_2.tess.tile025.png,5335,True,,,
page_010_clahe_2.tess.tile025.tess.txt,C:\Users\User\Downloads\OCR-Engine\ops\page_010_clahe_2.tess.tile025.tess.txt,0,False,,,
page_010_clahe_2.tess.tile026.png,C:\Users\User\Downloads\OCR-Engine\ops\page_010_clahe_2.tess.tile026.png,5335,True,,,
page_010_clahe_2.tess.tile026.tess.txt,C:\Users\User\Downloads\OCR-Engine\ops\page_010_clahe_2.tess.tile026.tess.txt,0,False,,,
page_010_clahe_2.tess.tile027.png,C:\Users\User\Downloads\OCR-Engine\ops\page_010_clahe_2.tess.tile027.png,118349,True,,,
page_010_clahe_2.tess.tile027.tess.txt,C:\Users\User\Downloads\OCR-Engine\ops\page_010_clahe_2.tess.tile027.tess.txt,6,False,,,ー}\n
page_010_clahe_2.tess.tile028.png,C:\Users\User\Downloads\OCR-Engine\ops\page_010_clahe_2.tess.tile028.png,133781,True,,,
page_010_clahe_2.tess.tile028.tess.txt,C:\Users\User\Downloads\OCR-Engine\ops\page_010_clahe_2.tess.tile028.tess.txt,5,False,,,山\n
page_010_clahe_2.tess.tile029.png,C:\Users\User\Downloads\OCR-Engine\ops\page_010_clahe_2.tess.tile029.png,400161,True,,,
page_010_clahe_2.tess.tile029.tess.txt,C:\Users\User\Downloads\OCR-Engine\ops\page_010_clahe_2.tess.tile029.tess.txt,336,False,,,( 下 乙 R\n\nt TRI\n\n⑤ $ ①\n\n⑲③⑤\n\n⑨\n\nI ① 【\n\n赤 Jammn\n\nて\n\n田 澱 民 国 Chinn\n\n聴 Kussia\n\n葺 合 判 t Imtuin\n\nに |\n\n鐵 Gerntany\n\n」 北 米 向 津 國 け ⑤ 九\n\n| W\n\n北\n\n忘 (Nhcrs\n\n惟\n\n⑲③④\n\nH\n\n本 mn\n\n[ ォ\n\n|\n\nI M ①\n\n患 壊 屋 團 れ hin ュ a\n
page_010_clahe_2.tess.tile030.png,C:\Users\User\Downloads\OCR-Engine\ops\page_010_clahe_2.tess.tile030.png,332596,True,,,
page_010_clahe_2.tess.tile030.tess.txt,C:\Users\User\Downloads\OCR-Engine\ops\page_010_clahe_2.tess.tile030.tess.txt,181,False,,,Nhortas\n\nt TRI\n\n① ③\n\n① 傾\n\n? 儘\n\n① e で\n\n① A チ\n\nト f\n\n」\n\nL は\n\nr\n\nE Rs\n\nPd\n\nP 〝{\n\nす P roee r\n\nre ①\n\nO が 明\n\n__ーー_\n
page_010_clahe_2.tess.tile031.png,C:\Users\User\Downloads\OCR-Engine\ops\page_010_clahe_2.tess.tile031.png,76532,True,,,
page_010_clahe_2.tess.tile031.tess.txt,C:\Users\User\Downloads\OCR-Engine\ops\page_010_clahe_2.tess.tile031.tess.txt,8,False,,,誰ー\n
page_010_clahe_2.tess.tile032.png,C:\Users\User\Downloads\OCR-Engine\ops\page_010_clahe_2.tess.tile032.png,14563,True,,,
page_010_clahe_2.tess.tile032.tess.txt,C:\Users\User\Downloads\OCR-Engine\ops\page_010_clahe_2.tess.tile032.tess.txt,0,False,,,
page_010_clahe_2.tess.tile033.png,C:\Users\User\Downloads\OCR-Engine\ops\page_010_clahe_2.tess.tile033.png,88816,True,,,
page_010_clahe_2.tess.tile033.tess.txt,C:\Users\User\Downloads\OCR-Engine\ops\page_010_clahe_2.tess.tile033.tess.txt,0,False,,,
page_010_clahe_2.tess.tile034.png,C:\Users\User\Downloads\OCR-Engine\ops\page_010_clahe_2.tess.tile034.png,84435,True,,,
page_010_clahe_2.tess.tile034.tess.txt,C:\Users\User\Downloads\OCR-Engine\ops\page_010_clahe_2.tess.tile034.tess.txt,0,False,,,
page_010_clahe_2.tess.tile035.png,C:\Users\User\Downloads\OCR-Engine\ops\page_010_clahe_2.tess.tile035.png,5335,True,,,
page_010_clahe_2.tess.tile035.tess.txt,C:\Users\User\Downloads\OCR-Engine\ops\page_010_clahe_2.tess.tile035.tess.txt,0,False,,,
page_010_clahe_2.tess.tile036.png,C:\Users\User\Downloads\OCR-Engine\ops\page_010_clahe_2.tess.tile036.png,6160,True,,,
page_010_clahe_2.tess.tile036.tess.txt,C:\Users\User\Downloads\OCR-Engine\ops\page_010_clahe_2.tess.tile036.tess.txt,0,False,,,
page_010_clahe_2.tess.tile037.png,C:\Users\User\Downloads\OCR-Engine\ops\page_010_clahe_2.tess.tile037.png,5335,True,,,
page_010_clahe_2.tess.tile037.tess.txt,C:\Users\User\Downloads\OCR-Engine\ops\page_010_clahe_2.tess.tile037.tess.txt,0,False,,,
page_010_clahe_2.tess.tile038.png,C:\Users\User\Downloads\OCR-Engine\ops\page_010_clahe_2.tess.tile038.png,121631,True,,,
page_010_clahe_2.tess.tile038.tess.txt,C:\Users\User\Downloads\OCR-Engine\ops\page_010_clahe_2.tess.tile038.tess.txt,5,False,,,邱\n
page_010_clahe_2.tess.tile039.png,C:\Users\User\Downloads\OCR-Engine\ops\page_010_clahe_2.tess.tile039.png,75965,True,,,
page_010_clahe_2.tess.tile039.tess.txt,C:\Users\User\Downloads\OCR-Engine\ops\page_010_clahe_2.tess.tile039.tess.txt,18,False,,,向\n\n| | | | |\n
page_010_clahe_2.tess.tile040.png,C:\Users\User\Downloads\OCR-Engine\ops\page_010_clahe_2.tess.tile040.png,427314,True,,,
page_010_clahe_2.tess.tile040.tess.txt,C:\Users\User\Downloads\OCR-Engine\ops\page_010_clahe_2.tess.tile040.tess.txt,320,False,,,① J W\n\nH\n\n本 mn\n\n[ ォ\n\n市 華 民 国 China\n\n旨\n\n羅 Russi\n\n|\n\n蓋 向 利 岳 .①iikiin\n\n[\n\n判\n\n迷 Gcnnany\n\n食 来 合 絣 崎 U. ⑤ ん\n\n|\n\n式\n\n他 (thcrs\n\n⑲③③\n\n囁\n\n本 mn\n\n山 す ま\n\n中驚轟債L…m\n\n軸 Ruzsin\n\nl\n\n` 苑 杏 利 CLintain\n\nh 園\n
page_010_clahe_2.tess.tile041.png,C:\Users\User\Downloads\OCR-Engine\ops\page_010_clahe_2.tess.tile041.png,300518,True,,,
page_010_clahe_2.tess.tile041.tess.txt,C:\Users\User\Downloads\OCR-Engine\ops\page_010_clahe_2.tess.tile041.tess.txt,239,False,,,P\n\nォ ト o\n\nP\n\nま su+\n\nAecr\n\nC\n\n)諦ー\n\n啓\n\n⑧LPn\n\n① F\n\n詞\n\nャ ェ セ\n\n}f _' _~F\n\nョ\n\nョ す\n\nょ 忍\n\n④\n\nW\n\nま\n\nn ト m\n\n①\n\nr a\n\nB\n\nYN H\n\nし 侵 0 t ~〟~【_\n\n」 睡\n
page_010_clahe_2.tess.tile042.png,C:\Users\User\Downloads\OCR-Engine\ops\page_010_clahe_2.tess.tile042.png,68638,True,,,
page_010_clahe_2.tess.tile042.tess.txt,C:\Users\User\Downloads\OCR-Engine\ops\page_010_clahe_2.tess.tile042.tess.txt,10,False,,,直\n\n|\n
page_010_clahe_2.tess.tile043.png,C:\Users\User\Downloads\OCR-Engine\ops\page_010_clahe_2.tess.tile043.png,12489,True,,,
page_010_clahe_2.tess.tile043.tess.txt,C:\Users\User\Downloads\OCR-Engine\ops\page_010_clahe_2.tess.tile043.tess.txt,0,False,,,
page_010_clahe_2.tess.tile044.png,C:\Users\User\Downloads\OCR-Engine\ops\page_010_clahe_2.tess.tile044.png,107067,True,,,
page_010_clahe_2.tess.tile044.tess.txt,C:\Users\User\Downloads\OCR-Engine\ops\page_010_clahe_2.tess.tile044.tess.txt,10,False,,,|\n\n′\n
page_010_clahe_2.tess.tile045.png,C:\Users\User\Downloads\OCR-Engine\ops\page_010_clahe_2.tess.tile045.png,101067,True,,,
page_010_clahe_2.tess.tile045.tess.txt,C:\Users\User\Downloads\OCR-Engine\ops\page_010_clahe_2.tess.tile045.tess.txt,8,False,,,|\n\n|\n
page_010_clahe_2.tess.tile046.png,C:\Users\User\Downloads\OCR-Engine\ops\page_010_clahe_2.tess.tile046.png,7752,True,,,
page_010_clahe_2.tess.tile046.tess.txt,C:\Users\User\Downloads\OCR-Engine\ops\page_010_clahe_2.tess.tile046.tess.txt,0,False,,,
page_010_clahe_2.tess.tile047.png,C:\Users\User\Downloads\OCR-Engine\ops\page_010_clahe_2.tess.tile047.png,6331,True,,,
page_010_clahe_2.tess.tile047.tess.txt,C:\Users\User\Downloads\OCR-Engine\ops\page_010_clahe_2.tess.tile047.tess.txt,0,False,,,
page_010_clahe_2.tess.tile048.png,C:\Users\User\Downloads\OCR-Engine\ops\page_010_clahe_2.tess.tile048.png,8287,True,,,
page_010_clahe_2.tess.tile048.tess.txt,C:\Users\User\Downloads\OCR-Engine\ops\page_010_clahe_2.tess.tile048.tess.txt,0,False,,,
page_010_clahe_2.tess.tile049.png,C:\Users\User\Downloads\OCR-Engine\ops\page_010_clahe_2.tess.tile049.png,128134,True,,,
page_010_clahe_2.tess.tile049.tess.txt,C:\Users\User\Downloads\OCR-Engine\ops\page_010_clahe_2.tess.tile049.tess.txt,8,False,,,ー縄\n
page_010_clahe_2.tess.tile050.png,C:\Users\User\Downloads\OCR-Engine\ops\page_010_clahe_2.tess.tile050.png,90857,True,,,
page_010_clahe_2.tess.tile050.tess.txt,C:\Users\User\Downloads\OCR-Engine\ops\page_010_clahe_2.tess.tile050.tess.txt,5,False,,,川\n
page_010_clahe_2.tess.tile051.png,C:\Users\User\Downloads\OCR-Engine\ops\page_010_clahe_2.tess.tile051.png,481570,True,,,
page_010_clahe_2.tess.tile051.tess.txt,C:\Users\User\Downloads\OCR-Engine\ops\page_010_clahe_2.tess.tile051.tess.txt,361,False,,,で 学 和 陳 a\n\n蓬\n\n・ 眉 niit\n\n茉 杏 利 CLiitain 目\n\n翁\n\n逸 Germany\n\n| ` 北 組 国 り ⑤ 入\n\n炊\n\n仙 UKhcrs\n\n①0①②\n\n目\n\n本 mm\n\n‥_'\n\n… _'_'ー\n\nー 田 華 與 国 China\n\nに れ\n\n` 悔\n\n纂 Russh\n\n向 英 宮 月 GLldkin\n\n| '{\n\n蝉\n\n磯 Gcmuany\n\nに 学 来 舌 紹 綱 
page_010_clahe_2.tess.tile052.png,C:\Users\User\Downloads\OCR-Engine\ops\page_010_clahe_2.tess.tile052.png,314781,True,,,
page_010_clahe_2.tess.tile052.tess.txt,C:\Users\User\Downloads\OCR-Engine\ops\page_010_clahe_2.tess.tile052.tess.txt,156,False,,,|\n\nY e\n\nf。 K ト\n\nert\n\nG て 璽薯糊朧誰朧誓\n\nぱ\n\n志\n\nマ イ マ Tret\n\nCre\n\nS 巡 す\n\nP\n\nU\n\nu\n\n【'「ー\n\n計 | |\n
page_010_clahe_2.tess.tile053.png,C:\Users\User\Downloads\OCR-Engine\ops\page_010_clahe_2.tess.tile053.png,71663,True,,,
page_010_clahe_2.tess.tile053.tess.txt,C:\Users\User\Downloads\OCR-Engine\ops\page_010_clahe_2.tess.tile053.tess.txt,18,False,,,W\n\n|\n\nーー\n
page_010_clahe_2.tess.tile054.png,C:\Users\User\Downloads\OCR-Engine\ops\page_010_clahe_2.tess.tile054.png,12303,True,,,
page_010_clahe_2.tess.tile054.tess.txt,C:\Users\User\Downloads\OCR-Engine\ops\page_010_clahe_2.tess.tile054.tess.txt,0,False,,,
page_010_clahe_2.tess.tile055.png,C:\Users\User\Downloads\OCR-Engine\ops\page_010_clahe_2.tess.tile055.png,103531,True,,,
page_010_clahe_2.tess.tile055.tess.txt,C:\Users\User\Downloads\OCR-Engine\ops\page_010_clahe_2.tess.tile055.tess.txt,0,False,,,
page_010_clahe_2.tess.tile056.png,C:\Users\User\Downloads\OCR-Engine\ops\page_010_clahe_2.tess.tile056.png,95871,True,,,
page_010_clahe_2.tess.tile056.tess.txt,C:\Users\User\Downloads\OCR-Engine\ops\page_010_clahe_2.tess.tile056.tess.txt,0,False,,,
page_010_clahe_2.tess.tile057.png,C:\Users\User\Downloads\OCR-Engine\ops\page_010_clahe_2.tess.tile057.png,7863,True,,,
page_010_clahe_2.tess.tile057.tess.txt,C:\Users\User\Downloads\OCR-Engine\ops\page_010_clahe_2.tess.tile057.tess.txt,0,False,,,
page_010_clahe_2.tess.tile058.png,C:\Users\User\Downloads\OCR-Engine\ops\page_010_clahe_2.tess.tile058.png,5358,True,,,
page_010_clahe_2.tess.tile058.tess.txt,C:\Users\User\Downloads\OCR-Engine\ops\page_010_clahe_2.tess.tile058.tess.txt,0,False,,,
page_010_clahe_2.tess.tile059.png,C:\Users\User\Downloads\OCR-Engine\ops\page_010_clahe_2.tess.tile059.png,6038,True,,,
page_010_clahe_2.tess.tile059.tess.txt,C:\Users\User\Downloads\OCR-Engine\ops\page_010_clahe_2.tess.tile059.tess.txt,0,False,,,
page_010_clahe_2.tess.tile060.png,C:\Users\User\Downloads\OCR-Engine\ops\page_010_clahe_2.tess.tile060.png,126997,True,,,
page_010_clahe_2.tess.tile060.tess.txt,C:\Users\User\Downloads\OCR-Engine\ops\page_010_clahe_2.tess.tile060.tess.txt,10,False,,,③0⑥0\n
page_010_clahe_2.tess.tile061.png,C:\Users\User\Downloads\OCR-Engine\ops\page_010_clahe_2.tess.tile061.png,112593,True,,,
page_010_clahe_2.tess.tile061.tess.txt,C:\Users\User\Downloads\OCR-Engine\ops\page_010_clahe_2.tess.tile061.tess.txt,12,False,,,目\n\n川\n
page_010_clahe_2.tess.tile062.png,C:\Users\User\Downloads\OCR-Engine\ops\page_010_clahe_2.tess.tile062.png,483757,True,,,
page_010_clahe_2.tess.tile062.tess.txt,C:\Users\User\Downloads\OCR-Engine\ops\page_010_clahe_2.tess.tile062.tess.txt,514,False,,,』 デ き ー ま ヨ 争 す ⑧ ー\n\n蝉\n\n| '{\n\n礫 Ccmuny\n\n_誰璽_'髏~ 北 根 食 柴 綱 U. S ん\n\n(\n\n共\n\n他 (thcrs\n\n⑲③①\n\n日\n\n本 hhmm\n\nよ ド Mahde\n\n|\n\n①\n\n|\n\n⑯ 芋\n\nー 梨 蕎 民 畜 China 、\n\n`\n\n①\n\n⑪\n\n藤\n\n載 Russi\n\n( せ\n\n` 茉 安 利 CLBrikiin 蠣\n\nは ・\n\n鶏 Ccnn
page_010_clahe_2.tess.tile063.png,C:\Users\User\Downloads\OCR-Engine\ops\page_010_clahe_2.tess.tile063.png,367723,True,,,
page_010_clahe_2.tess.tile063.tess.txt,C:\Users\User\Downloads\OCR-Engine\ops\page_010_clahe_2.tess.tile063.tess.txt,246,False,,,"ー「'\n\nu\n\nレ て ー ト t ま\n\nよ ド\n\nョ セ\n\nーj]\n\nv\n\n竈幟聯尊 MReoEdag が r\n\n向 】 縄膚_,\n\n〔蓮 n 内\n\nC ト で て\n\nn ヤす\n\n沼\n\nは ネ ャ\n\nGSd\n\nー。 狐 關\n\nI\n\n?\n\n弧\n\n① 閉\n"
page_010_clahe_2.tess.tile064.png,C:\Users\User\Downloads\OCR-Engine\ops\page_010_clahe_2.tess.tile064.png,85461,True,,,
page_010_clahe_2.tess.tile064.tess.txt,C:\Users\User\Downloads\OCR-Engine\ops\page_010_clahe_2.tess.tile064.tess.txt,17,False,,,相\n\nW\n\n言\n
page_010_clahe_2.tess.tile065.png,C:\Users\User\Downloads\OCR-Engine\ops\page_010_clahe_2.tess.tile065.png,5027,True,,,
page_010_clahe_2.tess.tile065.tess.txt,C:\Users\User\Downloads\OCR-Engine\ops\page_010_clahe_2.tess.tile065.tess.txt,0,False,,,
page_010_clahe_2.tess.tile066.png,C:\Users\User\Downloads\OCR-Engine\ops\page_010_clahe_2.tess.tile066.png,82606,True,,,
page_010_clahe_2.tess.tile066.tess.txt,C:\Users\User\Downloads\OCR-Engine\ops\page_010_clahe_2.tess.tile066.tess.txt,7,False,,,ョ a\n
page_010_clahe_2.tess.tile067.png,C:\Users\User\Downloads\OCR-Engine\ops\page_010_clahe_2.tess.tile067.png,87684,True,,,
page_010_clahe_2.tess.tile067.tess.txt,C:\Users\User\Downloads\OCR-Engine\ops\page_010_clahe_2.tess.tile067.tess.txt,16,False,,,け\n\nョ ュ\n
page_010_clahe_2.tess.tile068.png,C:\Users\User\Downloads\OCR-Engine\ops\page_010_clahe_2.tess.tile068.png,19799,True,,,
page_010_clahe_2.tess.tile068.tess.txt,C:\Users\User\Downloads\OCR-Engine\ops\page_010_clahe_2.tess.tile068.tess.txt,0,False,,,
page_010_clahe_2.tess.tile069.png,C:\Users\User\Downloads\OCR-Engine\ops\page_010_clahe_2.tess.tile069.png,16438,True,,,
page_010_clahe_2.tess.tile069.tess.txt,C:\Users\User\Downloads\OCR-Engine\ops\page_010_clahe_2.tess.tile069.tess.txt,0,False,,,
page_010_clahe_2.tess.tile070.png,C:\Users\User\Downloads\OCR-Engine\ops\page_010_clahe_2.tess.tile070.png,23677,True,,,
page_010_clahe_2.tess.tile070.tess.txt,C:\Users\User\Downloads\OCR-Engine\ops\page_010_clahe_2.tess.tile070.tess.txt,0,False,,,
page_010_clahe_2.tess.tile071.png,C:\Users\User\Downloads\OCR-Engine\ops\page_010_clahe_2.tess.tile071.png,119411,True,,,
page_010_clahe_2.tess.tile071.tess.txt,C:\Users\User\Downloads\OCR-Engine\ops\page_010_clahe_2.tess.tile071.tess.txt,40,False,,,③0⑥0\n\nー ニ ーー 一 一 一\n
page_010_clahe_2.tess.tile072.png,C:\Users\User\Downloads\OCR-Engine\ops\page_010_clahe_2.tess.tile072.png,88484,True,,,
page_010_clahe_2.tess.tile072.tess.txt,C:\Users\User\Downloads\OCR-Engine\ops\page_010_clahe_2.tess.tile072.tess.txt,39,False,,,I\n\n?\n\nI\n\n⑤\n\nし\n\nー\n\n0\n
page_010_clahe_2.tess.tile073.png,C:\Users\User\Downloads\OCR-Engine\ops\page_010_clahe_2.tess.tile073.png,151519,True,,,
page_010_clahe_2.tess.tile073.tess.txt,C:\Users\User\Downloads\OCR-Engine\ops\page_010_clahe_2.tess.tile073.tess.txt,249,False,,,誓 e に ③ aa 、\n\nし T\n\nし K\n\n他 (thcra\n\n0\n\n⑤0 ③0 ID\n\n①0 ⑳\n\nANiillinn\n\nNMilfnon\n\nュ ニ シ ニ ー ニ ー= ニ ュ ー ーー ニ ーーーーー デ ー 、 ニ ニ シ ニ ニ ー - ニ ー ー ー ー ョ ー\n
page_010_clahe_2.tess.tile074.png,C:\Users\User\Downloads\OCR-Engine\ops\page_010_clahe_2.tess.tile074.png,124525,True,,,
page_010_clahe_2.tess.tile074.tess.txt,C:\Users\User\Downloads\OCR-Engine\ops\page_010_clahe_2.tess.tile074.tess.txt,81,False,,,L\n\nて ム や ゃ れ\n\nー\n\nl0 ③0 ⑤0\n\nI\n\n?0\n\ninn\n\nm= ニ ー\n
page_010_clahe_2.tess.tile075.png,C:\Users\User\Downloads\OCR-Engine\ops\page_010_clahe_2.tess.tile075.png,68608,True,,,
page_010_clahe_2.tess.tile075.tess.txt,C:\Users\User\Downloads\OCR-Engine\ops\page_010_clahe_2.tess.tile075.tess.txt,5,False,,,ー\n
page_010_clahe_2.tess.tile076.png,C:\Users\User\Downloads\OCR-Engine\ops\page_010_clahe_2.tess.tile076.png,11521,True,,,
page_010_clahe_2.tess.tile076.tess.txt,C:\Users\User\Downloads\OCR-Engine\ops\page_010_clahe_2.tess.tile076.tess.txt,0,False,,,
page_010_clahe_2.tess.tile077.png,C:\Users\User\Downloads\OCR-Engine\ops\page_010_clahe_2.tess.tile077.png,9846,True,,,
page_010_clahe_2.tess.tile077.tess.txt,C:\Users\User\Downloads\OCR-Engine\ops\page_010_clahe_2.tess.tile077.tess.txt,0,False,,,
page_010_clahe_2.tess.tile078.png,C:\Users\User\Downloads\OCR-Engine\ops\page_010_clahe_2.tess.tile078.png,14503,True,,,
page_010_clahe_2.tess.tile078.tess.txt,C:\Users\User\Downloads\OCR-Engine\ops\page_010_clahe_2.tess.tile078.tess.txt,0,False,,,
page_010_clahe_2.tess.tile079.png,C:\Users\User\Downloads\OCR-Engine\ops\page_010_clahe_2.tess.tile079.png,7420,True,,,
page_010_clahe_2.tess.tile079.tess.txt,C:\Users\User\Downloads\OCR-Engine\ops\page_010_clahe_2.tess.tile079.tess.txt,0,False,,,
page_010_clahe_2.tess.tile080.png,C:\Users\User\Downloads\OCR-Engine\ops\page_010_clahe_2.tess.tile080.png,8155,True,,,
page_010_clahe_2.tess.tile080.tess.txt,C:\Users\User\Downloads\OCR-Engine\ops\page_010_clahe_2.tess.tile080.tess.txt,0,False,,,
page_010_clahe_2.tess.tile081.png,C:\Users\User\Downloads\OCR-Engine\ops\page_010_clahe_2.tess.tile081.png,16384,True,,,
page_010_clahe_2.tess.tile081.tess.txt,C:\Users\User\Downloads\OCR-Engine\ops\page_010_clahe_2.tess.tile081.tess.txt,0,False,,,
page_010_clahe_2.tess.tile082.png,C:\Users\User\Downloads\OCR-Engine\ops\page_010_clahe_2.tess.tile082.png,7475,True,,,
page_010_clahe_2.tess.tile082.tess.txt,C:\Users\User\Downloads\OCR-Engine\ops\page_010_clahe_2.tess.tile082.tess.txt,0,False,,,
page_010_clahe_2.tess.tile083.png,C:\Users\User\Downloads\OCR-Engine\ops\page_010_clahe_2.tess.tile083.png,18205,True,,,
page_010_clahe_2.tess.tile083.tess.txt,C:\Users\User\Downloads\OCR-Engine\ops\page_010_clahe_2.tess.tile083.tess.txt,10,False,,,ピ\n\n#\n
page_010_clahe_2.tess.tile084.png,C:\Users\User\Downloads\OCR-Engine\ops\page_010_clahe_2.tess.tile084.png,15942,True,,,
page_010_clahe_2.tess.tile084.tess.txt,C:\Users\User\Downloads\OCR-Engine\ops\page_010_clahe_2.tess.tile084.tess.txt,0,False,,,
page_010_clahe_2.tess.tile085.png,C:\Users\User\Downloads\OCR-Engine\ops\page_010_clahe_2.tess.tile085.png,96956,True,,,
page_010_clahe_2.tess.tile085.tess.txt,C:\Users\User\Downloads\OCR-Engine\ops\page_010_clahe_2.tess.tile085.tess.txt,163,False,,,誌 誌 E ① 体\n\n~縄『\n\ne\n\nF\n\nー ニ ー ョ ー\n\nP d 'ー~L\n\n〔′\n\nキ ー キ\n\nに a\n\nト ー\n\n理\n\nに す き\n\nm に\n\n礼ゞ\n
page_010_clahe_2.tess.tile086.png,C:\Users\User\Downloads\OCR-Engine\ops\page_010_clahe_2.tess.tile086.png,247967,True,,,
page_010_clahe_2.tess.tile086.tess.txt,C:\Users\User\Downloads\OCR-Engine\ops\page_010_clahe_2.tess.tile086.tess.txt,401,False,,,"に\n\n( に 進\n\n幸 キ\n\nCWtoua\n\npdi\n\nづp\n\nL\n\n""~~縄\n\nー ョ\n\nレ ー\n\nFig\n\n廿邱 L\n\nャ\n\nエ ー メ\n\n・ー ぜ 鼻刊ー\n\nュ ュ\n\nu e\n\n'__\n\n哉 "".~ {ー駄 ヒ\n\nと\n\ns\n\nSte\n\nに [ 和\n\nuca こ\n\n山}ヱ ら ′二.\n\nーーーー\n\n~縄」」 ー\n\nレ ー ュ ー シ ン ェ ネ ー ペ\n\nー川 z 辻翼「.‥」\n\nト R 誠 "
page_010_clahe_2.tess.tile087.png,C:\Users\User\Downloads\OCR-Engine\ops\page_010_clahe_2.tess.tile087.png,123071,True,,,
page_010_clahe_2.tess.tile087.tess.txt,C:\Users\User\Downloads\OCR-Engine\ops\page_010_clahe_2.tess.tile087.tess.txt,206,False,,,す f\n\nere\n\na\n\n縄}_′'\n\n、\n\nー リ ー ン ー ト\n\n[S\n\nー 一\n\nョ m マ\n\nト e そ\n\nミ\n\nを\n\nー rーーーー = - と\n\nー ニ ー 一\n\nよ う\n\nマ ー ョ\n\nT 」\n
page_010_clahe_2.tess.tiled.psm11.clean.txt,C:\Users\User\Downloads\OCR-Engine\ops\page_010_clahe_2.tess.tiled.psm11.clean.txt,2647,False,,,"314. 轍 出Values of Exports( 輸入 )Imports3 華【 ま .11 値【朱 入 主 要 國 別 累ports and Imports by F0...囁「iー麓入)( 下 乱 108 す 長wm _| 累 年 比 秘ountrics,1081 01085( 輝自 )Exhportst TRIーョ1 傳? 磋」 ョ「{ー}山( 下 乙 Rt TRI5 $119359I1"
page_010_clahe_2.tess.tiled.psm11.normalized.txt,C:\Users\User\Downloads\OCR-Engine\ops\page_010_clahe_2.tess.tiled.psm11.normalized.txt,3494,False,,,"③ ①\n④. 轍 出\nValues of Exports\n( 輸\n入 )\nImports\n③ 華\n【 ま . ①\n① 値\n【\n朱 入 主 要 國 別 累\nports and Imports by F0…囁「iー\n麓入)\n( 下 乱 |\n①0⑧ す 長\nwm _\n| 累 年 比 秘\nountrics, ①0⑧① {0 ①0⑧⑤\n( 輝\n自 )\nExhports\nt TRI\nー\nョ\n① 傳\n? 磋\n」"
page_010_clahe_2.tess.tiled.psm11.txt,C:\Users\User\Downloads\OCR-Engine\ops\page_010_clahe_2.tess.tiled.psm11.txt,4094,False,,,"③ ①\n④. 轍 出\n\nValues of Exports\n\n( 輸\n\n入 )\n\nImports\n\n③ 華\n\n【 ま . ①\n\n① 値\n\n【\n朱 入 主 要 國 別 累\n\nports and Imports by F0…囁「iー\n\n麓入)\n\n( 下 乱 |\n\n①0⑧ す 長\n\nwm _\n| 累 年 比 秘\n\nountrics, ①0⑧① {0 ①0⑧⑤\n\n( 輝\n\n自 )\n\nExhports\n\nt"
page_010_clahe_20.clean.txt,C:\Users\User\Downloads\OCR-Engine\ops\page_010_clahe_20.clean.txt,0,False,,,
page_010_clahe_20.png,C:\Users\User\Downloads\OCR-Engine\ops\page_010_clahe_20.png,10278034,True,,,
page_010_clahe_20.rapid.txt,C:\Users\User\Downloads\OCR-Engine\ops\page_010_clahe_20.rapid.txt,0,False,,,
page_010_clahe_21.clean.txt,C:\Users\User\Downloads\OCR-Engine\ops\page_010_clahe_21.clean.txt,0,False,,,
page_010_clahe_21.png,C:\Users\User\Downloads\OCR-Engine\ops\page_010_clahe_21.png,10078226,True,,,
page_010_clahe_21.rapid.txt,C:\Users\User\Downloads\OCR-Engine\ops\page_010_clahe_21.rapid.txt,0,False,,,
page_010_clahe_22.clean.txt,C:\Users\User\Downloads\OCR-Engine\ops\page_010_clahe_22.clean.txt,0,False,,,
page_010_clahe_22.png,C:\Users\User\Downloads\OCR-Engine\ops\page_010_clahe_22.png,14533623,True,,,
page_010_clahe_22.rapid.txt,C:\Users\User\Downloads\OCR-Engine\ops\page_010_clahe_22.rapid.txt,0,False,,,
page_010_clahe_23.clean.txt,C:\Users\User\Downloads\OCR-Engine\ops\page_010_clahe_23.clean.txt,0,False,,,
page_010_clahe_23.png,C:\Users\User\Downloads\OCR-Engine\ops\page_010_clahe_23.png,10372426,True,,,
page_010_clahe_23.rapid.txt,C:\Users\User\Downloads\OCR-Engine\ops\page_010_clahe_23.rapid.txt,0,False,,,
page_010_clahe_24.clean.txt,C:\Users\User\Downloads\OCR-Engine\ops\page_010_clahe_24.clean.txt,0,False,,,
page_010_clahe_24.png,C:\Users\User\Downloads\OCR-Engine\ops\page_010_clahe_24.png,10155792,True,,,
page_010_clahe_24.rapid.txt,C:\Users\User\Downloads\OCR-Engine\ops\page_010_clahe_24.rapid.txt,0,False,,,
page_010_clahe_25.clean.txt,C:\Users\User\Downloads\OCR-Engine\ops\page_010_clahe_25.clean.txt,0,False,,,
page_010_clahe_25.png,C:\Users\User\Downloads\OCR-Engine\ops\page_010_clahe_25.png,14589954,True,,,
page_010_clahe_25.rapid.txt,C:\Users\User\Downloads\OCR-Engine\ops\page_010_clahe_25.rapid.txt,0,False,,,
page_010_clahe_26.clean.txt,C:\Users\User\Downloads\OCR-Engine\ops\page_010_clahe_26.clean.txt,0,False,,,
page_010_clahe_26.png,C:\Users\User\Downloads\OCR-Engine\ops\page_010_clahe_26.png,10379677,True,,,
page_010_clahe_26.rapid.txt,C:\Users\User\Downloads\OCR-Engine\ops\page_010_clahe_26.rapid.txt,0,False,,,
page_010_clahe_27.clean.txt,C:\Users\User\Downloads\OCR-Engine\ops\page_010_clahe_27.clean.txt,0,False,,,
page_010_clahe_27.png,C:\Users\User\Downloads\OCR-Engine\ops\page_010_clahe_27.png,10158209,True,,,
page_010_clahe_27.rapid.txt,C:\Users\User\Downloads\OCR-Engine\ops\page_010_clahe_27.rapid.txt,0,False,,,
page_010_clahe_3.clean.txt,C:\Users\User\Downloads\OCR-Engine\ops\page_010_clahe_3.clean.txt,0,False,,,
page_010_clahe_3.png,C:\Users\User\Downloads\OCR-Engine\ops\page_010_clahe_3.png,82220481,True,,,
page_010_clahe_3.rapid.txt,C:\Users\User\Downloads\OCR-Engine\ops\page_010_clahe_3.rapid.txt,0,False,,,
page_010_clahe_3.tess.tile000.png,C:\Users\User\Downloads\OCR-Engine\ops\page_010_clahe_3.tess.tile000.png,22060,True,,,
page_010_clahe_3.tess.tile000.tess.txt,C:\Users\User\Downloads\OCR-Engine\ops\page_010_clahe_3.tess.tile000.tess.txt,0,False,,,
page_010_clahe_3.tess.tile001.png,C:\Users\User\Downloads\OCR-Engine\ops\page_010_clahe_3.tess.tile001.png,58842,True,,,
page_010_clahe_3.tess.tile001.tess.txt,C:\Users\User\Downloads\OCR-Engine\ops\page_010_clahe_3.tess.tile001.tess.txt,0,False,,,
page_010_clahe_3.tess.tile002.png,C:\Users\User\Downloads\OCR-Engine\ops\page_010_clahe_3.tess.tile002.png,24021,True,,,
page_010_clahe_3.tess.tile002.tess.txt,C:\Users\User\Downloads\OCR-Engine\ops\page_010_clahe_3.tess.tile002.tess.txt,0,False,,,
page_010_clahe_3.tess.tile003.png,C:\Users\User\Downloads\OCR-Engine\ops\page_010_clahe_3.tess.tile003.png,21683,True,,,
page_010_clahe_3.tess.tile003.tess.txt,C:\Users\User\Downloads\OCR-Engine\ops\page_010_clahe_3.tess.tile003.tess.txt,0,False,,,
page_010_clahe_3.tess.tile004.png,C:\Users\User\Downloads\OCR-Engine\ops\page_010_clahe_3.tess.tile004.png,24559,True,,,
page_010_clahe_3.tess.tile004.tess.txt,C:\Users\User\Downloads\OCR-Engine\ops\page_010_clahe_3.tess.tile004.tess.txt,0,False,,,
page_010_clahe_3.tess.tile005.png,C:\Users\User\Downloads\OCR-Engine\ops\page_010_clahe_3.tess.tile005.png,66452,True,,,
page_010_clahe_3.tess.tile005.tess.txt,C:\Users\User\Downloads\OCR-Engine\ops\page_010_clahe_3.tess.tile005.tess.txt,0,False,,,
page_010_clahe_3.tess.tile006.png,C:\Users\User\Downloads\OCR-Engine\ops\page_010_clahe_3.tess.tile006.png,21593,True,,,
page_010_clahe_3.tess.tile006.tess.txt,C:\Users\User\Downloads\OCR-Engine\ops\page_010_clahe_3.tess.tile006.tess.txt,0,False,,,
page_010_clahe_3.tess.tile007.png,C:\Users\User\Downloads\OCR-Engine\ops\page_010_clahe_3.tess.tile007.png,25651,True,,,
page_010_clahe_3.tess.tile007.tess.txt,C:\Users\User\Downloads\OCR-Engine\ops\page_010_clahe_3.tess.tile007.tess.txt,0,False,,,
page_010_clahe_3.tess.tile008.png,C:\Users\User\Downloads\OCR-Engine\ops\page_010_clahe_3.tess.tile008.png,23949,True,,,
page_010_clahe_3.tess.tile008.tess.txt,C:\Users\User\Downloads\OCR-Engine\ops\page_010_clahe_3.tess.tile008.tess.txt,0,False,,,
page_010_clahe_3.tess.tile009.png,C:\Users\User\Downloads\OCR-Engine\ops\page_010_clahe_3.tess.tile009.png,34214,True,,,
page_010_clahe_3.tess.tile009.tess.txt,C:\Users\User\Downloads\OCR-Engine\ops\page_010_clahe_3.tess.tile009.tess.txt,0,False,,,
page_010_clahe_3.tess.tile010.png,C:\Users\User\Downloads\OCR-Engine\ops\page_010_clahe_3.tess.tile010.png,12906,True,,,
page_010_clahe_3.tess.tile010.tess.txt,C:\Users\User\Downloads\OCR-Engine\ops\page_010_clahe_3.tess.tile010.tess.txt,0,False,,,
page_010_clahe_3.tess.tile011.png,C:\Users\User\Downloads\OCR-Engine\ops\page_010_clahe_3.tess.tile011.png,47670,True,,,
page_010_clahe_3.tess.tile011.tess.txt,C:\Users\User\Downloads\OCR-Engine\ops\page_010_clahe_3.tess.tile011.tess.txt,0,False,,,
page_010_clahe_3.tess.tile012.png,C:\Users\User\Downloads\OCR-Engine\ops\page_010_clahe_3.tess.tile012.png,80502,True,,,
page_010_clahe_3.tess.tile012.tess.txt,C:\Users\User\Downloads\OCR-Engine\ops\page_010_clahe_3.tess.tile012.tess.txt,0,False,,,
page_010_clahe_3.tess.tile013.png,C:\Users\User\Downloads\OCR-Engine\ops\page_010_clahe_3.tess.tile013.png,5335,True,,,
page_010_clahe_3.tess.tile013.tess.txt,C:\Users\User\Downloads\OCR-Engine\ops\page_010_clahe_3.tess.tile013.tess.txt,0,False,,,
page_010_clahe_3.tess.tile014.png,C:\Users\User\Downloads\OCR-Engine\ops\page_010_clahe_3.tess.tile014.png,5547,True,,,
page_010_clahe_3.tess.tile014.tess.txt,C:\Users\User\Downloads\OCR-Engine\ops\page_010_clahe_3.tess.tile014.tess.txt,0,False,,,
page_010_clahe_3.tess.tile015.png,C:\Users\User\Downloads\OCR-Engine\ops\page_010_clahe_3.tess.tile015.png,5532,True,,,
page_010_clahe_3.tess.tile015.tess.txt,C:\Users\User\Downloads\OCR-Engine\ops\page_010_clahe_3.tess.tile015.tess.txt,0,False,,,
page_010_clahe_3.tess.tile016.png,C:\Users\User\Downloads\OCR-Engine\ops\page_010_clahe_3.tess.tile016.png,99371,True,,,
page_010_clahe_3.tess.tile016.tess.txt,C:\Users\User\Downloads\OCR-Engine\ops\page_010_clahe_3.tess.tile016.tess.txt,3,False,,,|\n
page_010_clahe_3.tess.tile017.png,C:\Users\User\Downloads\OCR-Engine\ops\page_010_clahe_3.tess.tile017.png,166266,True,,,
page_010_clahe_3.tess.tile017.tess.txt,C:\Users\User\Downloads\OCR-Engine\ops\page_010_clahe_3.tess.tile017.tess.txt,108,False,,,④. 轍 出\n\nValues of Exports\n\n( 輸\n\n入 )\n\nImports\n\n③ 華\n\n【 ま . ①\n\n① 俸\n\nR\n
page_010_clahe_3.tess.tile018.png,C:\Users\User\Downloads\OCR-Engine\ops\page_010_clahe_3.tess.tile018.png,208582,True,,,
page_010_clahe_3.tess.tile018.tess.txt,C:\Users\User\Downloads\OCR-Engine\ops\page_010_clahe_3.tess.tile018.tess.txt,140,False,,,朱 入 主 要 國 別 累\n\nports and Iimports by P0…ー…ー\n\n艶入)\n\n⑤ $ ①\n\n( 下 舌 国 l\n\n①0⑨ で\n\ng 沼 夏\n
page_010_clahe_3.tess.tile019.png,C:\Users\User\Downloads\OCR-Engine\ops\page_010_clahe_3.tess.tile019.png,185992,True,,,
page_010_clahe_3.tess.tile019.tess.txt,C:\Users\User\Downloads\OCR-Engine\ops\page_010_clahe_3.tess.tile019.tess.txt,134,False,,,"| 累 年 比 称\n\nountrics, ①0⑧① {0 ①0③⑤\n\n( 輝\n\n自 )\n\nExhports\n\nt TRI\n\nー\n\n』 昌\n\n① 傳\n\n? 磋\n"
page_010_clahe_3.tess.tile020.png,C:\Users\User\Downloads\OCR-Engine\ops\page_010_clahe_3.tess.tile020.png,60716,True,,,
page_010_clahe_3.tess.tile020.tess.txt,C:\Users\User\Downloads\OCR-Engine\ops\page_010_clahe_3.tess.tile020.tess.txt,9,False,,,」 ョ\n
page_010_clahe_3.tess.tile021.png,C:\Users\User\Downloads\OCR-Engine\ops\page_010_clahe_3.tess.tile021.png,18705,True,,,
page_010_clahe_3.tess.tile021.tess.txt,C:\Users\User\Downloads\OCR-Engine\ops\page_010_clahe_3.tess.tile021.tess.txt,0,False,,,
page_010_clahe_3.tess.tile022.png,C:\Users\User\Downloads\OCR-Engine\ops\page_010_clahe_3.tess.tile022.png,63366,True,,,
page_010_clahe_3.tess.tile022.tess.txt,C:\Users\User\Downloads\OCR-Engine\ops\page_010_clahe_3.tess.tile022.tess.txt,8,False,,,「ー\n
page_010_clahe_3.tess.tile023.png,C:\Users\User\Downloads\OCR-Engine\ops\page_010_clahe_3.tess.tile023.png,84485,True,,,
page_010_clahe_3.tess.tile023.tess.txt,C:\Users\User\Downloads\OCR-Engine\ops\page_010_clahe_3.tess.tile023.tess.txt,0,False,,,
page_010_clahe_3.tess.tile024.png,C:\Users\User\Downloads\OCR-Engine\ops\page_010_clahe_3.tess.tile024.png,5335,True,,,
page_010_clahe_3.tess.tile024.tess.txt,C:\Users\User\Downloads\OCR-Engine\ops\page_010_clahe_3.tess.tile024.tess.txt,0,False,,,
page_010_clahe_3.tess.tile025.png,C:\Users\User\Downloads\OCR-Engine\ops\page_010_clahe_3.tess.tile025.png,5335,True,,,
page_010_clahe_3.tess.tile025.tess.txt,C:\Users\User\Downloads\OCR-Engine\ops\page_010_clahe_3.tess.tile025.tess.txt,0,False,,,
page_010_clahe_3.tess.tile026.png,C:\Users\User\Downloads\OCR-Engine\ops\page_010_clahe_3.tess.tile026.png,5335,True,,,
page_010_clahe_3.tess.tile026.tess.txt,C:\Users\User\Downloads\OCR-Engine\ops\page_010_clahe_3.tess.tile026.tess.txt,0,False,,,
page_010_clahe_3.tess.tile027.png,C:\Users\User\Downloads\OCR-Engine\ops\page_010_clahe_3.tess.tile027.png,115142,True,,,
page_010_clahe_3.tess.tile027.tess.txt,C:\Users\User\Downloads\OCR-Engine\ops\page_010_clahe_3.tess.tile027.tess.txt,6,False,,,ー}\n
page_010_clahe_3.tess.tile028.png,C:\Users\User\Downloads\OCR-Engine\ops\page_010_clahe_3.tess.tile028.png,129657,True,,,
page_010_clahe_3.tess.tile028.tess.txt,C:\Users\User\Downloads\OCR-Engine\ops\page_010_clahe_3.tess.tile028.tess.txt,5,False,,,山\n
page_010_clahe_3.tess.tile029.png,C:\Users\User\Downloads\OCR-Engine\ops\page_010_clahe_3.tess.tile029.png,388066,True,,,
page_010_clahe_3.tess.tile029.tess.txt,C:\Users\User\Downloads\OCR-Engine\ops\page_010_clahe_3.tess.tile029.tess.txt,347,False,,,( 下 舌 国 l\n\nt TRI\n\n⑤ $ ①\n\n⑲③⑤\n\nI ① ①\n\n赤 Jammn\n\nて i\n\n田 澱 民 国 Chinn\n\n聴 Kussia\n\n董 合 判 ( は t timtun\n\nし り\n\n鐵 Germuany\n\n」 弐 米 向 沼 國 り ⑤ 九\n\n醇 」\n\n北\n\n愁 (Nhcrs\n\n惟\n\n⑲③④\n\nH\n\n本 mn\n\n[ ォ\n\n|\n\nI ① ①\n\n患 壊 尺 團 れ hin ュ\n
page_010_clahe_3.tess.tile030.png,C:\Users\User\Downloads\OCR-Engine\ops\page_010_clahe_3.tess.tile030.png,323889,True,,,
page_010_clahe_3.tess.tile030.tess.txt,C:\Users\User\Downloads\OCR-Engine\ops\page_010_clahe_3.tess.tile030.tess.txt,176,False,,,"|\n\nvxhortas\n\nt TRI\n\nI ③\n\n① 俸\n\n② 傾\n\nト 進 ⑪ い t t 艸 い\n\nI ド\n\n⑧\n\nL ロ\n\nU\n\nて F い\n\nEd\n\nP 〝〟\n\neta d く\n\na\n\n_"".・_\n"
page_010_clahe_3.tess.tile031.png,C:\Users\User\Downloads\OCR-Engine\ops\page_010_clahe_3.tess.tile031.png,73575,True,,,
page_010_clahe_3.tess.tile031.tess.txt,C:\Users\User\Downloads\OCR-Engine\ops\page_010_clahe_3.tess.tile031.tess.txt,9,False,,,{縄ー\n
page_010_clahe_3.tess.tile032.png,C:\Users\User\Downloads\OCR-Engine\ops\page_010_clahe_3.tess.tile032.png,13716,True,,,
page_010_clahe_3.tess.tile032.tess.txt,C:\Users\User\Downloads\OCR-Engine\ops\page_010_clahe_3.tess.tile032.tess.txt,0,False,,,
page_010_clahe_3.tess.tile033.png,C:\Users\User\Downloads\OCR-Engine\ops\page_010_clahe_3.tess.tile033.png,83875,True,,,
page_010_clahe_3.tess.tile033.tess.txt,C:\Users\User\Downloads\OCR-Engine\ops\page_010_clahe_3.tess.tile033.tess.txt,0,False,,,
page_010_clahe_3.tess.tile034.png,C:\Users\User\Downloads\OCR-Engine\ops\page_010_clahe_3.tess.tile034.png,80124,True,,,
page_010_clahe_3.tess.tile034.tess.txt,C:\Users\User\Downloads\OCR-Engine\ops\page_010_clahe_3.tess.tile034.tess.txt,0,False,,,
page_010_clahe_3.tess.tile035.png,C:\Users\User\Downloads\OCR-Engine\ops\page_010_clahe_3.tess.tile035.png,5335,True,,,
page_010_clahe_3.tess.tile035.tess.txt,C:\Users\User\Downloads\OCR-Engine\ops\page_010_clahe_3.tess.tile035.tess.txt,0,False,,,
page_010_clahe_3.tess.tile036.png,C:\Users\User\Downloads\OCR-Engine\ops\page_010_clahe_3.tess.tile036.png,6126,True,,,
page_010_clahe_3.tess.tile036.tess.txt,C:\Users\User\Downloads\OCR-Engine\ops\page_010_clahe_3.tess.tile036.tess.txt,0,False,,,
page_010_clahe_3.tess.tile037.png,C:\Users\User\Downloads\OCR-Engine\ops\page_010_clahe_3.tess.tile037.png,5335,True,,,
page_010_clahe_3.tess.tile037.tess.txt,C:\Users\User\Downloads\OCR-Engine\ops\page_010_clahe_3.tess.tile037.tess.txt,0,False,,,
page_010_clahe_3.tess.tile038.png,C:\Users\User\Downloads\OCR-Engine\ops\page_010_clahe_3.tess.tile038.png,118136,True,,,
page_010_clahe_3.tess.tile038.tess.txt,C:\Users\User\Downloads\OCR-Engine\ops\page_010_clahe_3.tess.tile038.tess.txt,5,False,,,邱\n
page_010_clahe_3.tess.tile039.png,C:\Users\User\Downloads\OCR-Engine\ops\page_010_clahe_3.tess.tile039.png,74448,True,,,
page_010_clahe_3.tess.tile039.tess.txt,C:\Users\User\Downloads\OCR-Engine\ops\page_010_clahe_3.tess.tile039.tess.txt,14,False,,,閾\n\n| | |\n
page_010_clahe_3.tess.tile040.png,C:\Users\User\Downloads\OCR-Engine\ops\page_010_clahe_3.tess.tile040.png,416671,True,,,
page_010_clahe_3.tess.tile040.tess.txt,C:\Users\User\Downloads\OCR-Engine\ops\page_010_clahe_3.tess.tile040.tess.txt,326,False,,,① J W\n\nH\n\n本 mn\n\n[ ォ\n\nI\n\n① に P\n\n田 華 民 国 China\n\n[\n\n糧 Russi+\n\n|\n\n蓋 向 利 岳 .①iikiin\n\n①\n\n判\n\n迷 Gcnnany\n\n食 来 向 絣 國 U. S ん\n\nM\n\n北\n\n他 (thcra\n\n⑲③③\n\n囁\n\nネ mn\n\n]~ー\n\n中ー轟鷹LmM\n\n嚇 Ruxsin\n\nl\n\n` 苑 杏 利 CLiintain\n\nH\n
page_010_clahe_3.tess.tile041.png,C:\Users\User\Downloads\OCR-Engine\ops\page_010_clahe_3.tess.tile041.png,295931,True,,,
page_010_clahe_3.tess.tile041.tess.txt,C:\Users\User\Downloads\OCR-Engine\ops\page_010_clahe_3.tess.tile041.tess.txt,216,False,,,cr]\n\nュ ュ\n\nPJ\n\nし g e\n\nま cuf+\n\nで roaJe い\n\nD\n\na\n\nLPn\n\nf\n\n[ は\n\nO に\n\nF g\n\nE\n\nW ⑧\n\nA 令\n\nroft\n\n⑮\n\nW\n\nm ①\n\nReeopegnezrmemiis\n\np 知 ⑧ m\n\nき TT k\n\n弐\n
page_010_clahe_3.tess.tile042.png,C:\Users\User\Downloads\OCR-Engine\ops\page_010_clahe_3.tess.tile042.png,66189,True,,,
page_010_clahe_3.tess.tile042.tess.txt,C:\Users\User\Downloads\OCR-Engine\ops\page_010_clahe_3.tess.tile042.tess.txt,10,False,,,目\n\n|\n
page_010_clahe_3.tess.tile043.png,C:\Users\User\Downloads\OCR-Engine\ops\page_010_clahe_3.tess.tile043.png,11885,True,,,
page_010_clahe_3.tess.tile043.tess.txt,C:\Users\User\Downloads\OCR-Engine\ops\page_010_clahe_3.tess.tile043.tess.txt,0,False,,,
page_010_clahe_3.tess.tile044.png,C:\Users\User\Downloads\OCR-Engine\ops\page_010_clahe_3.tess.tile044.png,102137,True,,,
page_010_clahe_3.tess.tile044.tess.txt,C:\Users\User\Downloads\OCR-Engine\ops\page_010_clahe_3.tess.tile044.tess.txt,12,False,,,|\n\n} 』\n
page_010_clahe_3.tess.tile045.png,C:\Users\User\Downloads\OCR-Engine\ops\page_010_clahe_3.tess.tile045.png,96905,True,,,
page_010_clahe_3.tess.tile045.tess.txt,C:\Users\User\Downloads\OCR-Engine\ops\page_010_clahe_3.tess.tile045.tess.txt,8,False,,,|\n\n|\n
page_010_clahe_3.tess.tile046.png,C:\Users\User\Downloads\OCR-Engine\ops\page_010_clahe_3.tess.tile046.png,7746,True,,,
page_010_clahe_3.tess.tile046.tess.txt,C:\Users\User\Downloads\OCR-Engine\ops\page_010_clahe_3.tess.tile046.tess.txt,0,False,,,
page_010_clahe_3.tess.tile047.png,C:\Users\User\Downloads\OCR-Engine\ops\page_010_clahe_3.tess.tile047.png,6218,True,,,
page_010_clahe_3.tess.tile047.tess.txt,C:\Users\User\Downloads\OCR-Engine\ops\page_010_clahe_3.tess.tile047.tess.txt,0,False,,,
page_010_clahe_3.tess.tile048.png,C:\Users\User\Downloads\OCR-Engine\ops\page_010_clahe_3.tess.tile048.png,8206,True,,,
page_010_clahe_3.tess.tile048.tess.txt,C:\Users\User\Downloads\OCR-Engine\ops\page_010_clahe_3.tess.tile048.tess.txt,0,False,,,
page_010_clahe_3.tess.tile049.png,C:\Users\User\Downloads\OCR-Engine\ops\page_010_clahe_3.tess.tile049.png,124280,True,,,
page_010_clahe_3.tess.tile049.tess.txt,C:\Users\User\Downloads\OCR-Engine\ops\page_010_clahe_3.tess.tile049.tess.txt,5,False,,,雛\n
page_010_clahe_3.tess.tile050.png,C:\Users\User\Downloads\OCR-Engine\ops\page_010_clahe_3.tess.tile050.png,88208,True,,,
page_010_clahe_3.tess.tile050.tess.txt,C:\Users\User\Downloads\OCR-Engine\ops\page_010_clahe_3.tess.tile050.tess.txt,5,False,,,川\n
page_010_clahe_3.tess.tile051.png,C:\Users\User\Downloads\OCR-Engine\ops\page_010_clahe_3.tess.tile051.png,468024,True,,,
page_010_clahe_3.tess.tile051.tess.txt,C:\Users\User\Downloads\OCR-Engine\ops\page_010_clahe_3.tess.tile051.tess.txt,369,False,,,ド 捨 疱 隆 n\n\n奪\n\n. 許 ssiit\n\n` 茉 杏 利 CLiitain 贄\n\nに\n\n逸 Germany\n\n| ` を 水 代 細 国 り .⑤ 入\n\n炊\n\n他 OKhcrs\n\n⑲①②\n\n目\n\n本 mmn\n\n①\n\n` 申 華 国 China\n\nに れ\n\n羅 Russh\n\nrmt l\n\nに ー…藝_\n\n君 英 宮 朋 GLliikin\n\n向 |\n\nに\n\n警 Gcrmuany\n\nに 坪 極 
page_010_clahe_3.tess.tile052.png,C:\Users\User\Downloads\OCR-Engine\ops\page_010_clahe_3.tess.tile052.png,310293,True,,,
page_010_clahe_3.tess.tile052.tess.txt,C:\Users\User\Downloads\OCR-Engine\ops\page_010_clahe_3.tess.tile052.tess.txt,202,False,,,①\n\n|\n\n①\n\nT\n\nり\n\n* な\n\nf F セ\n\nの け の Aeed さ r\n\nし S ①\n\nぱ\n\n地\n\nす\n\n牡脅 RFf S\n\nーvー\n\nド T\n\n④\n\nし |\n\n|\n\nu\n\nー「ー\n\n計 | |\n\n目\n
page_010_clahe_3.tess.tile053.png,C:\Users\User\Downloads\OCR-Engine\ops\page_010_clahe_3.tess.tile053.png,69397,True,,,
page_010_clahe_3.tess.tile053.tess.txt,C:\Users\User\Downloads\OCR-Engine\ops\page_010_clahe_3.tess.tile053.tess.txt,18,False,,,W\n\n|\n\nーー\n
page_010_clahe_3.tess.tile054.png,C:\Users\User\Downloads\OCR-Engine\ops\page_010_clahe_3.tess.tile054.png,11606,True,,,
page_010_clahe_3.tess.tile054.tess.txt,C:\Users\User\Downloads\OCR-Engine\ops\page_010_clahe_3.tess.tile054.tess.txt,0,False,,,
page_010_clahe_3.tess.tile055.png,C:\Users\User\Downloads\OCR-Engine\ops\page_010_clahe_3.tess.tile055.png,98974,True,,,
page_010_clahe_3.tess.tile055.tess.txt,C:\Users\User\Downloads\OCR-Engine\ops\page_010_clahe_3.tess.tile055.tess.txt,0,False,,,
page_010_clahe_3.tess.tile056.png,C:\Users\User\Downloads\OCR-Engine\ops\page_010_clahe_3.tess.tile056.png,92051,True,,,
page_010_clahe_3.tess.tile056.tess.txt,C:\Users\User\Downloads\OCR-Engine\ops\page_010_clahe_3.tess.tile056.tess.txt,0,False,,,
page_010_clahe_3.tess.tile057.png,C:\Users\User\Downloads\OCR-Engine\ops\page_010_clahe_3.tess.tile057.png,7793,True,,,
page_010_clahe_3.tess.tile057.tess.txt,C:\Users\User\Downloads\OCR-Engine\ops\page_010_clahe_3.tess.tile057.tess.txt,0,False,,,
page_010_clahe_3.tess.tile058.png,C:\Users\User\Downloads\OCR-Engine\ops\page_010_clahe_3.tess.tile058.png,5358,True,,,
page_010_clahe_3.tess.tile058.tess.txt,C:\Users\User\Downloads\OCR-Engine\ops\page_010_clahe_3.tess.tile058.tess.txt,0,False,,,
page_010_clahe_3.tess.tile059.png,C:\Users\User\Downloads\OCR-Engine\ops\page_010_clahe_3.tess.tile059.png,6040,True,,,
page_010_clahe_3.tess.tile059.tess.txt,C:\Users\User\Downloads\OCR-Engine\ops\page_010_clahe_3.tess.tile059.tess.txt,0,False,,,
page_010_clahe_3.tess.tile060.png,C:\Users\User\Downloads\OCR-Engine\ops\page_010_clahe_3.tess.tile060.png,122628,True,,,
page_010_clahe_3.tess.tile060.tess.txt,C:\Users\User\Downloads\OCR-Engine\ops\page_010_clahe_3.tess.tile060.tess.txt,7,False,,,③00\n
page_010_clahe_3.tess.tile061.png,C:\Users\User\Downloads\OCR-Engine\ops\page_010_clahe_3.tess.tile061.png,109709,True,,,
page_010_clahe_3.tess.tile061.tess.txt,C:\Users\User\Downloads\OCR-Engine\ops\page_010_clahe_3.tess.tile061.tess.txt,24,False,,,日 目 日\n\n川 門\n
page_010_clahe_3.tess.tile062.png,C:\Users\User\Downloads\OCR-Engine\ops\page_010_clahe_3.tess.tile062.png,468556,True,,,
page_010_clahe_3.tess.tile062.tess.txt,C:\Users\User\Downloads\OCR-Engine\ops\page_010_clahe_3.tess.tile062.tess.txt,487,False,,,"唇 k コ ① * | C ョ | `・】・{'…'"" | e\n\nに\n\n礫 Gcrmuany\n\n出\n\nす 食 木 向 枝 綱 り ⑤ ん\n\n}\n\n共\n\n他 (thcrs\n\n⑲③①\n\n日\n\nよ す Maldy\n\n|\n\n|\n\n本 m\n\n・ 東 蕃 民 国 China 、\n\n①\n\n⑯ 艸\n\n`\n\nれ\n\n藤\n\n羅 Russia\n\n( デ\n\n` 茉 安 利 CLBrikiin 蠣\n\nは |\n\n鶏 Gcnna"
page_010_clahe_3.tess.tile063.png,C:\Users\User\Downloads\OCR-Engine\ops\page_010_clahe_3.tess.tile063.png,358610,True,,,
page_010_clahe_3.tess.tile063.tess.txt,C:\Users\User\Downloads\OCR-Engine\ops\page_010_clahe_3.tess.tile063.tess.txt,292,False,,,ma |\n\nー「'\n\nu\n\nレ て ー ト t も\n\nよ お k\n\nョ セ\n\nーJ]\n\nー ス マ\n\nv\n\nォ\n\nてWYe\n\nにaN が r\n\n}\n\n二′ー '二\n\n向 】 A\n\n〔婁 n\n\nC ト て\n\nn\n\n④ 迦\n\n⑧ よ 途 J\n\nい\n\nu\n\nい A W\n\n①0 00\n\nl 叩\n\n?\n\n弧\n\n① 森\n
page_010_clahe_3.tess.tile064.png,C:\Users\User\Downloads\OCR-Engine\ops\page_010_clahe_3.tess.tile064.png,83234,True,,,
page_010_clahe_3.tess.tile064.tess.txt,C:\Users\User\Downloads\OCR-Engine\ops\page_010_clahe_3.tess.tile064.tess.txt,17,False,,,相\n\nW\n\n言\n
page_010_clahe_3.tess.tile065.png,C:\Users\User\Downloads\OCR-Engine\ops\page_010_clahe_3.tess.tile065.png,4938,True,,,
page_010_clahe_3.tess.tile065.tess.txt,C:\Users\User\Downloads\OCR-Engine\ops\page_010_clahe_3.tess.tile065.tess.txt,0,False,,,
page_010_clahe_3.tess.tile066.png,C:\Users\User\Downloads\OCR-Engine\ops\page_010_clahe_3.tess.tile066.png,78010,True,,,
page_010_clahe_3.tess.tile066.tess.txt,C:\Users\User\Downloads\OCR-Engine\ops\page_010_clahe_3.tess.tile066.tess.txt,7,False,,,ョ a\n
page_010_clahe_3.tess.tile067.png,C:\Users\User\Downloads\OCR-Engine\ops\page_010_clahe_3.tess.tile067.png,83272,True,,,
page_010_clahe_3.tess.tile067.tess.txt,C:\Users\User\Downloads\OCR-Engine\ops\page_010_clahe_3.tess.tile067.tess.txt,7,False,,,① s\n
page_010_clahe_3.tess.tile068.png,C:\Users\User\Downloads\OCR-Engine\ops\page_010_clahe_3.tess.tile068.png,19008,True,,,
page_010_clahe_3.tess.tile068.tess.txt,C:\Users\User\Downloads\OCR-Engine\ops\page_010_clahe_3.tess.tile068.tess.txt,0,False,,,
page_010_clahe_3.tess.tile069.png,C:\Users\User\Downloads\OCR-Engine\ops\page_010_clahe_3.tess.tile069.png,15689,True,,,
page_010_clahe_3.tess.tile069.tess.txt,C:\Users\User\Downloads\OCR-Engine\ops\page_010_clahe_3.tess.tile069.tess.txt,0,False,,,
page_010_clahe_3.tess.tile070.png,C:\Users\User\Downloads\OCR-Engine\ops\page_010_clahe_3.tess.tile070.png,22750,True,,,
page_010_clahe_3.tess.tile070.tess.txt,C:\Users\User\Downloads\OCR-Engine\ops\page_010_clahe_3.tess.tile070.tess.txt,0,False,,,
page_010_clahe_3.tess.tile071.png,C:\Users\User\Downloads\OCR-Engine\ops\page_010_clahe_3.tess.tile071.png,115323,True,,,
page_010_clahe_3.tess.tile071.tess.txt,C:\Users\User\Downloads\OCR-Engine\ops\page_010_clahe_3.tess.tile071.tess.txt,33,False,,,③00\n\nー ニ ーー 一 一\n
page_010_clahe_3.tess.tile072.png,C:\Users\User\Downloads\OCR-Engine\ops\page_010_clahe_3.tess.tile072.png,84483,True,,,
page_010_clahe_3.tess.tile072.tess.txt,C:\Users\User\Downloads\OCR-Engine\ops\page_010_clahe_3.tess.tile072.tess.txt,46,False,,,HI\n\n⑳0\n\nI\n\n⑤D\n\nし\n\nー\n\n⑧\n
page_010_clahe_3.tess.tile073.png,C:\Users\User\Downloads\OCR-Engine\ops\page_010_clahe_3.tess.tile073.png,144796,True,,,
page_010_clahe_3.tess.tile073.tess.txt,C:\Users\User\Downloads\OCR-Engine\ops\page_010_clahe_3.tess.tile073.tess.txt,224,False,,,し に\n\nだ し\n\nl\n\n鱒~ ~\n\n他 (thcra\n\n0\n\n⑤0 ③0 I\n\nI 叩 甜\n\n史 illinn\n\nNMilfnon\n\nュ ニ シ ー ニ ーー ニ ー ョ ニ ュ ー ーー ニ ーー デ ー ニ と ニ ー ニ 一 ー ー ー\n
page_010_clahe_3.tess.tile074.png,C:\Users\User\Downloads\OCR-Engine\ops\page_010_clahe_3.tess.tile074.png,120383,True,,,
page_010_clahe_3.tess.tile074.tess.txt,C:\Users\User\Downloads\OCR-Engine\ops\page_010_clahe_3.tess.tile074.tess.txt,215,False,,,鱒~ ~\n\nR\n\nI 叩 ⑤\n\nI\n\n?\n\nR\n\ninn\n\nー シ ー ー ー シ ッ ー ニ ー ニ ー ニ ー ピ ニ ニ ニ ー ニ ィ と ニ コ に つ コ ー シ ー ニ ー ニ ー ー ド マ ラ ー ド ー\n
page_010_clahe_3.tess.tile075.png,C:\Users\User\Downloads\OCR-Engine\ops\page_010_clahe_3.tess.tile075.png,65554,True,,,
page_010_clahe_3.tess.tile075.tess.txt,C:\Users\User\Downloads\OCR-Engine\ops\page_010_clahe_3.tess.tile075.tess.txt,5,False,,,ー\n
page_010_clahe_3.tess.tile076.png,C:\Users\User\Downloads\OCR-Engine\ops\page_010_clahe_3.tess.tile076.png,11149,True,,,
page_010_clahe_3.tess.tile076.tess.txt,C:\Users\User\Downloads\OCR-Engine\ops\page_010_clahe_3.tess.tile076.tess.txt,0,False,,,
page_010_clahe_3.tess.tile077.png,C:\Users\User\Downloads\OCR-Engine\ops\page_010_clahe_3.tess.tile077.png,9233,True,,,
page_010_clahe_3.tess.tile077.tess.txt,C:\Users\User\Downloads\OCR-Engine\ops\page_010_clahe_3.tess.tile077.tess.txt,0,False,,,
page_010_clahe_3.tess.tile078.png,C:\Users\User\Downloads\OCR-Engine\ops\page_010_clahe_3.tess.tile078.png,13819,True,,,
page_010_clahe_3.tess.tile078.tess.txt,C:\Users\User\Downloads\OCR-Engine\ops\page_010_clahe_3.tess.tile078.tess.txt,0,False,,,
page_010_clahe_3.tess.tile079.png,C:\Users\User\Downloads\OCR-Engine\ops\page_010_clahe_3.tess.tile079.png,7086,True,,,
page_010_clahe_3.tess.tile079.tess.txt,C:\Users\User\Downloads\OCR-Engine\ops\page_010_clahe_3.tess.tile079.tess.txt,0,False,,,
page_010_clahe_3.tess.tile080.png,C:\Users\User\Downloads\OCR-Engine\ops\page_010_clahe_3.tess.tile080.png,7844,True,,,
page_010_clahe_3.tess.tile080.tess.txt,C:\Users\User\Downloads\OCR-Engine\ops\page_010_clahe_3.tess.tile080.tess.txt,0,False,,,
page_010_clahe_3.tess.tile081.png,C:\Users\User\Downloads\OCR-Engine\ops\page_010_clahe_3.tess.tile081.png,15826,True,,,
page_010_clahe_3.tess.tile081.tess.txt,C:\Users\User\Downloads\OCR-Engine\ops\page_010_clahe_3.tess.tile081.tess.txt,0,False,,,
page_010_clahe_3.tess.tile082.png,C:\Users\User\Downloads\OCR-Engine\ops\page_010_clahe_3.tess.tile082.png,7268,True,,,
page_010_clahe_3.tess.tile082.tess.txt,C:\Users\User\Downloads\OCR-Engine\ops\page_010_clahe_3.tess.tile082.tess.txt,0,False,,,
page_010_clahe_3.tess.tile083.png,C:\Users\User\Downloads\OCR-Engine\ops\page_010_clahe_3.tess.tile083.png,17037,True,,,
page_010_clahe_3.tess.tile083.tess.txt,C:\Users\User\Downloads\OCR-Engine\ops\page_010_clahe_3.tess.tile083.tess.txt,10,False,,,ピ\n\nf\n
page_010_clahe_3.tess.tile084.png,C:\Users\User\Downloads\OCR-Engine\ops\page_010_clahe_3.tess.tile084.png,14820,True,,,
page_010_clahe_3.tess.tile084.tess.txt,C:\Users\User\Downloads\OCR-Engine\ops\page_010_clahe_3.tess.tile084.tess.txt,0,False,,,
page_010_clahe_3.tess.tile085.png,C:\Users\User\Downloads\OCR-Engine\ops\page_010_clahe_3.tess.tile085.png,91843,True,,,
page_010_clahe_3.tess.tile085.tess.txt,C:\Users\User\Downloads\OCR-Engine\ops\page_010_clahe_3.tess.tile085.tess.txt,147,False,,,~縄『\n\nーー「ー\n\nF 」\n\nに eeate\n\nー 】\n\n_′~L\n\nモ ー キ\n\nに aa\n\nト ー\n\n硯\n\nに す き\n\nm u に\n\n孔ゞ\n
page_010_clahe_3.tess.tile086.png,C:\Users\User\Downloads\OCR-Engine\ops\page_010_clahe_3.tess.tile086.png,234738,True,,,
page_010_clahe_3.tess.tile086.tess.txt,C:\Users\User\Downloads\OCR-Engine\ops\page_010_clahe_3.tess.tile086.tess.txt,518,False,,,"に\n\nャ\n\n【 に\n\nR\n\nca\n\np\n\nづ ー\n\nL\n\n""~~縄\n\nー ョ\n\ni\n\n廿~{ L\n\nト S\n\n①\n\nー_Lー_'鬱 と 記\n\n`\n\nン ja\n\nド S\n\nコ ュ\n\nu\n\nュ\n\nュ ー\n\nk 、\n\nョ\n\nae xe\n\n・_-\n\n①\n\nォ\n\n_」: ・'・′_ ー竺ー」・\n\n_ざ ら\n\n[ 楊\n\nが 親 ら る る C ら Re\n\nー ト ー 一\n\n`=暑ー\n\nーー タ ー 」」 ー "
page_010_clahe_3.tess.tile087.png,C:\Users\User\Downloads\OCR-Engine\ops\page_010_clahe_3.tess.tile087.png,117014,True,,,
page_010_clahe_3.tess.tile087.tess.txt,C:\Users\User\Downloads\OCR-Engine\ops\page_010_clahe_3.tess.tile087.tess.txt,290,False,,,"ョ\n\nじ\n\n「ゎー L\n\n"" P\n\n縄}_′'\n\nー ミ H\n\n艸縄ノー\n\nパ -\n\nー\n\nは\n\n'ゝー ュ ー マ\n\nー\n\n~\n\nト s\n\nャ ゃ\n\nミ\n\n[ 楊\n\n口\n\nD\n\n・\n\nー\n\nに 記 」\n\nー ャ ー に\n\nL\n\nに コ\n\nよ う\n\nマ ー ト\n\nェ キ\n\n』\n"
page_010_clahe_3.tess.tiled.psm11.clean.txt,C:\Users\User\Downloads\OCR-Engine\ops\page_010_clahe_3.tess.tiled.psm11.clean.txt,2842,False,,,"4. 轍 出Values of Exports( 輸入 )Imports3 華【 ま .11 俸R朱 入 主 要 國 別 累ports and Iimports by P0...ー...ー艶入5 $1( 下 舌 国 l109 でg 沼 夏| 累 年 比 称ountrics,1081 01035( 輝自 )Exhportst TRIー』 昌1 傳? 磋」 ョ「ーー}山( 下 舌 国 lt TRI5 "
page_010_clahe_3.tess.tiled.psm11.normalized.txt,C:\Users\User\Downloads\OCR-Engine\ops\page_010_clahe_3.tess.tiled.psm11.normalized.txt,3790,False,,,"|\n④. 轍 出\nValues of Exports\n( 輸\n入 )\nImports\n③ 華\n【 ま . ①\n① 俸\nR\n朱 入 主 要 國 別 累\nports and Iimports by P0…ー…ー\n艶入)\n⑤ $ ①\n( 下 舌 国 l\n①0⑨ で\ng 沼 夏\n| 累 年 比 称\nountrics, ①0⑧① {0 ①0③⑤\n( 輝\n自 )\nExhports\nt TRI\nー\n』 昌\n① "
page_010_clahe_3.tess.tiled.psm11.normalized.txt.ollama.suggested.txt,C:\Users\User\Downloads\OCR-Engine\ops\page_010_clahe_3.tess.tiled.psm11.normalized.txt.ollama.suggested.txt,3806,False,,,"|\n④. 轍 出\nValues of Exports\n( 輸\n入 )\nImports\n③ 華\nError: unknown flag: --prompt\n① 俸\nR\n朱 入 主 要 國 別 累\nports and Iimports by P0…ー…ー\n艶入)\n⑤ $ ①\n( 下 舌 国 l\n①0⑨ で\ng 沼 夏\n| 累 年 比 称\nountrics, ①0⑧① {0 ①0③⑤\n( 輝\n自 )\nE"
page_010_clahe_3.tess.tiled.psm11.txt,C:\Users\User\Downloads\OCR-Engine\ops\page_010_clahe_3.tess.tiled.psm11.txt,4462,False,,,"|\n④. 轍 出\n\nValues of Exports\n\n( 輸\n\n入 )\n\nImports\n\n③ 華\n\n【 ま . ①\n\n① 俸\n\nR\n朱 入 主 要 國 別 累\n\nports and Iimports by P0…ー…ー\n\n艶入)\n\n⑤ $ ①\n\n( 下 舌 国 l\n\n①0⑨ で\n\ng 沼 夏\n| 累 年 比 称\n\nountrics, ①0⑧① {0 ①0③⑤\n\n( 輝\n\n自 )\n\nExhpo"
page_010_clahe_4.clean.txt,C:\Users\User\Downloads\OCR-Engine\ops\page_010_clahe_4.clean.txt,0,False,,,
page_010_clahe_4.png,C:\Users\User\Downloads\OCR-Engine\ops\page_010_clahe_4.png,3376511,True,,,
page_010_clahe_4.rapid.txt,C:\Users\User\Downloads\OCR-Engine\ops\page_010_clahe_4.rapid.txt,0,False,,,
page_010_clahe_4.tess.tile000.png,C:\Users\User\Downloads\OCR-Engine\ops\page_010_clahe_4.tess.tile000.png,23021,True,,,
page_010_clahe_4.tess.tile000.tess.txt,C:\Users\User\Downloads\OCR-Engine\ops\page_010_clahe_4.tess.tile000.tess.txt,0,False,,,
page_010_clahe_4.tess.tile001.png,C:\Users\User\Downloads\OCR-Engine\ops\page_010_clahe_4.tess.tile001.png,73116,True,,,
page_010_clahe_4.tess.tile001.tess.txt,C:\Users\User\Downloads\OCR-Engine\ops\page_010_clahe_4.tess.tile001.tess.txt,11,False,,,&e\n\nゎ\n
page_010_clahe_4.tess.tile002.png,C:\Users\User\Downloads\OCR-Engine\ops\page_010_clahe_4.tess.tile002.png,29769,True,,,
page_010_clahe_4.tess.tile002.tess.txt,C:\Users\User\Downloads\OCR-Engine\ops\page_010_clahe_4.tess.tile002.tess.txt,0,False,,,
page_010_clahe_4.tess.tile003.png,C:\Users\User\Downloads\OCR-Engine\ops\page_010_clahe_4.tess.tile003.png,30735,True,,,
page_010_clahe_4.tess.tile003.tess.txt,C:\Users\User\Downloads\OCR-Engine\ops\page_010_clahe_4.tess.tile003.tess.txt,0,False,,,
page_010_clahe_4.tess.tile004.png,C:\Users\User\Downloads\OCR-Engine\ops\page_010_clahe_4.tess.tile004.png,31816,True,,,
page_010_clahe_4.tess.tile004.tess.txt,C:\Users\User\Downloads\OCR-Engine\ops\page_010_clahe_4.tess.tile004.tess.txt,0,False,,,
page_010_clahe_4.tess.tile005.png,C:\Users\User\Downloads\OCR-Engine\ops\page_010_clahe_4.tess.tile005.png,78500,True,,,
page_010_clahe_4.tess.tile005.tess.txt,C:\Users\User\Downloads\OCR-Engine\ops\page_010_clahe_4.tess.tile005.tess.txt,0,False,,,
page_010_clahe_4.tess.tile006.png,C:\Users\User\Downloads\OCR-Engine\ops\page_010_clahe_4.tess.tile006.png,29586,True,,,
page_010_clahe_4.tess.tile006.tess.txt,C:\Users\User\Downloads\OCR-Engine\ops\page_010_clahe_4.tess.tile006.tess.txt,0,False,,,
page_010_clahe_4.tess.tile007.png,C:\Users\User\Downloads\OCR-Engine\ops\page_010_clahe_4.tess.tile007.png,30840,True,,,
page_010_clahe_4.tess.tile007.tess.txt,C:\Users\User\Downloads\OCR-Engine\ops\page_010_clahe_4.tess.tile007.tess.txt,0,False,,,
page_010_clahe_4.tess.tile008.png,C:\Users\User\Downloads\OCR-Engine\ops\page_010_clahe_4.tess.tile008.png,31013,True,,,
page_010_clahe_4.tess.tile008.tess.txt,C:\Users\User\Downloads\OCR-Engine\ops\page_010_clahe_4.tess.tile008.tess.txt,0,False,,,
page_010_clahe_4.tess.tile009.png,C:\Users\User\Downloads\OCR-Engine\ops\page_010_clahe_4.tess.tile009.png,43372,True,,,
page_010_clahe_4.tess.tile009.tess.txt,C:\Users\User\Downloads\OCR-Engine\ops\page_010_clahe_4.tess.tile009.tess.txt,0,False,,,
page_010_clahe_4.tess.tile010.png,C:\Users\User\Downloads\OCR-Engine\ops\page_010_clahe_4.tess.tile010.png,13400,True,,,
page_010_clahe_4.tess.tile010.tess.txt,C:\Users\User\Downloads\OCR-Engine\ops\page_010_clahe_4.tess.tile010.tess.txt,0,False,,,
page_010_clahe_4.tess.tile011.png,C:\Users\User\Downloads\OCR-Engine\ops\page_010_clahe_4.tess.tile011.png,51793,True,,,
page_010_clahe_4.tess.tile011.tess.txt,C:\Users\User\Downloads\OCR-Engine\ops\page_010_clahe_4.tess.tile011.tess.txt,0,False,,,
page_010_clahe_4.tess.tile012.png,C:\Users\User\Downloads\OCR-Engine\ops\page_010_clahe_4.tess.tile012.png,100992,True,,,
page_010_clahe_4.tess.tile012.tess.txt,C:\Users\User\Downloads\OCR-Engine\ops\page_010_clahe_4.tess.tile012.tess.txt,0,False,,,
page_010_clahe_4.tess.tile013.png,C:\Users\User\Downloads\OCR-Engine\ops\page_010_clahe_4.tess.tile013.png,5335,True,,,
page_010_clahe_4.tess.tile013.tess.txt,C:\Users\User\Downloads\OCR-Engine\ops\page_010_clahe_4.tess.tile013.tess.txt,0,False,,,
page_010_clahe_4.tess.tile014.png,C:\Users\User\Downloads\OCR-Engine\ops\page_010_clahe_4.tess.tile014.png,5979,True,,,
page_010_clahe_4.tess.tile014.tess.txt,C:\Users\User\Downloads\OCR-Engine\ops\page_010_clahe_4.tess.tile014.tess.txt,9,False,,,と ⑳\n
page_010_clahe_4.tess.tile015.png,C:\Users\User\Downloads\OCR-Engine\ops\page_010_clahe_4.tess.tile015.png,6649,True,,,
page_010_clahe_4.tess.tile015.tess.txt,C:\Users\User\Downloads\OCR-Engine\ops\page_010_clahe_4.tess.tile015.tess.txt,9,False,,,と ⑳\n
page_010_clahe_4.tess.tile016.png,C:\Users\User\Downloads\OCR-Engine\ops\page_010_clahe_4.tess.tile016.png,129949,True,,,
page_010_clahe_4.tess.tile016.tess.txt,C:\Users\User\Downloads\OCR-Engine\ops\page_010_clahe_4.tess.tile016.tess.txt,9,False,,,③ ①\n
page_010_clahe_4.tess.tile017.png,C:\Users\User\Downloads\OCR-Engine\ops\page_010_clahe_4.tess.tile017.png,226144,True,,,
page_010_clahe_4.tess.tile017.tess.txt,C:\Users\User\Downloads\OCR-Engine\ops\page_010_clahe_4.tess.tile017.tess.txt,157,False,,,エ ニ ニ ニ ニ ー ニ ー ニ ニ ー ニ ー デ\n\n④. 轍 出\n\nValues of Exports\n\n( 軸\n\n入 )\n\nImports\n\n& ④\n\n? 蓋\n\n① 値\n\nR\n
page_010_clahe_4.tess.tile018.png,C:\Users\User\Downloads\OCR-Engine\ops\page_010_clahe_4.tess.tile018.png,282403,True,,,
page_010_clahe_4.tess.tile018.tess.txt,C:\Users\User\Downloads\OCR-Engine\ops\page_010_clahe_4.tess.tile018.tess.txt,164,False,,,ー 一 ー\n\n曲 入 主 要 國 別 累\n\nports and Imports by F0…囁「i'\n\n悔入)\n\n佐\n\nR\n\n【(fmaHil\n\nま\n\n[\n\n① す で\n\nt 璋寓鱒; _\n
page_010_clahe_4.tess.tile019.png,C:\Users\User\Downloads\OCR-Engine\ops\page_010_clahe_4.tess.tile019.png,246259,True,,,
page_010_clahe_4.tess.tile019.tess.txt,C:\Users\User\Downloads\OCR-Engine\ops\page_010_clahe_4.tess.tile019.tess.txt,124,False,,,"| 累 年 比 軽\n\nountries, ⑪0⑧① {0 ①0①⑤\n\n( 輝\n\n自 )\n\nExhorts\n\nt =縄“; ョ\n\n① 傳\n\n? 磋\n"
page_010_clahe_4.tess.tile020.png,C:\Users\User\Downloads\OCR-Engine\ops\page_010_clahe_4.tess.tile020.png,84555,True,,,
page_010_clahe_4.tess.tile020.tess.txt,C:\Users\User\Downloads\OCR-Engine\ops\page_010_clahe_4.tess.tile020.tess.txt,9,False,,,」 ョ\n
page_010_clahe_4.tess.tile021.png,C:\Users\User\Downloads\OCR-Engine\ops\page_010_clahe_4.tess.tile021.png,19053,True,,,
page_010_clahe_4.tess.tile021.tess.txt,C:\Users\User\Downloads\OCR-Engine\ops\page_010_clahe_4.tess.tile021.tess.txt,0,False,,,
page_010_clahe_4.tess.tile022.png,C:\Users\User\Downloads\OCR-Engine\ops\page_010_clahe_4.tess.tile022.png,67413,True,,,
page_010_clahe_4.tess.tile022.tess.txt,C:\Users\User\Downloads\OCR-Engine\ops\page_010_clahe_4.tess.tile022.tess.txt,8,False,,,「ー\n
page_010_clahe_4.tess.tile023.png,C:\Users\User\Downloads\OCR-Engine\ops\page_010_clahe_4.tess.tile023.png,102749,True,,,
page_010_clahe_4.tess.tile023.tess.txt,C:\Users\User\Downloads\OCR-Engine\ops\page_010_clahe_4.tess.tile023.tess.txt,0,False,,,
page_010_clahe_4.tess.tile024.png,C:\Users\User\Downloads\OCR-Engine\ops\page_010_clahe_4.tess.tile024.png,5335,True,,,
page_010_clahe_4.tess.tile024.tess.txt,C:\Users\User\Downloads\OCR-Engine\ops\page_010_clahe_4.tess.tile024.tess.txt,0,False,,,
page_010_clahe_4.tess.tile025.png,C:\Users\User\Downloads\OCR-Engine\ops\page_010_clahe_4.tess.tile025.png,5335,True,,,
page_010_clahe_4.tess.tile025.tess.txt,C:\Users\User\Downloads\OCR-Engine\ops\page_010_clahe_4.tess.tile025.tess.txt,0,False,,,
page_010_clahe_4.tess.tile026.png,C:\Users\User\Downloads\OCR-Engine\ops\page_010_clahe_4.tess.tile026.png,5335,True,,,
page_010_clahe_4.tess.tile026.tess.txt,C:\Users\User\Downloads\OCR-Engine\ops\page_010_clahe_4.tess.tile026.tess.txt,0,False,,,
page_010_clahe_4.tess.tile027.png,C:\Users\User\Downloads\OCR-Engine\ops\page_010_clahe_4.tess.tile027.png,153084,True,,,
page_010_clahe_4.tess.tile027.tess.txt,C:\Users\User\Downloads\OCR-Engine\ops\page_010_clahe_4.tess.tile027.tess.txt,6,False,,,{『\n
page_010_clahe_4.tess.tile028.png,C:\Users\User\Downloads\OCR-Engine\ops\page_010_clahe_4.tess.tile028.png,215286,True,,,
page_010_clahe_4.tess.tile028.tess.txt,C:\Users\User\Downloads\OCR-Engine\ops\page_010_clahe_4.tess.tile028.tess.txt,5,False,,,崎\n
page_010_clahe_4.tess.tile029.png,C:\Users\User\Downloads\OCR-Engine\ops\page_010_clahe_4.tess.tile029.png,517416,True,,,
page_010_clahe_4.tess.tile029.tess.txt,C:\Users\User\Downloads\OCR-Engine\ops\page_010_clahe_4.tess.tile029.tess.txt,342,False,,,【(fmaHil\n\nt TARIWi\n\n⑤ $ ①\n\n⑲③⑤\n\nす\n\n① ① 【\n\nォ axn\n\n市 華 民 国 Chinn\n\n藤\n\n聴 Kussia\n\n葉 呈 利 (t Imtuin\n\nよ\n\nFrx E\n\nに |\n\n鐵 (Gernuany\n\n) 兄 方 代 紳 綱 り . ⑤ 入\n\n北\n\n志 (Nhcrs\n\n慶\n\n⑲③④\n\nH\n\n[ ォ\n\n|\n\nI l\n\n. 軸 臺 屋 番 {“hina\n\n本 
page_010_clahe_4.tess.tile030.png,C:\Users\User\Downloads\OCR-Engine\ops\page_010_clahe_4.tess.tile030.png,405185,True,,,
page_010_clahe_4.tess.tile030.tess.txt,C:\Users\User\Downloads\OCR-Engine\ops\page_010_clahe_4.tess.tile030.tess.txt,215,False,,,山\n\nNlorts\n\nt TARIWi\n\n① ③\n\n① 借\n\n? 碑\n\nioft\n\nそ m h\n\n」\n\nA h で ド\n\nー い ず\n\nい は\n\nk\n\nT [\n\n( 払 い t り 鱒【 {\n\n貫 で\n\nWaNr\n\nー聾璃\n\nC きW\n\nー`\n
page_010_clahe_4.tess.tile031.png,C:\Users\User\Downloads\OCR-Engine\ops\page_010_clahe_4.tess.tile031.png,104829,True,,,
page_010_clahe_4.tess.tile031.tess.txt,C:\Users\User\Downloads\OCR-Engine\ops\page_010_clahe_4.tess.tile031.tess.txt,5,False,,,‥\n
page_010_clahe_4.tess.tile032.png,C:\Users\User\Downloads\OCR-Engine\ops\page_010_clahe_4.tess.tile032.png,13824,True,,,
page_010_clahe_4.tess.tile032.tess.txt,C:\Users\User\Downloads\OCR-Engine\ops\page_010_clahe_4.tess.tile032.tess.txt,0,False,,,
page_010_clahe_4.tess.tile033.png,C:\Users\User\Downloads\OCR-Engine\ops\page_010_clahe_4.tess.tile033.png,94773,True,,,
page_010_clahe_4.tess.tile033.tess.txt,C:\Users\User\Downloads\OCR-Engine\ops\page_010_clahe_4.tess.tile033.tess.txt,0,False,,,
page_010_clahe_4.tess.tile034.png,C:\Users\User\Downloads\OCR-Engine\ops\page_010_clahe_4.tess.tile034.png,97517,True,,,
page_010_clahe_4.tess.tile034.tess.txt,C:\Users\User\Downloads\OCR-Engine\ops\page_010_clahe_4.tess.tile034.tess.txt,0,False,,,
page_010_clahe_4.tess.tile035.png,C:\Users\User\Downloads\OCR-Engine\ops\page_010_clahe_4.tess.tile035.png,5335,True,,,
page_010_clahe_4.tess.tile035.tess.txt,C:\Users\User\Downloads\OCR-Engine\ops\page_010_clahe_4.tess.tile035.tess.txt,0,False,,,
page_010_clahe_4.tess.tile036.png,C:\Users\User\Downloads\OCR-Engine\ops\page_010_clahe_4.tess.tile036.png,7193,True,,,
page_010_clahe_4.tess.tile036.tess.txt,C:\Users\User\Downloads\OCR-Engine\ops\page_010_clahe_4.tess.tile036.tess.txt,0,False,,,
page_010_clahe_4.tess.tile037.png,C:\Users\User\Downloads\OCR-Engine\ops\page_010_clahe_4.tess.tile037.png,7170,True,,,
page_010_clahe_4.tess.tile037.tess.txt,C:\Users\User\Downloads\OCR-Engine\ops\page_010_clahe_4.tess.tile037.tess.txt,0,False,,,
page_010_clahe_4.tess.tile038.png,C:\Users\User\Downloads\OCR-Engine\ops\page_010_clahe_4.tess.tile038.png,153812,True,,,
page_010_clahe_4.tess.tile038.tess.txt,C:\Users\User\Downloads\OCR-Engine\ops\page_010_clahe_4.tess.tile038.tess.txt,6,False,,,ー]\n
page_010_clahe_4.tess.tile039.png,C:\Users\User\Downloads\OCR-Engine\ops\page_010_clahe_4.tess.tile039.png,136397,True,,,
page_010_clahe_4.tess.tile039.tess.txt,C:\Users\User\Downloads\OCR-Engine\ops\page_010_clahe_4.tess.tile039.tess.txt,28,False,,,閾\n\n国 団 国 國 門\n
page_010_clahe_4.tess.tile040.png,C:\Users\User\Downloads\OCR-Engine\ops\page_010_clahe_4.tess.tile040.png,541494,True,,,
page_010_clahe_4.tess.tile040.tess.txt,C:\Users\User\Downloads\OCR-Engine\ops\page_010_clahe_4.tess.tile040.tess.txt,346,False,,,① J W\n\n[ ォ\n\nー\n\nH\n\n本 mn\n\n車 華 医 岡 China\n\n艸\n\n耀 Russi\n\n芦 向 剪 tt.liriktin\n\n|\n\n希\n\n迷 Gcnnany\n\n[\n\n①\n\n|\n\nl\n\n食 来 代 絣 崎 U. S ん\n\n共\n\n他 (thcrs\n\n⑲③③\n\n囁\n\nホ ネ mn\n\nーー~\n\n【新{\n\n囁薫轟鷹Lh仙\n\n軸 Ruxsin\n\nl\n\n` 荊 江 利 CLiitain\n\n弐ー\n
page_010_clahe_4.tess.tile041.png,C:\Users\User\Downloads\OCR-Engine\ops\page_010_clahe_4.tess.tile041.png,365624,True,,,
page_010_clahe_4.tess.tile041.tess.txt,C:\Users\User\Downloads\OCR-Engine\ops\page_010_clahe_4.tess.tile041.tess.txt,250,False,,,e rt\n\nT [\n\nLa e\n\nト す か r\n\nE\n\n貫 で\n\nい\n\nぽ さ\n\nC きW\n\naa\n\n詞\n\nL\n\nr ャ\n\nは ら\n\n川\n\nit\n\nロ\n\np\n\nk P や\n\nk RLet+e\n\n』 す ゃ\n\nESCA o\n\nH\n\nB\n\nい f\n\nさ\n\na E は K\n\nA A e れ\n\nW\n
page_010_clahe_4.tess.tile042.png,C:\Users\User\Downloads\OCR-Engine\ops\page_010_clahe_4.tess.tile042.png,94600,True,,,
page_010_clahe_4.tess.tile042.tess.txt,C:\Users\User\Downloads\OCR-Engine\ops\page_010_clahe_4.tess.tile042.tess.txt,10,False,,,目\n\n|\n
page_010_clahe_4.tess.tile043.png,C:\Users\User\Downloads\OCR-Engine\ops\page_010_clahe_4.tess.tile043.png,11761,True,,,
page_010_clahe_4.tess.tile043.tess.txt,C:\Users\User\Downloads\OCR-Engine\ops\page_010_clahe_4.tess.tile043.tess.txt,0,False,,,
page_010_clahe_4.tess.tile044.png,C:\Users\User\Downloads\OCR-Engine\ops\page_010_clahe_4.tess.tile044.png,119727,True,,,
page_010_clahe_4.tess.tile044.tess.txt,C:\Users\User\Downloads\OCR-Engine\ops\page_010_clahe_4.tess.tile044.tess.txt,8,False,,,|\n\n}\n
page_010_clahe_4.tess.tile045.png,C:\Users\User\Downloads\OCR-Engine\ops\page_010_clahe_4.tess.tile045.png,116975,True,,,
page_010_clahe_4.tess.tile045.tess.txt,C:\Users\User\Downloads\OCR-Engine\ops\page_010_clahe_4.tess.tile045.tess.txt,8,False,,,|\n\n|\n
page_010_clahe_4.tess.tile046.png,C:\Users\User\Downloads\OCR-Engine\ops\page_010_clahe_4.tess.tile046.png,11168,True,,,
page_010_clahe_4.tess.tile046.tess.txt,C:\Users\User\Downloads\OCR-Engine\ops\page_010_clahe_4.tess.tile046.tess.txt,0,False,,,
page_010_clahe_4.tess.tile047.png,C:\Users\User\Downloads\OCR-Engine\ops\page_010_clahe_4.tess.tile047.png,8144,True,,,
page_010_clahe_4.tess.tile047.tess.txt,C:\Users\User\Downloads\OCR-Engine\ops\page_010_clahe_4.tess.tile047.tess.txt,0,False,,,
page_010_clahe_4.tess.tile048.png,C:\Users\User\Downloads\OCR-Engine\ops\page_010_clahe_4.tess.tile048.png,12932,True,,,
page_010_clahe_4.tess.tile048.tess.txt,C:\Users\User\Downloads\OCR-Engine\ops\page_010_clahe_4.tess.tile048.tess.txt,0,False,,,
page_010_clahe_4.tess.tile049.png,C:\Users\User\Downloads\OCR-Engine\ops\page_010_clahe_4.tess.tile049.png,167412,True,,,
page_010_clahe_4.tess.tile049.tess.txt,C:\Users\User\Downloads\OCR-Engine\ops\page_010_clahe_4.tess.tile049.tess.txt,8,False,,,ー縄\n
page_010_clahe_4.tess.tile050.png,C:\Users\User\Downloads\OCR-Engine\ops\page_010_clahe_4.tess.tile050.png,157890,True,,,
page_010_clahe_4.tess.tile050.tess.txt,C:\Users\User\Downloads\OCR-Engine\ops\page_010_clahe_4.tess.tile050.tess.txt,7,False,,,川 |\n
page_010_clahe_4.tess.tile051.png,C:\Users\User\Downloads\OCR-Engine\ops\page_010_clahe_4.tess.tile051.png,606680,True,,,
page_010_clahe_4.tess.tile051.tess.txt,C:\Users\User\Downloads\OCR-Engine\ops\page_010_clahe_4.tess.tile051.tess.txt,344,False,,,Y 奇 病 隠 に i\n\n葉\n\n軸 Ruxsin\n\n` 荊 江 利 CLiitain ー\n\n迷 Gerunany\n\n①\n\n北 梨 介 紫 国 は ⑤. A ー\n\n他 Othcrs\n\n⑲\n\n|\n\nー\n\n囁\n\n本 m\n\n田 華 戸 国 Chins\n\nに ま お\n\n` 慄\n\n纂 Russh\n\n唇 英 宮 相 Cldcin\n\n拷\n\n: 蝉\n\n礫 Gcmuany\n\n・ 学 来 舌 紫 崎 U S A 計 |
page_010_clahe_4.tess.tile052.png,C:\Users\User\Downloads\OCR-Engine\ops\page_010_clahe_4.tess.tile052.png,376537,True,,,
page_010_clahe_4.tess.tile052.tess.txt,C:\Users\User\Downloads\OCR-Engine\ops\page_010_clahe_4.tess.tile052.tess.txt,254,False,,,①\n\nー\n\nル 0T\n\nト a ま\n\nい\n\nW\n\naa\n\nc f\n\nド\n\ng\n\nm い\n\nP が\n\n志\n\nu①\n\na\n\nば\n\n[ に\n\n①\n\nFf S\n\nk ま さ\n\na\n\nに ゃ\n\nes\n\nも\n\nョ a\n\nEa\n\n邨 ま\n\nCg①\n\nョ\n\n【 ぼ\n\n計 | |\n\n旧\n
page_010_clahe_4.tess.tile053.png,C:\Users\User\Downloads\OCR-Engine\ops\page_010_clahe_4.tess.tile053.png,104927,True,,,
page_010_clahe_4.tess.tile053.tess.txt,C:\Users\User\Downloads\OCR-Engine\ops\page_010_clahe_4.tess.tile053.tess.txt,18,False,,,W\n\n|\n\nーー\n
page_010_clahe_4.tess.tile054.png,C:\Users\User\Downloads\OCR-Engine\ops\page_010_clahe_4.tess.tile054.png,11784,True,,,
page_010_clahe_4.tess.tile054.tess.txt,C:\Users\User\Downloads\OCR-Engine\ops\page_010_clahe_4.tess.tile054.tess.txt,0,False,,,
page_010_clahe_4.tess.tile055.png,C:\Users\User\Downloads\OCR-Engine\ops\page_010_clahe_4.tess.tile055.png,121520,True,,,
page_010_clahe_4.tess.tile055.tess.txt,C:\Users\User\Downloads\OCR-Engine\ops\page_010_clahe_4.tess.tile055.tess.txt,0,False,,,
page_010_clahe_4.tess.tile056.png,C:\Users\User\Downloads\OCR-Engine\ops\page_010_clahe_4.tess.tile056.png,115296,True,,,
page_010_clahe_4.tess.tile056.tess.txt,C:\Users\User\Downloads\OCR-Engine\ops\page_010_clahe_4.tess.tile056.tess.txt,0,False,,,
page_010_clahe_4.tess.tile057.png,C:\Users\User\Downloads\OCR-Engine\ops\page_010_clahe_4.tess.tile057.png,10968,True,,,
page_010_clahe_4.tess.tile057.tess.txt,C:\Users\User\Downloads\OCR-Engine\ops\page_010_clahe_4.tess.tile057.tess.txt,0,False,,,
page_010_clahe_4.tess.tile058.png,C:\Users\User\Downloads\OCR-Engine\ops\page_010_clahe_4.tess.tile058.png,5421,True,,,
page_010_clahe_4.tess.tile058.tess.txt,C:\Users\User\Downloads\OCR-Engine\ops\page_010_clahe_4.tess.tile058.tess.txt,0,False,,,
page_010_clahe_4.tess.tile059.png,C:\Users\User\Downloads\OCR-Engine\ops\page_010_clahe_4.tess.tile059.png,7173,True,,,
page_010_clahe_4.tess.tile059.tess.txt,C:\Users\User\Downloads\OCR-Engine\ops\page_010_clahe_4.tess.tile059.tess.txt,0,False,,,
page_010_clahe_4.tess.tile060.png,C:\Users\User\Downloads\OCR-Engine\ops\page_010_clahe_4.tess.tile060.png,165773,True,,,
page_010_clahe_4.tess.tile060.tess.txt,C:\Users\User\Downloads\OCR-Engine\ops\page_010_clahe_4.tess.tile060.tess.txt,9,False,,,③0⑥\n
page_010_clahe_4.tess.tile061.png,C:\Users\User\Downloads\OCR-Engine\ops\page_010_clahe_4.tess.tile061.png,185034,True,,,
page_010_clahe_4.tess.tile061.tess.txt,C:\Users\User\Downloads\OCR-Engine\ops\page_010_clahe_4.tess.tile061.tess.txt,20,False,,,旧 目\n\n川 門\n
page_010_clahe_4.tess.tile062.png,C:\Users\User\Downloads\OCR-Engine\ops\page_010_clahe_4.tess.tile062.png,615799,True,,,
page_010_clahe_4.tess.tile062.tess.txt,C:\Users\User\Downloads\OCR-Engine\ops\page_010_clahe_4.tess.tile062.tess.txt,413,False,,,~鱒 寵 〝 a P\n\nア\n\n蝉\n\n礫 Gcmuany\n\n食 来 食 宙 鋼 U. S ん\n\nI\n\nt\n\n共\n\n他 (thcrs\n\n⑲③①\n\n囁\n\n!\n\nI\n\n本 amumn\n\nr ` 転 蕎 距 畜 China 、\n\n⑯\n\ni\n\n①\n\n藤\n\n羅 Russia\n\n⑮\n\nk ー\n\nr 蓼 資 利 (L Rikiin E\n\n*ー\n\n鴨 Gcnnany\n\n}\n\nし 不 米 代 細 磯 り . ⑤ ん\n\n
page_010_clahe_4.tess.tile063.png,C:\Users\User\Downloads\OCR-Engine\ops\page_010_clahe_4.tess.tile063.png,442233,True,,,
page_010_clahe_4.tess.tile063.tess.txt,C:\Users\User\Downloads\OCR-Engine\ops\page_010_clahe_4.tess.tile063.tess.txt,246,False,,,ョ ま\n\n)\n\nhetAe\n\nよ ド k 糾 向\n\nv ④\n\n[\n\nば 逢\n\nkt)\n\nす\n\nRRoeerat か い り r\n\nPe\n\nI r i m や\n\nト\n\nq g\n\nョ\n\n返 迦\n\nD\n\na aa k\n\n口 |\n\nョ れ\n\ny 談\n\n①0\n\n仰\n\n⑳0\n\n⑨0\n\nF 、\n
page_010_clahe_4.tess.tile064.png,C:\Users\User\Downloads\OCR-Engine\ops\page_010_clahe_4.tess.tile064.png,122829,True,,,
page_010_clahe_4.tess.tile064.tess.txt,C:\Users\User\Downloads\OCR-Engine\ops\page_010_clahe_4.tess.tile064.tess.txt,17,False,,,相\n\nW\n\n言\n
page_010_clahe_4.tess.tile065.png,C:\Users\User\Downloads\OCR-Engine\ops\page_010_clahe_4.tess.tile065.png,4984,True,,,
page_010_clahe_4.tess.tile065.tess.txt,C:\Users\User\Downloads\OCR-Engine\ops\page_010_clahe_4.tess.tile065.tess.txt,0,False,,,
page_010_clahe_4.tess.tile066.png,C:\Users\User\Downloads\OCR-Engine\ops\page_010_clahe_4.tess.tile066.png,94422,True,,,
page_010_clahe_4.tess.tile066.tess.txt,C:\Users\User\Downloads\OCR-Engine\ops\page_010_clahe_4.tess.tile066.tess.txt,7,False,,,ョ a\n
page_010_clahe_4.tess.tile067.png,C:\Users\User\Downloads\OCR-Engine\ops\page_010_clahe_4.tess.tile067.png,106715,True,,,
page_010_clahe_4.tess.tile067.tess.txt,C:\Users\User\Downloads\OCR-Engine\ops\page_010_clahe_4.tess.tile067.tess.txt,7,False,,,ョ a\n
page_010_clahe_4.tess.tile068.png,C:\Users\User\Downloads\OCR-Engine\ops\page_010_clahe_4.tess.tile068.png,27496,True,,,
page_010_clahe_4.tess.tile068.tess.txt,C:\Users\User\Downloads\OCR-Engine\ops\page_010_clahe_4.tess.tile068.tess.txt,0,False,,,
page_010_clahe_4.tess.tile069.png,C:\Users\User\Downloads\OCR-Engine\ops\page_010_clahe_4.tess.tile069.png,21703,True,,,
page_010_clahe_4.tess.tile069.tess.txt,C:\Users\User\Downloads\OCR-Engine\ops\page_010_clahe_4.tess.tile069.tess.txt,0,False,,,
page_010_clahe_4.tess.tile070.png,C:\Users\User\Downloads\OCR-Engine\ops\page_010_clahe_4.tess.tile070.png,29975,True,,,
page_010_clahe_4.tess.tile070.tess.txt,C:\Users\User\Downloads\OCR-Engine\ops\page_010_clahe_4.tess.tile070.tess.txt,0,False,,,
page_010_clahe_4.tess.tile071.png,C:\Users\User\Downloads\OCR-Engine\ops\page_010_clahe_4.tess.tile071.png,147751,True,,,
page_010_clahe_4.tess.tile071.tess.txt,C:\Users\User\Downloads\OCR-Engine\ops\page_010_clahe_4.tess.tile071.tess.txt,42,False,,,③0⑥\n\nー ー ニ ーーー 一 一\n
page_010_clahe_4.tess.tile072.png,C:\Users\User\Downloads\OCR-Engine\ops\page_010_clahe_4.tess.tile072.png,121302,True,,,
page_010_clahe_4.tess.tile072.tess.txt,C:\Users\User\Downloads\OCR-Engine\ops\page_010_clahe_4.tess.tile072.tess.txt,74,False,,,皿\n\n?\n\nI\n\n⑤\n\n‥\n\nー\n\nー ー\n\n國 謀 訣 談 誌 田\n
page_010_clahe_4.tess.tile073.png,C:\Users\User\Downloads\OCR-Engine\ops\page_010_clahe_4.tess.tile073.png,197620,True,,,
page_010_clahe_4.tess.tile073.tess.txt,C:\Users\User\Downloads\OCR-Engine\ops\page_010_clahe_4.tess.tile073.tess.txt,99,False,,,0 L ①\n\n( T\n\nし & に\n\n他 (thcrs\n\n0\n\n⑤0 ③0 ID\n\n①0 ⑳\n\nANiillinn\n\nNiltnn\n
page_010_clahe_4.tess.tile074.png,C:\Users\User\Downloads\OCR-Engine\ops\page_010_clahe_4.tess.tile074.png,160440,True,,,
page_010_clahe_4.tess.tile074.tess.txt,C:\Users\User\Downloads\OCR-Engine\ops\page_010_clahe_4.tess.tile074.tess.txt,49,False,,,I0 ③0 ⑤\n\nI\n\n?\n\nWfinn\n\nー>ーーー\n
page_010_clahe_4.tess.tile075.png,C:\Users\User\Downloads\OCR-Engine\ops\page_010_clahe_4.tess.tile075.png,88352,True,,,
page_010_clahe_4.tess.tile075.tess.txt,C:\Users\User\Downloads\OCR-Engine\ops\page_010_clahe_4.tess.tile075.tess.txt,7,False,,,① |\n
page_010_clahe_4.tess.tile076.png,C:\Users\User\Downloads\OCR-Engine\ops\page_010_clahe_4.tess.tile076.png,11193,True,,,
page_010_clahe_4.tess.tile076.tess.txt,C:\Users\User\Downloads\OCR-Engine\ops\page_010_clahe_4.tess.tile076.tess.txt,0,False,,,
page_010_clahe_4.tess.tile077.png,C:\Users\User\Downloads\OCR-Engine\ops\page_010_clahe_4.tess.tile077.png,9811,True,,,
page_010_clahe_4.tess.tile077.tess.txt,C:\Users\User\Downloads\OCR-Engine\ops\page_010_clahe_4.tess.tile077.tess.txt,5,False,,,ォ\n
page_010_clahe_4.tess.tile078.png,C:\Users\User\Downloads\OCR-Engine\ops\page_010_clahe_4.tess.tile078.png,14006,True,,,
page_010_clahe_4.tess.tile078.tess.txt,C:\Users\User\Downloads\OCR-Engine\ops\page_010_clahe_4.tess.tile078.tess.txt,0,False,,,
page_010_clahe_4.tess.tile079.png,C:\Users\User\Downloads\OCR-Engine\ops\page_010_clahe_4.tess.tile079.png,7469,True,,,
page_010_clahe_4.tess.tile079.tess.txt,C:\Users\User\Downloads\OCR-Engine\ops\page_010_clahe_4.tess.tile079.tess.txt,16,False,,,里\n\n⑧ 」\n
page_010_clahe_4.tess.tile080.png,C:\Users\User\Downloads\OCR-Engine\ops\page_010_clahe_4.tess.tile080.png,8144,True,,,
page_010_clahe_4.tess.tile080.tess.txt,C:\Users\User\Downloads\OCR-Engine\ops\page_010_clahe_4.tess.tile080.tess.txt,0,False,,,
page_010_clahe_4.tess.tile081.png,C:\Users\User\Downloads\OCR-Engine\ops\page_010_clahe_4.tess.tile081.png,15291,True,,,
page_010_clahe_4.tess.tile081.tess.txt,C:\Users\User\Downloads\OCR-Engine\ops\page_010_clahe_4.tess.tile081.tess.txt,0,False,,,
page_010_clahe_4.tess.tile082.png,C:\Users\User\Downloads\OCR-Engine\ops\page_010_clahe_4.tess.tile082.png,7244,True,,,
page_010_clahe_4.tess.tile082.tess.txt,C:\Users\User\Downloads\OCR-Engine\ops\page_010_clahe_4.tess.tile082.tess.txt,0,False,,,
page_010_clahe_4.tess.tile083.png,C:\Users\User\Downloads\OCR-Engine\ops\page_010_clahe_4.tess.tile083.png,17455,True,,,
page_010_clahe_4.tess.tile083.tess.txt,C:\Users\User\Downloads\OCR-Engine\ops\page_010_clahe_4.tess.tile083.tess.txt,10,False,,,ピ\n\n#\n
page_010_clahe_4.tess.tile084.png,C:\Users\User\Downloads\OCR-Engine\ops\page_010_clahe_4.tess.tile084.png,15316,True,,,
page_010_clahe_4.tess.tile084.tess.txt,C:\Users\User\Downloads\OCR-Engine\ops\page_010_clahe_4.tess.tile084.tess.txt,0,False,,,
page_010_clahe_4.tess.tile085.png,C:\Users\User\Downloads\OCR-Engine\ops\page_010_clahe_4.tess.tile085.png,91625,True,,,
page_010_clahe_4.tess.tile085.tess.txt,C:\Users\User\Downloads\OCR-Engine\ops\page_010_clahe_4.tess.tile085.tess.txt,94,False,,,~酵轟 】\n\nナ ー つ と\n\nぱ\n\nー_\n\n・ー択\n\n和 *\n\n'沖\n\n・〕ゞ'【\n
page_010_clahe_4.tess.tile086.png,C:\Users\User\Downloads\OCR-Engine\ops\page_010_clahe_4.tess.tile086.png,232881,True,,,
page_010_clahe_4.tess.tile086.tess.txt,C:\Users\User\Downloads\OCR-Engine\ops\page_010_clahe_4.tess.tile086.tess.txt,574,False,,,乾 b\n\nにに\n\nー\n\nで\n\nォ ー\n\nn R\n\nト ョ s ま\n\nに >\n\nu\n\nb\n\nォ\n\nコ\n\n0\n\n・ー~~縄\n\n縄\n\n_~' 鬱\n\nー ー メ\n\ne\n\n-\n\nォ\n\n]\n\ntx L エ\n\n①\n\nイ ー モ\n\n記\n\nェ\n\nす\n\nュ ー\n\nR 期聲. 翼\n\nョ ks\n\nし o こ\n\nト よ\n\nォ\n\nョ a\n\n一`_~ L |\n\n・ゝ-\n\nE\n\nォ\n\n阪\n\n+ 】_ー'_ コ\n\nD\n\n牛〔\n\nャ
page_010_clahe_4.tess.tile087.png,C:\Users\User\Downloads\OCR-Engine\ops\page_010_clahe_4.tess.tile087.png,119818,True,,,
page_010_clahe_4.tess.tile087.tess.txt,C:\Users\User\Downloads\OCR-Engine\ops\page_010_clahe_4.tess.tile087.tess.txt,188,False,,,ア e\n\nた au\n\nl\n\na\n\nー シ ー ー ー ド ト\n\nー ー =\n\nー′\n\nに g ネ ー ョ\n\nャ +\n\nm\n\nPee\n\nに E 」\n\nレ 上\n\nト マ\n\nF\n\nF S\n\n膚鱒 *ーー\n
page_010_clahe_4.tess.tiled.psm11.clean.txt,C:\Users\User\Downloads\OCR-Engine\ops\page_010_clahe_4.tess.tiled.psm11.clean.txt,2606,False,,,"&eゎと20と2031エ ニ ニ ニ ニ ー ニ ー ニ ニ ー ニ ー デ4. 轍 出Values of Exports( 軸入 )Imports&4? 蓋1 値Rー 一 ー曲 入 主 要 國 別 累ports and Imports by F0...囁「i'悔入)佐R【(fmaHilま1 す でt 璋寓鱒; _| 累 年 比 軽ountries,11081 01015( 輝自 )Exhorts"
page_010_clahe_4.tess.tiled.psm11.normalized.txt,C:\Users\User\Downloads\OCR-Engine\ops\page_010_clahe_4.tess.tiled.psm11.normalized.txt,3545,False,,,&e\nゎ\nと ⑳\nと ⑳\n③ ①\nエ ニ ニ ニ ニ ー ニ ー ニ ニ ー ニ ー デ\n④. 轍 出\nValues of Exports\n( 軸\n入 )\nImports\n& ④\n? 蓋\n① 値\nR\nー 一 ー\n曲 入 主 要 國 別 累\nports and Imports by F0…囁「i'\n悔入)\n佐\nR\n【(fmaHil\nま\n[\n① す で\nt 璋寓鱒; _\n| 累 年 比 軽\nountr
page_010_clahe_4.tess.tiled.psm11.normalized.txt.ollama.suggested.txt,C:\Users\User\Downloads\OCR-Engine\ops\page_010_clahe_4.tess.tiled.psm11.normalized.txt.ollama.suggested.txt,3540,False,,,&e\nゎ\nと ⑳\nと ⑳\n③ ①\nエ ニ ニ ニ ニ ー ニ ー ニ ニ ー ニ ー デ\n④. 轍 出\nValues of Exports\n( 軸\n入 )\nImports\n& ④\n? 蓋\n① 値\nR\nー 一 ー\n曲 入 主 要 國 別 累\nError: unknown flag: --prompt\n悔入)\n佐\nR\n【(fmaHil\nま\n[\n① す で\nt 璋寓鱒; _\n| 累 年 比 軽\nount
page_010_clahe_4.tess.tiled.psm11.txt,C:\Users\User\Downloads\OCR-Engine\ops\page_010_clahe_4.tess.tiled.psm11.txt,4235,False,,,&e\n\nゎ\nと ⑳\nと ⑳\n③ ①\nエ ニ ニ ニ ニ ー ニ ー ニ ニ ー ニ ー デ\n\n④. 轍 出\n\nValues of Exports\n\n( 軸\n\n入 )\n\nImports\n\n& ④\n\n? 蓋\n\n① 値\n\nR\nー 一 ー\n\n曲 入 主 要 國 別 累\n\nports and Imports by F0…囁「i'\n\n悔入)\n\n佐\n\nR\n\n【(fmaHil\n\nま\n\n[\n\n① す で\n\nt 璋寓
page_010_clahe_5.clean.txt,C:\Users\User\Downloads\OCR-Engine\ops\page_010_clahe_5.clean.txt,0,False,,,
page_010_clahe_5.png,C:\Users\User\Downloads\OCR-Engine\ops\page_010_clahe_5.png,37182490,True,,,
page_010_clahe_5.rapid.txt,C:\Users\User\Downloads\OCR-Engine\ops\page_010_clahe_5.rapid.txt,0,False,,,
page_010_clahe_5.tess.tile000.png,C:\Users\User\Downloads\OCR-Engine\ops\page_010_clahe_5.tess.tile000.png,23275,True,,,
page_010_clahe_5.tess.tile000.tess.txt,C:\Users\User\Downloads\OCR-Engine\ops\page_010_clahe_5.tess.tile000.tess.txt,0,False,,,
page_010_clahe_5.tess.tile001.png,C:\Users\User\Downloads\OCR-Engine\ops\page_010_clahe_5.tess.tile001.png,61906,True,,,
page_010_clahe_5.tess.tile001.tess.txt,C:\Users\User\Downloads\OCR-Engine\ops\page_010_clahe_5.tess.tile001.tess.txt,0,False,,,
page_010_clahe_5.tess.tile002.png,C:\Users\User\Downloads\OCR-Engine\ops\page_010_clahe_5.tess.tile002.png,24894,True,,,
page_010_clahe_5.tess.tile002.tess.txt,C:\Users\User\Downloads\OCR-Engine\ops\page_010_clahe_5.tess.tile002.tess.txt,0,False,,,
page_010_clahe_5.tess.tile003.png,C:\Users\User\Downloads\OCR-Engine\ops\page_010_clahe_5.tess.tile003.png,22654,True,,,
page_010_clahe_5.tess.tile003.tess.txt,C:\Users\User\Downloads\OCR-Engine\ops\page_010_clahe_5.tess.tile003.tess.txt,0,False,,,
page_010_clahe_5.tess.tile004.png,C:\Users\User\Downloads\OCR-Engine\ops\page_010_clahe_5.tess.tile004.png,25592,True,,,
page_010_clahe_5.tess.tile004.tess.txt,C:\Users\User\Downloads\OCR-Engine\ops\page_010_clahe_5.tess.tile004.tess.txt,0,False,,,
page_010_clahe_5.tess.tile005.png,C:\Users\User\Downloads\OCR-Engine\ops\page_010_clahe_5.tess.tile005.png,70245,True,,,
page_010_clahe_5.tess.tile005.tess.txt,C:\Users\User\Downloads\OCR-Engine\ops\page_010_clahe_5.tess.tile005.tess.txt,0,False,,,
page_010_clahe_5.tess.tile006.png,C:\Users\User\Downloads\OCR-Engine\ops\page_010_clahe_5.tess.tile006.png,22591,True,,,
page_010_clahe_5.tess.tile006.tess.txt,C:\Users\User\Downloads\OCR-Engine\ops\page_010_clahe_5.tess.tile006.tess.txt,0,False,,,
page_010_clahe_5.tess.tile007.png,C:\Users\User\Downloads\OCR-Engine\ops\page_010_clahe_5.tess.tile007.png,26594,True,,,
page_010_clahe_5.tess.tile007.tess.txt,C:\Users\User\Downloads\OCR-Engine\ops\page_010_clahe_5.tess.tile007.tess.txt,0,False,,,
page_010_clahe_5.tess.tile008.png,C:\Users\User\Downloads\OCR-Engine\ops\page_010_clahe_5.tess.tile008.png,24888,True,,,
page_010_clahe_5.tess.tile008.tess.txt,C:\Users\User\Downloads\OCR-Engine\ops\page_010_clahe_5.tess.tile008.tess.txt,0,False,,,
page_010_clahe_5.tess.tile009.png,C:\Users\User\Downloads\OCR-Engine\ops\page_010_clahe_5.tess.tile009.png,36395,True,,,
page_010_clahe_5.tess.tile009.tess.txt,C:\Users\User\Downloads\OCR-Engine\ops\page_010_clahe_5.tess.tile009.tess.txt,0,False,,,
page_010_clahe_5.tess.tile010.png,C:\Users\User\Downloads\OCR-Engine\ops\page_010_clahe_5.tess.tile010.png,13674,True,,,
page_010_clahe_5.tess.tile010.tess.txt,C:\Users\User\Downloads\OCR-Engine\ops\page_010_clahe_5.tess.tile010.tess.txt,0,False,,,
page_010_clahe_5.tess.tile011.png,C:\Users\User\Downloads\OCR-Engine\ops\page_010_clahe_5.tess.tile011.png,51262,True,,,
page_010_clahe_5.tess.tile011.tess.txt,C:\Users\User\Downloads\OCR-Engine\ops\page_010_clahe_5.tess.tile011.tess.txt,0,False,,,
page_010_clahe_5.tess.tile012.png,C:\Users\User\Downloads\OCR-Engine\ops\page_010_clahe_5.tess.tile012.png,84895,True,,,
page_010_clahe_5.tess.tile012.tess.txt,C:\Users\User\Downloads\OCR-Engine\ops\page_010_clahe_5.tess.tile012.tess.txt,0,False,,,
page_010_clahe_5.tess.tile013.png,C:\Users\User\Downloads\OCR-Engine\ops\page_010_clahe_5.tess.tile013.png,5335,True,,,
page_010_clahe_5.tess.tile013.tess.txt,C:\Users\User\Downloads\OCR-Engine\ops\page_010_clahe_5.tess.tile013.tess.txt,0,False,,,
page_010_clahe_5.tess.tile014.png,C:\Users\User\Downloads\OCR-Engine\ops\page_010_clahe_5.tess.tile014.png,5545,True,,,
page_010_clahe_5.tess.tile014.tess.txt,C:\Users\User\Downloads\OCR-Engine\ops\page_010_clahe_5.tess.tile014.tess.txt,0,False,,,
page_010_clahe_5.tess.tile015.png,C:\Users\User\Downloads\OCR-Engine\ops\page_010_clahe_5.tess.tile015.png,5547,True,,,
page_010_clahe_5.tess.tile015.tess.txt,C:\Users\User\Downloads\OCR-Engine\ops\page_010_clahe_5.tess.tile015.tess.txt,0,False,,,
page_010_clahe_5.tess.tile016.png,C:\Users\User\Downloads\OCR-Engine\ops\page_010_clahe_5.tess.tile016.png,102259,True,,,
page_010_clahe_5.tess.tile016.tess.txt,C:\Users\User\Downloads\OCR-Engine\ops\page_010_clahe_5.tess.tile016.tess.txt,9,False,,,③ ①\n
page_010_clahe_5.tess.tile017.png,C:\Users\User\Downloads\OCR-Engine\ops\page_010_clahe_5.tess.tile017.png,173907,True,,,
page_010_clahe_5.tess.tile017.tess.txt,C:\Users\User\Downloads\OCR-Engine\ops\page_010_clahe_5.tess.tile017.tess.txt,108,False,,,④. 轍 出\n\nValues of Exports\n\n( 輸\n\n入 )\n\nImports\n\n③ 華\n\n【 ま . ①\n\n① 値\n\nR\n
page_010_clahe_5.tess.tile018.png,C:\Users\User\Downloads\OCR-Engine\ops\page_010_clahe_5.tess.tile018.png,220192,True,,,
page_010_clahe_5.tess.tile018.tess.txt,C:\Users\User\Downloads\OCR-Engine\ops\page_010_clahe_5.tess.tile018.tess.txt,125,False,,,朱 入 主 要 國 別 累\n\nPorts and Imports by P0…囁「iー\n\n〝入)\n\n( 苑 和 |\n\n① 0 す 長\n\ng 逢 曹\n
page_010_clahe_5.tess.tile019.png,C:\Users\User\Downloads\OCR-Engine\ops\page_010_clahe_5.tess.tile019.png,193813,True,,,
page_010_clahe_5.tess.tile019.tess.txt,C:\Users\User\Downloads\OCR-Engine\ops\page_010_clahe_5.tess.tile019.tess.txt,121,False,,,"| 累 年 比 軽\n\nountrics, ①0⑧① {0 ①0⑧⑤\n\n( 輝\n\n自 )\n\nExhports\n\n⑪\n\nョ\n\n① 傳\n\n? 磋\n"
page_010_clahe_5.tess.tile020.png,C:\Users\User\Downloads\OCR-Engine\ops\page_010_clahe_5.tess.tile020.png,63775,True,,,
page_010_clahe_5.tess.tile020.tess.txt,C:\Users\User\Downloads\OCR-Engine\ops\page_010_clahe_5.tess.tile020.tess.txt,9,False,,,」 ョ\n
page_010_clahe_5.tess.tile021.png,C:\Users\User\Downloads\OCR-Engine\ops\page_010_clahe_5.tess.tile021.png,19473,True,,,
page_010_clahe_5.tess.tile021.tess.txt,C:\Users\User\Downloads\OCR-Engine\ops\page_010_clahe_5.tess.tile021.tess.txt,0,False,,,
page_010_clahe_5.tess.tile022.png,C:\Users\User\Downloads\OCR-Engine\ops\page_010_clahe_5.tess.tile022.png,67291,True,,,
page_010_clahe_5.tess.tile022.tess.txt,C:\Users\User\Downloads\OCR-Engine\ops\page_010_clahe_5.tess.tile022.tess.txt,3,False,,,|\n
page_010_clahe_5.tess.tile023.png,C:\Users\User\Downloads\OCR-Engine\ops\page_010_clahe_5.tess.tile023.png,88925,True,,,
page_010_clahe_5.tess.tile023.tess.txt,C:\Users\User\Downloads\OCR-Engine\ops\page_010_clahe_5.tess.tile023.tess.txt,0,False,,,
page_010_clahe_5.tess.tile024.png,C:\Users\User\Downloads\OCR-Engine\ops\page_010_clahe_5.tess.tile024.png,5335,True,,,
page_010_clahe_5.tess.tile024.tess.txt,C:\Users\User\Downloads\OCR-Engine\ops\page_010_clahe_5.tess.tile024.tess.txt,0,False,,,
page_010_clahe_5.tess.tile025.png,C:\Users\User\Downloads\OCR-Engine\ops\page_010_clahe_5.tess.tile025.png,5335,True,,,
page_010_clahe_5.tess.tile025.tess.txt,C:\Users\User\Downloads\OCR-Engine\ops\page_010_clahe_5.tess.tile025.tess.txt,0,False,,,
page_010_clahe_5.tess.tile026.png,C:\Users\User\Downloads\OCR-Engine\ops\page_010_clahe_5.tess.tile026.png,5335,True,,,
page_010_clahe_5.tess.tile026.tess.txt,C:\Users\User\Downloads\OCR-Engine\ops\page_010_clahe_5.tess.tile026.tess.txt,0,False,,,
page_010_clahe_5.tess.tile027.png,C:\Users\User\Downloads\OCR-Engine\ops\page_010_clahe_5.tess.tile027.png,118227,True,,,
page_010_clahe_5.tess.tile027.tess.txt,C:\Users\User\Downloads\OCR-Engine\ops\page_010_clahe_5.tess.tile027.tess.txt,6,False,,,ー}\n
page_010_clahe_5.tess.tile028.png,C:\Users\User\Downloads\OCR-Engine\ops\page_010_clahe_5.tess.tile028.png,134859,True,,,
page_010_clahe_5.tess.tile028.tess.txt,C:\Users\User\Downloads\OCR-Engine\ops\page_010_clahe_5.tess.tile028.tess.txt,5,False,,,山\n
page_010_clahe_5.tess.tile029.png,C:\Users\User\Downloads\OCR-Engine\ops\page_010_clahe_5.tess.tile029.png,398936,True,,,
page_010_clahe_5.tess.tile029.tess.txt,C:\Users\User\Downloads\OCR-Engine\ops\page_010_clahe_5.tess.tile029.tess.txt,342,False,,,( 下 舌 R\n\nt TRI\n\n⑤ $ ①\n\n⑲③⑤\n\n⑨\n\nI ① !\n\nH\n\nて\n\n木 jan\n\nョ\n\n中 薇 民 国 Chinn\n\n藻\n\n聴 Kussia\n\n葺 合 判 t Imtuin\n\nに |\n\n鐵 Gerntany\n\n_ 食 江 口 痴 國 り . 豆 A\n\n北\n\n忘 (Nhcrs\n\n惟\n\n⑲③④\n\nH\n\n本 mn\n\n[ ォ\n\n|\n\nI M ①\n\n患 臺 屋 團 れ hin ュ a\n
page_010_clahe_5.tess.tile030.png,C:\Users\User\Downloads\OCR-Engine\ops\page_010_clahe_5.tess.tile030.png,328963,True,,,
page_010_clahe_5.tess.tile030.tess.txt,C:\Users\User\Downloads\OCR-Engine\ops\page_010_clahe_5.tess.tile030.tess.txt,189,False,,,"Nhorts\n\nt TRI\n\n① ③\n\n① 傾\n\n② 儘\n\ni し\n\n=〝' ]~『〕=」}""\n\nrjh\n\nト f\n\n用\n\n」\n\nL は\n\nn\n\nE Rs\n\nEd\n\nP 〝{\n\nす P roee r\n\nTorai l\n\n__ー L\n"
page_010_clahe_5.tess.tile031.png,C:\Users\User\Downloads\OCR-Engine\ops\page_010_clahe_5.tess.tile031.png,75952,True,,,
page_010_clahe_5.tess.tile031.tess.txt,C:\Users\User\Downloads\OCR-Engine\ops\page_010_clahe_5.tess.tile031.tess.txt,8,False,,,誰ー\n
page_010_clahe_5.tess.tile032.png,C:\Users\User\Downloads\OCR-Engine\ops\page_010_clahe_5.tess.tile032.png,14247,True,,,
page_010_clahe_5.tess.tile032.tess.txt,C:\Users\User\Downloads\OCR-Engine\ops\page_010_clahe_5.tess.tile032.tess.txt,0,False,,,
page_010_clahe_5.tess.tile033.png,C:\Users\User\Downloads\OCR-Engine\ops\page_010_clahe_5.tess.tile033.png,90282,True,,,
page_010_clahe_5.tess.tile033.tess.txt,C:\Users\User\Downloads\OCR-Engine\ops\page_010_clahe_5.tess.tile033.tess.txt,0,False,,,
page_010_clahe_5.tess.tile034.png,C:\Users\User\Downloads\OCR-Engine\ops\page_010_clahe_5.tess.tile034.png,85415,True,,,
page_010_clahe_5.tess.tile034.tess.txt,C:\Users\User\Downloads\OCR-Engine\ops\page_010_clahe_5.tess.tile034.tess.txt,9,False,,,丿 ①\n
page_010_clahe_5.tess.tile035.png,C:\Users\User\Downloads\OCR-Engine\ops\page_010_clahe_5.tess.tile035.png,5335,True,,,
page_010_clahe_5.tess.tile035.tess.txt,C:\Users\User\Downloads\OCR-Engine\ops\page_010_clahe_5.tess.tile035.tess.txt,0,False,,,
page_010_clahe_5.tess.tile036.png,C:\Users\User\Downloads\OCR-Engine\ops\page_010_clahe_5.tess.tile036.png,6143,True,,,
page_010_clahe_5.tess.tile036.tess.txt,C:\Users\User\Downloads\OCR-Engine\ops\page_010_clahe_5.tess.tile036.tess.txt,0,False,,,
page_010_clahe_5.tess.tile037.png,C:\Users\User\Downloads\OCR-Engine\ops\page_010_clahe_5.tess.tile037.png,5335,True,,,
page_010_clahe_5.tess.tile037.tess.txt,C:\Users\User\Downloads\OCR-Engine\ops\page_010_clahe_5.tess.tile037.tess.txt,0,False,,,
page_010_clahe_5.tess.tile038.png,C:\Users\User\Downloads\OCR-Engine\ops\page_010_clahe_5.tess.tile038.png,121610,True,,,
page_010_clahe_5.tess.tile038.tess.txt,C:\Users\User\Downloads\OCR-Engine\ops\page_010_clahe_5.tess.tile038.tess.txt,5,False,,,邱\n
page_010_clahe_5.tess.tile039.png,C:\Users\User\Downloads\OCR-Engine\ops\page_010_clahe_5.tess.tile039.png,76010,True,,,
page_010_clahe_5.tess.tile039.tess.txt,C:\Users\User\Downloads\OCR-Engine\ops\page_010_clahe_5.tess.tile039.tess.txt,16,False,,,和\n\n| | | |\n
page_010_clahe_5.tess.tile040.png,C:\Users\User\Downloads\OCR-Engine\ops\page_010_clahe_5.tess.tile040.png,425913,True,,,
page_010_clahe_5.tess.tile040.tess.txt,C:\Users\User\Downloads\OCR-Engine\ops\page_010_clahe_5.tess.tile040.tess.txt,324,False,,,① J W\n\nH\n\n本 mn\n\n[ ォ\n\n市 華 民 国 China\n\n旨\n\n羅 Russi\n\n|\n\n蓋 向 利 岳 .①iikiin\n\n[\n\n判\n\n迷 Gcnnany\n\n食 来 合 絣 崎 U. ⑤ ん ョ\n\n|\n\n弐\n\n他 (thcrs\n\n⑲③③\n\n囁\n\n本 mn\n\n山 す ネ\n\n中驚轟債L…m\n\n臓 Ruzsin\n\nl\n\n` 苑 杏 利 CLintain\n\nh 園\n
page_010_clahe_5.tess.tile041.png,C:\Users\User\Downloads\OCR-Engine\ops\page_010_clahe_5.tess.tile041.png,298815,True,,,
page_010_clahe_5.tess.tile041.tess.txt,C:\Users\User\Downloads\OCR-Engine\ops\page_010_clahe_5.tess.tile041.tess.txt,266,False,,,ド で\n\nP\n\n:\n\nに エ ス\n\nい +\n\nOSomt 種\n\nC\n\nい た\n\ny セ\n\n啓\n\n⑧LPn\n\n① F\n\n詞\n\nャ ェ セ\n\n}f _' _~F\n\nョ\n\nョ す\n\nと 忍\n\nー\n\nW\n\nさ\n\nn ト ー\n\n①\n\nr a\n\nB\n\nYN H\n\nし 侵 0 t ~〟~【_\n\n」 睡\n
page_010_clahe_5.tess.tile042.png,C:\Users\User\Downloads\OCR-Engine\ops\page_010_clahe_5.tess.tile042.png,68509,True,,,
page_010_clahe_5.tess.tile042.tess.txt,C:\Users\User\Downloads\OCR-Engine\ops\page_010_clahe_5.tess.tile042.tess.txt,10,False,,,直\n\n|\n
page_010_clahe_5.tess.tile043.png,C:\Users\User\Downloads\OCR-Engine\ops\page_010_clahe_5.tess.tile043.png,12281,True,,,
page_010_clahe_5.tess.tile043.tess.txt,C:\Users\User\Downloads\OCR-Engine\ops\page_010_clahe_5.tess.tile043.tess.txt,0,False,,,
page_010_clahe_5.tess.tile044.png,C:\Users\User\Downloads\OCR-Engine\ops\page_010_clahe_5.tess.tile044.png,108331,True,,,
page_010_clahe_5.tess.tile044.tess.txt,C:\Users\User\Downloads\OCR-Engine\ops\page_010_clahe_5.tess.tile044.tess.txt,10,False,,,|\n\n′\n
page_010_clahe_5.tess.tile045.png,C:\Users\User\Downloads\OCR-Engine\ops\page_010_clahe_5.tess.tile045.png,101979,True,,,
page_010_clahe_5.tess.tile045.tess.txt,C:\Users\User\Downloads\OCR-Engine\ops\page_010_clahe_5.tess.tile045.tess.txt,8,False,,,|\n\n|\n
page_010_clahe_5.tess.tile046.png,C:\Users\User\Downloads\OCR-Engine\ops\page_010_clahe_5.tess.tile046.png,7814,True,,,
page_010_clahe_5.tess.tile046.tess.txt,C:\Users\User\Downloads\OCR-Engine\ops\page_010_clahe_5.tess.tile046.tess.txt,0,False,,,
page_010_clahe_5.tess.tile047.png,C:\Users\User\Downloads\OCR-Engine\ops\page_010_clahe_5.tess.tile047.png,6332,True,,,
page_010_clahe_5.tess.tile047.tess.txt,C:\Users\User\Downloads\OCR-Engine\ops\page_010_clahe_5.tess.tile047.tess.txt,0,False,,,
page_010_clahe_5.tess.tile048.png,C:\Users\User\Downloads\OCR-Engine\ops\page_010_clahe_5.tess.tile048.png,8322,True,,,
page_010_clahe_5.tess.tile048.tess.txt,C:\Users\User\Downloads\OCR-Engine\ops\page_010_clahe_5.tess.tile048.tess.txt,0,False,,,
page_010_clahe_5.tess.tile049.png,C:\Users\User\Downloads\OCR-Engine\ops\page_010_clahe_5.tess.tile049.png,127908,True,,,
page_010_clahe_5.tess.tile049.tess.txt,C:\Users\User\Downloads\OCR-Engine\ops\page_010_clahe_5.tess.tile049.tess.txt,8,False,,,ー縄\n
page_010_clahe_5.tess.tile050.png,C:\Users\User\Downloads\OCR-Engine\ops\page_010_clahe_5.tess.tile050.png,90793,True,,,
page_010_clahe_5.tess.tile050.tess.txt,C:\Users\User\Downloads\OCR-Engine\ops\page_010_clahe_5.tess.tile050.tess.txt,5,False,,,川\n
page_010_clahe_5.tess.tile051.png,C:\Users\User\Downloads\OCR-Engine\ops\page_010_clahe_5.tess.tile051.png,478121,True,,,
page_010_clahe_5.tess.tile051.tess.txt,C:\Users\User\Downloads\OCR-Engine\ops\page_010_clahe_5.tess.tile051.tess.txt,371,False,,,で 学 和 陳 a\n\n蓬\n\n・ 相 niit\n\n` 茉 者 利 CLiintain 目\n\n翔\n\n逸 Germany\n\n| ` を 水 代 組 岡 り ⑤ 入\n\n炊\n\n仙 UOKhcrs\n\n⑲①②\n\n目\n\nホ mmn\n\n‥_'\n\n… _'_'ー\n\nー 田 華 興 国 China\n\nに れ\n\n` 悔\n\n纂 Russh\n\n向 英 宮 月 GLldkin\n\n| _{\n\n蝉\n\n邉 Ccmany\n\nに 子来 
page_010_clahe_5.tess.tile052.png,C:\Users\User\Downloads\OCR-Engine\ops\page_010_clahe_5.tess.tile052.png,314208,True,,,
page_010_clahe_5.tess.tile052.tess.txt,C:\Users\User\Downloads\OCR-Engine\ops\page_010_clahe_5.tess.tile052.tess.txt,155,False,,,Yre e\n\nf。 K ト\n\nert\n\n欅璽鵬朧蘆縄臀\n\nぜ\n\n地\n\nー イ ド マ WAtNt\n\ne\n\nS 迦 す\n\nl\n\n|\n\nu\n\nー'「{\n\n計 | |\n\n見\n
page_010_clahe_5.tess.tile053.png,C:\Users\User\Downloads\OCR-Engine\ops\page_010_clahe_5.tess.tile053.png,71543,True,,,
page_010_clahe_5.tess.tile053.tess.txt,C:\Users\User\Downloads\OCR-Engine\ops\page_010_clahe_5.tess.tile053.tess.txt,18,False,,,W\n\n|\n\nーー\n
page_010_clahe_5.tess.tile054.png,C:\Users\User\Downloads\OCR-Engine\ops\page_010_clahe_5.tess.tile054.png,12099,True,,,
page_010_clahe_5.tess.tile054.tess.txt,C:\Users\User\Downloads\OCR-Engine\ops\page_010_clahe_5.tess.tile054.tess.txt,0,False,,,
page_010_clahe_5.tess.tile055.png,C:\Users\User\Downloads\OCR-Engine\ops\page_010_clahe_5.tess.tile055.png,104976,True,,,
page_010_clahe_5.tess.tile055.tess.txt,C:\Users\User\Downloads\OCR-Engine\ops\page_010_clahe_5.tess.tile055.tess.txt,0,False,,,
page_010_clahe_5.tess.tile056.png,C:\Users\User\Downloads\OCR-Engine\ops\page_010_clahe_5.tess.tile056.png,96913,True,,,
page_010_clahe_5.tess.tile056.tess.txt,C:\Users\User\Downloads\OCR-Engine\ops\page_010_clahe_5.tess.tile056.tess.txt,0,False,,,
page_010_clahe_5.tess.tile057.png,C:\Users\User\Downloads\OCR-Engine\ops\page_010_clahe_5.tess.tile057.png,7884,True,,,
page_010_clahe_5.tess.tile057.tess.txt,C:\Users\User\Downloads\OCR-Engine\ops\page_010_clahe_5.tess.tile057.tess.txt,0,False,,,
page_010_clahe_5.tess.tile058.png,C:\Users\User\Downloads\OCR-Engine\ops\page_010_clahe_5.tess.tile058.png,5358,True,,,
page_010_clahe_5.tess.tile058.tess.txt,C:\Users\User\Downloads\OCR-Engine\ops\page_010_clahe_5.tess.tile058.tess.txt,0,False,,,
page_010_clahe_5.tess.tile059.png,C:\Users\User\Downloads\OCR-Engine\ops\page_010_clahe_5.tess.tile059.png,6040,True,,,
page_010_clahe_5.tess.tile059.tess.txt,C:\Users\User\Downloads\OCR-Engine\ops\page_010_clahe_5.tess.tile059.tess.txt,0,False,,,
page_010_clahe_5.tess.tile060.png,C:\Users\User\Downloads\OCR-Engine\ops\page_010_clahe_5.tess.tile060.png,127111,True,,,
page_010_clahe_5.tess.tile060.tess.txt,C:\Users\User\Downloads\OCR-Engine\ops\page_010_clahe_5.tess.tile060.tess.txt,9,False,,,③0⑥\n
page_010_clahe_5.tess.tile061.png,C:\Users\User\Downloads\OCR-Engine\ops\page_010_clahe_5.tess.tile061.png,113129,True,,,
page_010_clahe_5.tess.tile061.tess.txt,C:\Users\User\Downloads\OCR-Engine\ops\page_010_clahe_5.tess.tile061.tess.txt,16,False,,,旧 目\n\n川\n
page_010_clahe_5.tess.tile062.png,C:\Users\User\Downloads\OCR-Engine\ops\page_010_clahe_5.tess.tile062.png,487397,True,,,
page_010_clahe_5.tess.tile062.tess.txt,C:\Users\User\Downloads\OCR-Engine\ops\page_010_clahe_5.tess.tile062.tess.txt,482,False,,,ド 左 途 C 」 啓 に k に u\n\n蝉\n\n邉 Gcrmuany\n\n| '{\n\n食 来 食 定 鋼 U. S ん\n\n(\n\n共\n\n他 (thcrs\n\n⑲③①\n\n日\n\nよ お k 旭\n\nー\n\nー\n\nす\n\n本 hhmm\n\n①\n\n` 巾 潜 民 国 China 、\n\n⑯ 芋\n\n`\n\n⑪\n\n茂\n\n輝 Russia\n\n⑧\n\nェ F の\n\n` 茉 貢 刑 QLBrikin ESy\n\n` 蝉\n\n鶴 Gcnna
page_010_clahe_5.tess.tile063.png,C:\Users\User\Downloads\OCR-Engine\ops\page_010_clahe_5.tess.tile063.png,370810,True,,,
page_010_clahe_5.tess.tile063.tess.txt,C:\Users\User\Downloads\OCR-Engine\ops\page_010_clahe_5.tess.tile063.tess.txt,217,False,,,")\n\nu\n\nUM\n\nよ ド ker 糾 向\n\nC\n\nー]〕\n\n⑪` "" 託 ead が or\n\nは\n\nて m e\n\nj rue f\n\nェ ド {」ー\n\ny\n\n( 宇\n\n幽 |\n\neml\n\nい ま 赦 れ\n\n|\n\nI 醐 旨\n\nI\n\n?\n\n弧\n\n①\n"
page_010_clahe_5.tess.tile064.png,C:\Users\User\Downloads\OCR-Engine\ops\page_010_clahe_5.tess.tile064.png,85807,True,,,
page_010_clahe_5.tess.tile064.tess.txt,C:\Users\User\Downloads\OCR-Engine\ops\page_010_clahe_5.tess.tile064.tess.txt,17,False,,,相\n\nW\n\n言\n
page_010_clahe_5.tess.tile065.png,C:\Users\User\Downloads\OCR-Engine\ops\page_010_clahe_5.tess.tile065.png,5005,True,,,
page_010_clahe_5.tess.tile065.tess.txt,C:\Users\User\Downloads\OCR-Engine\ops\page_010_clahe_5.tess.tile065.tess.txt,0,False,,,
page_010_clahe_5.tess.tile066.png,C:\Users\User\Downloads\OCR-Engine\ops\page_010_clahe_5.tess.tile066.png,83899,True,,,
page_010_clahe_5.tess.tile066.tess.txt,C:\Users\User\Downloads\OCR-Engine\ops\page_010_clahe_5.tess.tile066.tess.txt,7,False,,,ョ a\n
page_010_clahe_5.tess.tile067.png,C:\Users\User\Downloads\OCR-Engine\ops\page_010_clahe_5.tess.tile067.png,89242,True,,,
page_010_clahe_5.tess.tile067.tess.txt,C:\Users\User\Downloads\OCR-Engine\ops\page_010_clahe_5.tess.tile067.tess.txt,16,False,,,け\n\nョ ュ\n
page_010_clahe_5.tess.tile068.png,C:\Users\User\Downloads\OCR-Engine\ops\page_010_clahe_5.tess.tile068.png,19796,True,,,
page_010_clahe_5.tess.tile068.tess.txt,C:\Users\User\Downloads\OCR-Engine\ops\page_010_clahe_5.tess.tile068.tess.txt,0,False,,,
page_010_clahe_5.tess.tile069.png,C:\Users\User\Downloads\OCR-Engine\ops\page_010_clahe_5.tess.tile069.png,16441,True,,,
page_010_clahe_5.tess.tile069.tess.txt,C:\Users\User\Downloads\OCR-Engine\ops\page_010_clahe_5.tess.tile069.tess.txt,0,False,,,
page_010_clahe_5.tess.tile070.png,C:\Users\User\Downloads\OCR-Engine\ops\page_010_clahe_5.tess.tile070.png,23836,True,,,
page_010_clahe_5.tess.tile070.tess.txt,C:\Users\User\Downloads\OCR-Engine\ops\page_010_clahe_5.tess.tile070.tess.txt,0,False,,,
page_010_clahe_5.tess.tile071.png,C:\Users\User\Downloads\OCR-Engine\ops\page_010_clahe_5.tess.tile071.png,119514,True,,,
page_010_clahe_5.tess.tile071.tess.txt,C:\Users\User\Downloads\OCR-Engine\ops\page_010_clahe_5.tess.tile071.tess.txt,39,False,,,③0⑥\n\nー ニ ーー 一 一 一\n
page_010_clahe_5.tess.tile072.png,C:\Users\User\Downloads\OCR-Engine\ops\page_010_clahe_5.tess.tile072.png,88965,True,,,
page_010_clahe_5.tess.tile072.tess.txt,C:\Users\User\Downloads\OCR-Engine\ops\page_010_clahe_5.tess.tile072.tess.txt,48,False,,,I\n\n山\n\n縄\n\nI\n\n⑤\n\nし\n\nー\n\n0\n
page_010_clahe_5.tess.tile073.png,C:\Users\User\Downloads\OCR-Engine\ops\page_010_clahe_5.tess.tile073.png,152826,True,,,
page_010_clahe_5.tess.tile073.tess.txt,C:\Users\User\Downloads\OCR-Engine\ops\page_010_clahe_5.tess.tile073.tess.txt,107,False,,,談 d 0 し こ\n\nし T\n\nし M\n\n他 (胸ブ\n\n0\n\n⑤0 ③0 ID\n\n①0 ⑳\n\nANiillinn\n\nNMilfnn\n
page_010_clahe_5.tess.tile074.png,C:\Users\User\Downloads\OCR-Engine\ops\page_010_clahe_5.tess.tile074.png,125189,True,,,
page_010_clahe_5.tess.tile074.tess.txt,C:\Users\User\Downloads\OCR-Engine\ops\page_010_clahe_5.tess.tile074.tess.txt,66,False,,,喪 e\n\nュ す ャ ①\n\nー0 腑 恥\n\nI\n\n?Ul\n\nR\n\ninn\n
page_010_clahe_5.tess.tile075.png,C:\Users\User\Downloads\OCR-Engine\ops\page_010_clahe_5.tess.tile075.png,68940,True,,,
page_010_clahe_5.tess.tile075.tess.txt,C:\Users\User\Downloads\OCR-Engine\ops\page_010_clahe_5.tess.tile075.tess.txt,5,False,,,ー\n
page_010_clahe_5.tess.tile076.png,C:\Users\User\Downloads\OCR-Engine\ops\page_010_clahe_5.tess.tile076.png,11579,True,,,
page_010_clahe_5.tess.tile076.tess.txt,C:\Users\User\Downloads\OCR-Engine\ops\page_010_clahe_5.tess.tile076.tess.txt,0,False,,,
page_010_clahe_5.tess.tile077.png,C:\Users\User\Downloads\OCR-Engine\ops\page_010_clahe_5.tess.tile077.png,9846,True,,,
page_010_clahe_5.tess.tile077.tess.txt,C:\Users\User\Downloads\OCR-Engine\ops\page_010_clahe_5.tess.tile077.tess.txt,0,False,,,
page_010_clahe_5.tess.tile078.png,C:\Users\User\Downloads\OCR-Engine\ops\page_010_clahe_5.tess.tile078.png,14631,True,,,
page_010_clahe_5.tess.tile078.tess.txt,C:\Users\User\Downloads\OCR-Engine\ops\page_010_clahe_5.tess.tile078.tess.txt,0,False,,,
page_010_clahe_5.tess.tile079.png,C:\Users\User\Downloads\OCR-Engine\ops\page_010_clahe_5.tess.tile079.png,7365,True,,,
page_010_clahe_5.tess.tile079.tess.txt,C:\Users\User\Downloads\OCR-Engine\ops\page_010_clahe_5.tess.tile079.tess.txt,3,False,,,0\n
page_010_clahe_5.tess.tile080.png,C:\Users\User\Downloads\OCR-Engine\ops\page_010_clahe_5.tess.tile080.png,8091,True,,,
page_010_clahe_5.tess.tile080.tess.txt,C:\Users\User\Downloads\OCR-Engine\ops\page_010_clahe_5.tess.tile080.tess.txt,0,False,,,
page_010_clahe_5.tess.tile081.png,C:\Users\User\Downloads\OCR-Engine\ops\page_010_clahe_5.tess.tile081.png,16244,True,,,
page_010_clahe_5.tess.tile081.tess.txt,C:\Users\User\Downloads\OCR-Engine\ops\page_010_clahe_5.tess.tile081.tess.txt,0,False,,,
page_010_clahe_5.tess.tile082.png,C:\Users\User\Downloads\OCR-Engine\ops\page_010_clahe_5.tess.tile082.png,7441,True,,,
page_010_clahe_5.tess.tile082.tess.txt,C:\Users\User\Downloads\OCR-Engine\ops\page_010_clahe_5.tess.tile082.tess.txt,0,False,,,
page_010_clahe_5.tess.tile083.png,C:\Users\User\Downloads\OCR-Engine\ops\page_010_clahe_5.tess.tile083.png,18171,True,,,
page_010_clahe_5.tess.tile083.tess.txt,C:\Users\User\Downloads\OCR-Engine\ops\page_010_clahe_5.tess.tile083.tess.txt,10,False,,,ピ\n\nf\n
page_010_clahe_5.tess.tile084.png,C:\Users\User\Downloads\OCR-Engine\ops\page_010_clahe_5.tess.tile084.png,15808,True,,,
page_010_clahe_5.tess.tile084.tess.txt,C:\Users\User\Downloads\OCR-Engine\ops\page_010_clahe_5.tess.tile084.tess.txt,0,False,,,
page_010_clahe_5.tess.tile085.png,C:\Users\User\Downloads\OCR-Engine\ops\page_010_clahe_5.tess.tile085.png,98729,True,,,
page_010_clahe_5.tess.tile085.tess.txt,C:\Users\User\Downloads\OCR-Engine\ops\page_010_clahe_5.tess.tile085.tess.txt,141,False,,,定 ー 佐 、\n\nョ d\n\nさ と ・ に E\n\n〔縄\n\nキ ー キ\n\nに 沼 綱\n\nキ ー ド\n\nこ ご 【\n\nに す き\n\nm に\n
page_010_clahe_5.tess.tile086.png,C:\Users\User\Downloads\OCR-Engine\ops\page_010_clahe_5.tess.tile086.png,252794,True,,,
page_010_clahe_5.tess.tile086.tess.txt,C:\Users\User\Downloads\OCR-Engine\ops\page_010_clahe_5.tess.tile086.tess.txt,506,False,,,ゃ\n\n乾 b\n\nL 。\n\nョ ー\n\nで\n\nォ ー\n\nn R\n\na 亀′\n\nォ\n\nさ\n\nし\n\n.'~` 縄.\n\nー~'弐\n\nテ ー ′\n\nゅ\n\n_・{ュ州 ` e\n\nに\n\nゅ\n\n]\n\nー甜 L_~] :\n\n①\n\nu\n\na\n\nコ ュ\n\nォ\n\nョ a\n\n一`_~ L |\n\n・~-\n\nE\n\nミ ま\n\nめ 頼 0 啓\n\nj ー\n\ntN⑨ ② さ ⑧h 〝二.L〝尹\n\nーー ル ー モ レ ー ム ー リ ー
page_010_clahe_5.tess.tile087.png,C:\Users\User\Downloads\OCR-Engine\ops\page_010_clahe_5.tess.tile087.png,127876,True,,,
page_010_clahe_5.tess.tile087.tess.txt,C:\Users\User\Downloads\OCR-Engine\ops\page_010_clahe_5.tess.tile087.tess.txt,232,False,,,"①。\n\na コ\n\nl\n\nげ~ー_ 縄~_′~ ア ー\n\nー シ ー ー ー ト\n\n鬼ー ョ m マ\n\nー=\n\ng ー ョ\n\nャ ュ\n\n[ 報 ①\n\nPee\n\nに 」\n\nレ 一\n\nー ト ー 一\n\nず\n\nラ ー ョ\n\n膚鱒 ,ーー\n"
page_010_clahe_5.tess.tiled.psm11.clean.txt,C:\Users\User\Downloads\OCR-Engine\ops\page_010_clahe_5.tess.tiled.psm11.clean.txt,2548,False,,,"314. 轍 出Values of Exports( 輸入 )Imports3 華【 ま .11 値R朱 入 主 要 國 別 累Ports and Imports by P0...囁「iー〝入)( 苑 和 10 す 長g 逢 曹| 累 年 比 軽ountrics,1081 01085( 輝自 )Exhports11ョ1 傳? 磋」 ョ|ー}山( 下 舌 Rt TRI5 $119359I1 !Hて木"
page_010_clahe_5.tess.tiled.psm11.normalized.txt,C:\Users\User\Downloads\OCR-Engine\ops\page_010_clahe_5.tess.tiled.psm11.normalized.txt,3423,False,,,"③ ①\n④. 轍 出\nValues of Exports\n( 輸\n入 )\nImports\n③ 華\n【 ま . ①\n① 値\nR\n朱 入 主 要 國 別 累\nPorts and Imports by P0…囁「iー\n〝入)\n( 苑 和 |\n① 0 す 長\ng 逢 曹\n| 累 年 比 軽\nountrics, ①0⑧① {0 ①0⑧⑤\n( 輝\n自 )\nExhports\n⑪\nョ\n① 傳\n? 磋\n」 ョ\n|\n"
page_010_clahe_5.tess.tiled.psm11.normalized.txt.ollama.suggested.txt,C:\Users\User\Downloads\OCR-Engine\ops\page_010_clahe_5.tess.tiled.psm11.normalized.txt.ollama.suggested.txt,3439,False,,,"③ ①\n④. 轍 出\nValues of Exports\n( 輸\n入 )\nImports\n③ 華\nError: unknown flag: --prompt\n① 値\nR\n朱 入 主 要 國 別 累\nPorts and Imports by P0…囁「iー\n〝入)\n( 苑 和 |\n① 0 す 長\ng 逢 曹\n| 累 年 比 軽\nountrics, ①0⑧① {0 ①0⑧⑤\n( 輝\n自 )\nExhpo"
page_010_clahe_5.tess.tiled.psm11.txt,C:\Users\User\Downloads\OCR-Engine\ops\page_010_clahe_5.tess.tiled.psm11.txt,4049,False,,,"③ ①\n④. 轍 出\n\nValues of Exports\n\n( 輸\n\n入 )\n\nImports\n\n③ 華\n\n【 ま . ①\n\n① 値\n\nR\n朱 入 主 要 國 別 累\n\nPorts and Imports by P0…囁「iー\n\n〝入)\n\n( 苑 和 |\n\n① 0 す 長\n\ng 逢 曹\n| 累 年 比 軽\n\nountrics, ①0⑧① {0 ①0⑧⑤\n\n( 輝\n\n自 )\n\nExhports\n\n"
page_010_clahe_6.clean.txt,C:\Users\User\Downloads\OCR-Engine\ops\page_010_clahe_6.clean.txt,0,False,,,
page_010_clahe_6.png,C:\Users\User\Downloads\OCR-Engine\ops\page_010_clahe_6.png,2127673,True,,,
page_010_clahe_6.rapid.txt,C:\Users\User\Downloads\OCR-Engine\ops\page_010_clahe_6.rapid.txt,0,False,,,
page_010_clahe_6.tess.tile000.png,C:\Users\User\Downloads\OCR-Engine\ops\page_010_clahe_6.tess.tile000.png,22416,True,,,
page_010_clahe_6.tess.tile000.tess.txt,C:\Users\User\Downloads\OCR-Engine\ops\page_010_clahe_6.tess.tile000.tess.txt,0,False,,,
page_010_clahe_6.tess.tile001.png,C:\Users\User\Downloads\OCR-Engine\ops\page_010_clahe_6.tess.tile001.png,59053,True,,,
page_010_clahe_6.tess.tile001.tess.txt,C:\Users\User\Downloads\OCR-Engine\ops\page_010_clahe_6.tess.tile001.tess.txt,0,False,,,
page_010_clahe_6.tess.tile002.png,C:\Users\User\Downloads\OCR-Engine\ops\page_010_clahe_6.tess.tile002.png,23682,True,,,
page_010_clahe_6.tess.tile002.tess.txt,C:\Users\User\Downloads\OCR-Engine\ops\page_010_clahe_6.tess.tile002.tess.txt,0,False,,,
page_010_clahe_6.tess.tile003.png,C:\Users\User\Downloads\OCR-Engine\ops\page_010_clahe_6.tess.tile003.png,21510,True,,,
page_010_clahe_6.tess.tile003.tess.txt,C:\Users\User\Downloads\OCR-Engine\ops\page_010_clahe_6.tess.tile003.tess.txt,0,False,,,
page_010_clahe_6.tess.tile004.png,C:\Users\User\Downloads\OCR-Engine\ops\page_010_clahe_6.tess.tile004.png,24058,True,,,
page_010_clahe_6.tess.tile004.tess.txt,C:\Users\User\Downloads\OCR-Engine\ops\page_010_clahe_6.tess.tile004.tess.txt,0,False,,,
page_010_clahe_6.tess.tile005.png,C:\Users\User\Downloads\OCR-Engine\ops\page_010_clahe_6.tess.tile005.png,66728,True,,,
page_010_clahe_6.tess.tile005.tess.txt,C:\Users\User\Downloads\OCR-Engine\ops\page_010_clahe_6.tess.tile005.tess.txt,0,False,,,
page_010_clahe_6.tess.tile006.png,C:\Users\User\Downloads\OCR-Engine\ops\page_010_clahe_6.tess.tile006.png,21706,True,,,
page_010_clahe_6.tess.tile006.tess.txt,C:\Users\User\Downloads\OCR-Engine\ops\page_010_clahe_6.tess.tile006.tess.txt,0,False,,,
page_010_clahe_6.tess.tile007.png,C:\Users\User\Downloads\OCR-Engine\ops\page_010_clahe_6.tess.tile007.png,25427,True,,,
page_010_clahe_6.tess.tile007.tess.txt,C:\Users\User\Downloads\OCR-Engine\ops\page_010_clahe_6.tess.tile007.tess.txt,0,False,,,
page_010_clahe_6.tess.tile008.png,C:\Users\User\Downloads\OCR-Engine\ops\page_010_clahe_6.tess.tile008.png,23806,True,,,
page_010_clahe_6.tess.tile008.tess.txt,C:\Users\User\Downloads\OCR-Engine\ops\page_010_clahe_6.tess.tile008.tess.txt,0,False,,,
page_010_clahe_6.tess.tile009.png,C:\Users\User\Downloads\OCR-Engine\ops\page_010_clahe_6.tess.tile009.png,34307,True,,,
page_010_clahe_6.tess.tile009.tess.txt,C:\Users\User\Downloads\OCR-Engine\ops\page_010_clahe_6.tess.tile009.tess.txt,0,False,,,
page_010_clahe_6.tess.tile010.png,C:\Users\User\Downloads\OCR-Engine\ops\page_010_clahe_6.tess.tile010.png,12987,True,,,
page_010_clahe_6.tess.tile010.tess.txt,C:\Users\User\Downloads\OCR-Engine\ops\page_010_clahe_6.tess.tile010.tess.txt,0,False,,,
page_010_clahe_6.tess.tile011.png,C:\Users\User\Downloads\OCR-Engine\ops\page_010_clahe_6.tess.tile011.png,48715,True,,,
page_010_clahe_6.tess.tile011.tess.txt,C:\Users\User\Downloads\OCR-Engine\ops\page_010_clahe_6.tess.tile011.tess.txt,0,False,,,
page_010_clahe_6.tess.tile012.png,C:\Users\User\Downloads\OCR-Engine\ops\page_010_clahe_6.tess.tile012.png,81249,True,,,
page_010_clahe_6.tess.tile012.tess.txt,C:\Users\User\Downloads\OCR-Engine\ops\page_010_clahe_6.tess.tile012.tess.txt,0,False,,,
page_010_clahe_6.tess.tile013.png,C:\Users\User\Downloads\OCR-Engine\ops\page_010_clahe_6.tess.tile013.png,5335,True,,,
page_010_clahe_6.tess.tile013.tess.txt,C:\Users\User\Downloads\OCR-Engine\ops\page_010_clahe_6.tess.tile013.tess.txt,0,False,,,
page_010_clahe_6.tess.tile014.png,C:\Users\User\Downloads\OCR-Engine\ops\page_010_clahe_6.tess.tile014.png,5552,True,,,
page_010_clahe_6.tess.tile014.tess.txt,C:\Users\User\Downloads\OCR-Engine\ops\page_010_clahe_6.tess.tile014.tess.txt,0,False,,,
page_010_clahe_6.tess.tile015.png,C:\Users\User\Downloads\OCR-Engine\ops\page_010_clahe_6.tess.tile015.png,5545,True,,,
page_010_clahe_6.tess.tile015.tess.txt,C:\Users\User\Downloads\OCR-Engine\ops\page_010_clahe_6.tess.tile015.tess.txt,0,False,,,
page_010_clahe_6.tess.tile016.png,C:\Users\User\Downloads\OCR-Engine\ops\page_010_clahe_6.tess.tile016.png,98963,True,,,
page_010_clahe_6.tess.tile016.tess.txt,C:\Users\User\Downloads\OCR-Engine\ops\page_010_clahe_6.tess.tile016.tess.txt,3,False,,,|\n
page_010_clahe_6.tess.tile017.png,C:\Users\User\Downloads\OCR-Engine\ops\page_010_clahe_6.tess.tile017.png,168868,True,,,
page_010_clahe_6.tess.tile017.tess.txt,C:\Users\User\Downloads\OCR-Engine\ops\page_010_clahe_6.tess.tile017.tess.txt,108,False,,,④. 轍 出\n\nValues of Exports\n\n( 輸\n\n入 )\n\nImports\n\n③ 華\n\n【 ま . ①\n\n① 俸\n\nR\n
page_010_clahe_6.tess.tile018.png,C:\Users\User\Downloads\OCR-Engine\ops\page_010_clahe_6.tess.tile018.png,213311,True,,,
page_010_clahe_6.tess.tile018.tess.txt,C:\Users\User\Downloads\OCR-Engine\ops\page_010_clahe_6.tess.tile018.tess.txt,147,False,,,朱 入 主 要 國 別 累\n\nports and Iimports by P0…ー…ー\n\n艶入)\n\n佐\n\n⑤ $ ①\n\n( 下 舌 国 l\n\n①0⑨ で\n\ng 沼 変\n
page_010_clahe_6.tess.tile019.png,C:\Users\User\Downloads\OCR-Engine\ops\page_010_clahe_6.tess.tile019.png,187522,True,,,
page_010_clahe_6.tess.tile019.tess.txt,C:\Users\User\Downloads\OCR-Engine\ops\page_010_clahe_6.tess.tile019.tess.txt,137,False,,,"| 累 年 比 軽\n\nountrics, ①0⑧① to ⑲0⑧③⑤\n\n( 輝\n\n自 )\n\nExhports\n\nt TRI\n\nー\n\nョ 暗\n\n① 傳\n\n? 磋\n"
page_010_clahe_6.tess.tile020.png,C:\Users\User\Downloads\OCR-Engine\ops\page_010_clahe_6.tess.tile020.png,60994,True,,,
page_010_clahe_6.tess.tile020.tess.txt,C:\Users\User\Downloads\OCR-Engine\ops\page_010_clahe_6.tess.tile020.tess.txt,9,False,,,」 ョ\n
page_010_clahe_6.tess.tile021.png,C:\Users\User\Downloads\OCR-Engine\ops\page_010_clahe_6.tess.tile021.png,18560,True,,,
page_010_clahe_6.tess.tile021.tess.txt,C:\Users\User\Downloads\OCR-Engine\ops\page_010_clahe_6.tess.tile021.tess.txt,0,False,,,
page_010_clahe_6.tess.tile022.png,C:\Users\User\Downloads\OCR-Engine\ops\page_010_clahe_6.tess.tile022.png,64203,True,,,
page_010_clahe_6.tess.tile022.tess.txt,C:\Users\User\Downloads\OCR-Engine\ops\page_010_clahe_6.tess.tile022.tess.txt,3,False,,,|\n
page_010_clahe_6.tess.tile023.png,C:\Users\User\Downloads\OCR-Engine\ops\page_010_clahe_6.tess.tile023.png,85272,True,,,
page_010_clahe_6.tess.tile023.tess.txt,C:\Users\User\Downloads\OCR-Engine\ops\page_010_clahe_6.tess.tile023.tess.txt,0,False,,,
page_010_clahe_6.tess.tile024.png,C:\Users\User\Downloads\OCR-Engine\ops\page_010_clahe_6.tess.tile024.png,5335,True,,,
page_010_clahe_6.tess.tile024.tess.txt,C:\Users\User\Downloads\OCR-Engine\ops\page_010_clahe_6.tess.tile024.tess.txt,0,False,,,
page_010_clahe_6.tess.tile025.png,C:\Users\User\Downloads\OCR-Engine\ops\page_010_clahe_6.tess.tile025.png,5335,True,,,
page_010_clahe_6.tess.tile025.tess.txt,C:\Users\User\Downloads\OCR-Engine\ops\page_010_clahe_6.tess.tile025.tess.txt,0,False,,,
page_010_clahe_6.tess.tile026.png,C:\Users\User\Downloads\OCR-Engine\ops\page_010_clahe_6.tess.tile026.png,5335,True,,,
page_010_clahe_6.tess.tile026.tess.txt,C:\Users\User\Downloads\OCR-Engine\ops\page_010_clahe_6.tess.tile026.tess.txt,0,False,,,
page_010_clahe_6.tess.tile027.png,C:\Users\User\Downloads\OCR-Engine\ops\page_010_clahe_6.tess.tile027.png,115314,True,,,
page_010_clahe_6.tess.tile027.tess.txt,C:\Users\User\Downloads\OCR-Engine\ops\page_010_clahe_6.tess.tile027.tess.txt,6,False,,,ー}\n
page_010_clahe_6.tess.tile028.png,C:\Users\User\Downloads\OCR-Engine\ops\page_010_clahe_6.tess.tile028.png,131227,True,,,
page_010_clahe_6.tess.tile028.tess.txt,C:\Users\User\Downloads\OCR-Engine\ops\page_010_clahe_6.tess.tile028.tess.txt,5,False,,,山\n
page_010_clahe_6.tess.tile029.png,C:\Users\User\Downloads\OCR-Engine\ops\page_010_clahe_6.tess.tile029.png,386139,True,,,
page_010_clahe_6.tess.tile029.tess.txt,C:\Users\User\Downloads\OCR-Engine\ops\page_010_clahe_6.tess.tile029.tess.txt,327,False,,,( 下 舌 国 l\n\nt TRI\n\n⑤ $ ①\n\n⑲③⑤\n\nI ① !\n\nて i\n\nJammn\n\n田 澱 民 国 Chinn\n\n聴 Kussia\n\n葉 吉 判 ( は t timtun\n\n覇\n\n鐵 Germtuany\n\n」 北 米 向 烏 國 り ⑤ ん\n\n北\n\n他 `Nhcrs\n\n惟\n\n⑲③④\n\nH\n\n本 mn\n\n[ ォ\n\n|\n\nI ① ①\n\n志 壊 尺 團 れ hin ュ\n
page_010_clahe_6.tess.tile030.png,C:\Users\User\Downloads\OCR-Engine\ops\page_010_clahe_6.tess.tile030.png,320939,True,,,
page_010_clahe_6.tess.tile030.tess.txt,C:\Users\User\Downloads\OCR-Engine\ops\page_010_clahe_6.tess.tile030.tess.txt,210,False,,,]\n\nExhports\n\nt TRI\n\n① ③\n\n① 価\n\n② 傾\n\ni し\n\nF\n\nRE\n\n囃)“才翻`\n\nゃ 湯 宇\n\nrB\n\nr\n\n⑧\n\nL は\n\nn\n\n⑨ ド\n\nさ\n\nEd\n\nP 〝{\n\n旭\n\n~*「\n\nR\n\nT\n\nWR F\n
page_010_clahe_6.tess.tile031.png,C:\Users\User\Downloads\OCR-Engine\ops\page_010_clahe_6.tess.tile031.png,73651,True,,,
page_010_clahe_6.tess.tile031.tess.txt,C:\Users\User\Downloads\OCR-Engine\ops\page_010_clahe_6.tess.tile031.tess.txt,9,False,,,{縄ー\n
page_010_clahe_6.tess.tile032.png,C:\Users\User\Downloads\OCR-Engine\ops\page_010_clahe_6.tess.tile032.png,13553,True,,,
page_010_clahe_6.tess.tile032.tess.txt,C:\Users\User\Downloads\OCR-Engine\ops\page_010_clahe_6.tess.tile032.tess.txt,0,False,,,
page_010_clahe_6.tess.tile033.png,C:\Users\User\Downloads\OCR-Engine\ops\page_010_clahe_6.tess.tile033.png,85700,True,,,
page_010_clahe_6.tess.tile033.tess.txt,C:\Users\User\Downloads\OCR-Engine\ops\page_010_clahe_6.tess.tile033.tess.txt,0,False,,,
page_010_clahe_6.tess.tile034.png,C:\Users\User\Downloads\OCR-Engine\ops\page_010_clahe_6.tess.tile034.png,81332,True,,,
page_010_clahe_6.tess.tile034.tess.txt,C:\Users\User\Downloads\OCR-Engine\ops\page_010_clahe_6.tess.tile034.tess.txt,0,False,,,
page_010_clahe_6.tess.tile035.png,C:\Users\User\Downloads\OCR-Engine\ops\page_010_clahe_6.tess.tile035.png,5335,True,,,
page_010_clahe_6.tess.tile035.tess.txt,C:\Users\User\Downloads\OCR-Engine\ops\page_010_clahe_6.tess.tile035.tess.txt,0,False,,,
page_010_clahe_6.tess.tile036.png,C:\Users\User\Downloads\OCR-Engine\ops\page_010_clahe_6.tess.tile036.png,6095,True,,,
page_010_clahe_6.tess.tile036.tess.txt,C:\Users\User\Downloads\OCR-Engine\ops\page_010_clahe_6.tess.tile036.tess.txt,0,False,,,
page_010_clahe_6.tess.tile037.png,C:\Users\User\Downloads\OCR-Engine\ops\page_010_clahe_6.tess.tile037.png,5335,True,,,
page_010_clahe_6.tess.tile037.tess.txt,C:\Users\User\Downloads\OCR-Engine\ops\page_010_clahe_6.tess.tile037.tess.txt,0,False,,,
page_010_clahe_6.tess.tile038.png,C:\Users\User\Downloads\OCR-Engine\ops\page_010_clahe_6.tess.tile038.png,117893,True,,,
page_010_clahe_6.tess.tile038.tess.txt,C:\Users\User\Downloads\OCR-Engine\ops\page_010_clahe_6.tess.tile038.tess.txt,5,False,,,邱\n
page_010_clahe_6.tess.tile039.png,C:\Users\User\Downloads\OCR-Engine\ops\page_010_clahe_6.tess.tile039.png,74572,True,,,
page_010_clahe_6.tess.tile039.tess.txt,C:\Users\User\Downloads\OCR-Engine\ops\page_010_clahe_6.tess.tile039.tess.txt,16,False,,,閾\n\n| | | |\n
page_010_clahe_6.tess.tile040.png,C:\Users\User\Downloads\OCR-Engine\ops\page_010_clahe_6.tess.tile040.png,412339,True,,,
page_010_clahe_6.tess.tile040.tess.txt,C:\Users\User\Downloads\OCR-Engine\ops\page_010_clahe_6.tess.tile040.tess.txt,311,False,,,[ ォ\n\nI\n\nH\n\n本 mn\n\n巾 華 民 岡 China\n\n[\n\n糧 Russi+\n\n蓋 向 利 岳 .①iikiin\n\n|\n\n判\n\n迷 Gcnnany\n\n①\n\n食 来 合 絃 國 U. S ん\n\nM\n\n弐\n\n他 (thcra\n\n⑲③③\n\n囁\n\nネ mn\n\n山 す ネ\n\n嚇髏轟鱒L…m\n\n嚇 Ruxsin\n\nl\n\n` 苑 杏 利 CLintain\n\n圃\n
page_010_clahe_6.tess.tile041.png,C:\Users\User\Downloads\OCR-Engine\ops\page_010_clahe_6.tess.tile041.png,291233,True,,,
page_010_clahe_6.tess.tile041.tess.txt,C:\Users\User\Downloads\OCR-Engine\ops\page_010_clahe_6.tess.tile041.tess.txt,266,False,,,"PJ\n\nい さ\n\nド ね\n\nい +\n\nで roam\n\nk n\n\nし た す で _縄\n\naea\n\n① F\n\n詞\n\nャ ェ セ\n\nff ・' ー~'\n\nB\n\nョ す\n\nょ 志\n\nト m\n\nW\n\nR\n\n[ 哉 は く た\n\nki a\n\nB\n\nY 代 旭\n\nSBt 味\n\nョ A __計~~~【,\n\n弐\n"
page_010_clahe_6.tess.tile042.png,C:\Users\User\Downloads\OCR-Engine\ops\page_010_clahe_6.tess.tile042.png,66113,True,,,
page_010_clahe_6.tess.tile042.tess.txt,C:\Users\User\Downloads\OCR-Engine\ops\page_010_clahe_6.tess.tile042.tess.txt,10,False,,,直\n\n|\n
page_010_clahe_6.tess.tile043.png,C:\Users\User\Downloads\OCR-Engine\ops\page_010_clahe_6.tess.tile043.png,11596,True,,,
page_010_clahe_6.tess.tile043.tess.txt,C:\Users\User\Downloads\OCR-Engine\ops\page_010_clahe_6.tess.tile043.tess.txt,0,False,,,
page_010_clahe_6.tess.tile044.png,C:\Users\User\Downloads\OCR-Engine\ops\page_010_clahe_6.tess.tile044.png,102695,True,,,
page_010_clahe_6.tess.tile044.tess.txt,C:\Users\User\Downloads\OCR-Engine\ops\page_010_clahe_6.tess.tile044.tess.txt,12,False,,,|\n\n} 』\n
page_010_clahe_6.tess.tile045.png,C:\Users\User\Downloads\OCR-Engine\ops\page_010_clahe_6.tess.tile045.png,96927,True,,,
page_010_clahe_6.tess.tile045.tess.txt,C:\Users\User\Downloads\OCR-Engine\ops\page_010_clahe_6.tess.tile045.tess.txt,8,False,,,|\n\n|\n
page_010_clahe_6.tess.tile046.png,C:\Users\User\Downloads\OCR-Engine\ops\page_010_clahe_6.tess.tile046.png,7783,True,,,
page_010_clahe_6.tess.tile046.tess.txt,C:\Users\User\Downloads\OCR-Engine\ops\page_010_clahe_6.tess.tile046.tess.txt,0,False,,,
page_010_clahe_6.tess.tile047.png,C:\Users\User\Downloads\OCR-Engine\ops\page_010_clahe_6.tess.tile047.png,6246,True,,,
page_010_clahe_6.tess.tile047.tess.txt,C:\Users\User\Downloads\OCR-Engine\ops\page_010_clahe_6.tess.tile047.tess.txt,0,False,,,
page_010_clahe_6.tess.tile048.png,C:\Users\User\Downloads\OCR-Engine\ops\page_010_clahe_6.tess.tile048.png,8221,True,,,
page_010_clahe_6.tess.tile048.tess.txt,C:\Users\User\Downloads\OCR-Engine\ops\page_010_clahe_6.tess.tile048.tess.txt,0,False,,,
page_010_clahe_6.tess.tile049.png,C:\Users\User\Downloads\OCR-Engine\ops\page_010_clahe_6.tess.tile049.png,123936,True,,,
page_010_clahe_6.tess.tile049.tess.txt,C:\Users\User\Downloads\OCR-Engine\ops\page_010_clahe_6.tess.tile049.tess.txt,5,False,,,雛\n
page_010_clahe_6.tess.tile050.png,C:\Users\User\Downloads\OCR-Engine\ops\page_010_clahe_6.tess.tile050.png,88640,True,,,
page_010_clahe_6.tess.tile050.tess.txt,C:\Users\User\Downloads\OCR-Engine\ops\page_010_clahe_6.tess.tile050.tess.txt,5,False,,,川\n
page_010_clahe_6.tess.tile051.png,C:\Users\User\Downloads\OCR-Engine\ops\page_010_clahe_6.tess.tile051.png,463836,True,,,
page_010_clahe_6.tess.tile051.tess.txt,C:\Users\User\Downloads\OCR-Engine\ops\page_010_clahe_6.tess.tile051.tess.txt,352,False,,,ド 捨 疱 隆 n\n\n奪\n\n. 眉 sii\n\n` 茉 杏 利 Ctiintain 目\n\nに\n\n逸 Germany\n\n| ` を 木 代 細 国 り .⑤ 入\n\n炊\n\n他 Othcrs\n\n⑲①②\n\n目\n\n本 mmn\n\n①\n\n: 申 華 興 国 China\n\nに れ\n\n羅 Russh\n\nF r\n\n|\n\nに ー…鬱_\n\n向英 宮 相 GLliikin\n\n出\n\nに\n\n讀 Gcrmany\n\nRAeeemag
page_010_clahe_6.tess.tile052.png,C:\Users\User\Downloads\OCR-Engine\ops\page_010_clahe_6.tess.tile052.png,308144,True,,,
page_010_clahe_6.tess.tile052.tess.txt,C:\Users\User\Downloads\OCR-Engine\ops\page_010_clahe_6.tess.tile052.tess.txt,165,False,,,|\n\nyre e\n\nド\n\nい ス な せ い\n\n* な\n\nの け の eed さ r\n\nぱ\n\n志\n\nnse\n\nT wt\n\nM\n\nlazl\n\n④\n\n|\n\nー'「ー\n\n①\n\n| |\n\n目\n
page_010_clahe_6.tess.tile053.png,C:\Users\User\Downloads\OCR-Engine\ops\page_010_clahe_6.tess.tile053.png,69233,True,,,
page_010_clahe_6.tess.tile053.tess.txt,C:\Users\User\Downloads\OCR-Engine\ops\page_010_clahe_6.tess.tile053.tess.txt,18,False,,,W\n\n|\n\nーー\n
page_010_clahe_6.tess.tile054.png,C:\Users\User\Downloads\OCR-Engine\ops\page_010_clahe_6.tess.tile054.png,11286,True,,,
page_010_clahe_6.tess.tile054.tess.txt,C:\Users\User\Downloads\OCR-Engine\ops\page_010_clahe_6.tess.tile054.tess.txt,0,False,,,
page_010_clahe_6.tess.tile055.png,C:\Users\User\Downloads\OCR-Engine\ops\page_010_clahe_6.tess.tile055.png,99782,True,,,
page_010_clahe_6.tess.tile055.tess.txt,C:\Users\User\Downloads\OCR-Engine\ops\page_010_clahe_6.tess.tile055.tess.txt,0,False,,,
page_010_clahe_6.tess.tile056.png,C:\Users\User\Downloads\OCR-Engine\ops\page_010_clahe_6.tess.tile056.png,92474,True,,,
page_010_clahe_6.tess.tile056.tess.txt,C:\Users\User\Downloads\OCR-Engine\ops\page_010_clahe_6.tess.tile056.tess.txt,0,False,,,
page_010_clahe_6.tess.tile057.png,C:\Users\User\Downloads\OCR-Engine\ops\page_010_clahe_6.tess.tile057.png,7799,True,,,
page_010_clahe_6.tess.tile057.tess.txt,C:\Users\User\Downloads\OCR-Engine\ops\page_010_clahe_6.tess.tile057.tess.txt,0,False,,,
page_010_clahe_6.tess.tile058.png,C:\Users\User\Downloads\OCR-Engine\ops\page_010_clahe_6.tess.tile058.png,5358,True,,,
page_010_clahe_6.tess.tile058.tess.txt,C:\Users\User\Downloads\OCR-Engine\ops\page_010_clahe_6.tess.tile058.tess.txt,0,False,,,
page_010_clahe_6.tess.tile059.png,C:\Users\User\Downloads\OCR-Engine\ops\page_010_clahe_6.tess.tile059.png,6057,True,,,
page_010_clahe_6.tess.tile059.tess.txt,C:\Users\User\Downloads\OCR-Engine\ops\page_010_clahe_6.tess.tile059.tess.txt,0,False,,,
page_010_clahe_6.tess.tile060.png,C:\Users\User\Downloads\OCR-Engine\ops\page_010_clahe_6.tess.tile060.png,122928,True,,,
page_010_clahe_6.tess.tile060.tess.txt,C:\Users\User\Downloads\OCR-Engine\ops\page_010_clahe_6.tess.tile060.tess.txt,7,False,,,③00\n
page_010_clahe_6.tess.tile061.png,C:\Users\User\Downloads\OCR-Engine\ops\page_010_clahe_6.tess.tile061.png,109503,True,,,
page_010_clahe_6.tess.tile061.tess.txt,C:\Users\User\Downloads\OCR-Engine\ops\page_010_clahe_6.tess.tile061.tess.txt,24,False,,,旧 目 目\n\n川 門\n
page_010_clahe_6.tess.tile062.png,C:\Users\User\Downloads\OCR-Engine\ops\page_010_clahe_6.tess.tile062.png,470961,True,,,
page_010_clahe_6.tess.tile062.tess.txt,C:\Users\User\Downloads\OCR-Engine\ops\page_010_clahe_6.tess.tile062.tess.txt,490,False,,,和 .。 - 闇 * 0 n ) `ーぃ_{'…'=\n\nに\n\n磯 Gcrmuany\n\n凸\n\nす 食 木 向 杭 綱 り ⑤ ん ま\n\n}\n\n共\n\n他 (thcrs\n\n⑲③①\n\n日\n\nよ す Maldy\n\nl\n\n|\n\n本 m\n\n・ 東 蕪 民 国 China 、\n\n①\n\n⑯ 艸\n\n`\n\nれ\n\n茂\n\n羅 Russia\n\n⑧ ~ゝ\n\nr 茉 安 利 CLBrikiin 幽\n\nは |\n\n鶏 Gcnnany
page_010_clahe_6.tess.tile063.png,C:\Users\User\Downloads\OCR-Engine\ops\page_010_clahe_6.tess.tile063.png,361650,True,,,
page_010_clahe_6.tess.tile063.tess.txt,C:\Users\User\Downloads\OCR-Engine\ops\page_010_clahe_6.tess.tile063.tess.txt,291,False,,,c\n\nUM\n\nよ 】\n\nh\n\n⑭①\n\nよ お k 粗 向\n\nC\n\nー]〕\n\n翼⑪` ⑤ ・'ー\n\nCa か い\n\nは\n\nて e\n\nP r\n\nノ~縄\n\nー・\n\nー(」ー\n\ny\n\n( デ ネ ュ\n\n幽 |\n\nrrt」\n\nせ\n\nて あ か セ す す\n\n]\n\nl0 ③0 ⑤0\n\nI\n\n?\n\n弧\n\n① 梨\n
page_010_clahe_6.tess.tile064.png,C:\Users\User\Downloads\OCR-Engine\ops\page_010_clahe_6.tess.tile064.png,83396,True,,,
page_010_clahe_6.tess.tile064.tess.txt,C:\Users\User\Downloads\OCR-Engine\ops\page_010_clahe_6.tess.tile064.tess.txt,17,False,,,相\n\nW\n\n言\n
page_010_clahe_6.tess.tile065.png,C:\Users\User\Downloads\OCR-Engine\ops\page_010_clahe_6.tess.tile065.png,4907,True,,,
page_010_clahe_6.tess.tile065.tess.txt,C:\Users\User\Downloads\OCR-Engine\ops\page_010_clahe_6.tess.tile065.tess.txt,0,False,,,
page_010_clahe_6.tess.tile066.png,C:\Users\User\Downloads\OCR-Engine\ops\page_010_clahe_6.tess.tile066.png,79824,True,,,
page_010_clahe_6.tess.tile066.tess.txt,C:\Users\User\Downloads\OCR-Engine\ops\page_010_clahe_6.tess.tile066.tess.txt,7,False,,,ョ a\n
page_010_clahe_6.tess.tile067.png,C:\Users\User\Downloads\OCR-Engine\ops\page_010_clahe_6.tess.tile067.png,85348,True,,,
page_010_clahe_6.tess.tile067.tess.txt,C:\Users\User\Downloads\OCR-Engine\ops\page_010_clahe_6.tess.tile067.tess.txt,7,False,,,① s\n
page_010_clahe_6.tess.tile068.png,C:\Users\User\Downloads\OCR-Engine\ops\page_010_clahe_6.tess.tile068.png,18937,True,,,
page_010_clahe_6.tess.tile068.tess.txt,C:\Users\User\Downloads\OCR-Engine\ops\page_010_clahe_6.tess.tile068.tess.txt,0,False,,,
page_010_clahe_6.tess.tile069.png,C:\Users\User\Downloads\OCR-Engine\ops\page_010_clahe_6.tess.tile069.png,15637,True,,,
page_010_clahe_6.tess.tile069.tess.txt,C:\Users\User\Downloads\OCR-Engine\ops\page_010_clahe_6.tess.tile069.tess.txt,0,False,,,
page_010_clahe_6.tess.tile070.png,C:\Users\User\Downloads\OCR-Engine\ops\page_010_clahe_6.tess.tile070.png,22926,True,,,
page_010_clahe_6.tess.tile070.tess.txt,C:\Users\User\Downloads\OCR-Engine\ops\page_010_clahe_6.tess.tile070.tess.txt,0,False,,,
page_010_clahe_6.tess.tile071.png,C:\Users\User\Downloads\OCR-Engine\ops\page_010_clahe_6.tess.tile071.png,114900,True,,,
page_010_clahe_6.tess.tile071.tess.txt,C:\Users\User\Downloads\OCR-Engine\ops\page_010_clahe_6.tess.tile071.tess.txt,26,False,,,③00\n\nー ニ ー 一\n
page_010_clahe_6.tess.tile072.png,C:\Users\User\Downloads\OCR-Engine\ops\page_010_clahe_6.tess.tile072.png,85031,True,,,
page_010_clahe_6.tess.tile072.tess.txt,C:\Users\User\Downloads\OCR-Engine\ops\page_010_clahe_6.tess.tile072.tess.txt,47,False,,,皿\n\n⑳0\n\nI\n\n⑤D\n\nし\n\nー\n\n⑧\n
page_010_clahe_6.tess.tile073.png,C:\Users\User\Downloads\OCR-Engine\ops\page_010_clahe_6.tess.tile073.png,145781,True,,,
page_010_clahe_6.tess.tile073.tess.txt,C:\Users\User\Downloads\OCR-Engine\ops\page_010_clahe_6.tess.tile073.tess.txt,90,False,,,誌 d 0\n\nLb00a②\n\n他 (thcra\n\n0\n\n⑤0 ③0 n\n\n①0 ⑳\n\nAillinn\n\nNMilfnon\n
page_010_clahe_6.tess.tile074.png,C:\Users\User\Downloads\OCR-Engine\ops\page_010_clahe_6.tess.tile074.png,120456,True,,,
page_010_clahe_6.tess.tile074.tess.txt,C:\Users\User\Downloads\OCR-Engine\ops\page_010_clahe_6.tess.tile074.tess.txt,70,False,,,て い か モ す\n\nー\n\nー\n\nl0 ③0 ⑤0\n\nI\n\n?Ul\n\ninn\n
page_010_clahe_6.tess.tile075.png,C:\Users\User\Downloads\OCR-Engine\ops\page_010_clahe_6.tess.tile075.png,65533,True,,,
page_010_clahe_6.tess.tile075.tess.txt,C:\Users\User\Downloads\OCR-Engine\ops\page_010_clahe_6.tess.tile075.tess.txt,5,False,,,ー\n
page_010_clahe_6.tess.tile076.png,C:\Users\User\Downloads\OCR-Engine\ops\page_010_clahe_6.tess.tile076.png,11137,True,,,
page_010_clahe_6.tess.tile076.tess.txt,C:\Users\User\Downloads\OCR-Engine\ops\page_010_clahe_6.tess.tile076.tess.txt,0,False,,,
page_010_clahe_6.tess.tile077.png,C:\Users\User\Downloads\OCR-Engine\ops\page_010_clahe_6.tess.tile077.png,9241,True,,,
page_010_clahe_6.tess.tile077.tess.txt,C:\Users\User\Downloads\OCR-Engine\ops\page_010_clahe_6.tess.tile077.tess.txt,0,False,,,
page_010_clahe_6.tess.tile078.png,C:\Users\User\Downloads\OCR-Engine\ops\page_010_clahe_6.tess.tile078.png,13938,True,,,
page_010_clahe_6.tess.tile078.tess.txt,C:\Users\User\Downloads\OCR-Engine\ops\page_010_clahe_6.tess.tile078.tess.txt,0,False,,,
page_010_clahe_6.tess.tile079.png,C:\Users\User\Downloads\OCR-Engine\ops\page_010_clahe_6.tess.tile079.png,7047,True,,,
page_010_clahe_6.tess.tile079.tess.txt,C:\Users\User\Downloads\OCR-Engine\ops\page_010_clahe_6.tess.tile079.tess.txt,5,False,,,①\n
page_010_clahe_6.tess.tile080.png,C:\Users\User\Downloads\OCR-Engine\ops\page_010_clahe_6.tess.tile080.png,7697,True,,,
page_010_clahe_6.tess.tile080.tess.txt,C:\Users\User\Downloads\OCR-Engine\ops\page_010_clahe_6.tess.tile080.tess.txt,0,False,,,
page_010_clahe_6.tess.tile081.png,C:\Users\User\Downloads\OCR-Engine\ops\page_010_clahe_6.tess.tile081.png,15618,True,,,
page_010_clahe_6.tess.tile081.tess.txt,C:\Users\User\Downloads\OCR-Engine\ops\page_010_clahe_6.tess.tile081.tess.txt,0,False,,,
page_010_clahe_6.tess.tile082.png,C:\Users\User\Downloads\OCR-Engine\ops\page_010_clahe_6.tess.tile082.png,7202,True,,,
page_010_clahe_6.tess.tile082.tess.txt,C:\Users\User\Downloads\OCR-Engine\ops\page_010_clahe_6.tess.tile082.tess.txt,0,False,,,
page_010_clahe_6.tess.tile083.png,C:\Users\User\Downloads\OCR-Engine\ops\page_010_clahe_6.tess.tile083.png,16890,True,,,
page_010_clahe_6.tess.tile083.tess.txt,C:\Users\User\Downloads\OCR-Engine\ops\page_010_clahe_6.tess.tile083.tess.txt,10,False,,,ピ\n\n\\n
page_010_clahe_6.tess.tile084.png,C:\Users\User\Downloads\OCR-Engine\ops\page_010_clahe_6.tess.tile084.png,14736,True,,,
page_010_clahe_6.tess.tile084.tess.txt,C:\Users\User\Downloads\OCR-Engine\ops\page_010_clahe_6.tess.tile084.tess.txt,0,False,,,
page_010_clahe_6.tess.tile085.png,C:\Users\User\Downloads\OCR-Engine\ops\page_010_clahe_6.tess.tile085.png,93276,True,,,
page_010_clahe_6.tess.tile085.tess.txt,C:\Users\User\Downloads\OCR-Engine\ops\page_010_clahe_6.tess.tile085.tess.txt,113,False,,,a 〟L\n\na a m に _~.\n\ncgd\n\nモ ー キ\n\nMus i_\n\nト ー ド\n\nl\n\nk】\n\nこ 【\n\n和 *\n\n'ヰ\n
page_010_clahe_6.tess.tile086.png,C:\Users\User\Downloads\OCR-Engine\ops\page_010_clahe_6.tess.tile086.png,239656,True,,,
page_010_clahe_6.tess.tile086.tess.txt,C:\Users\User\Downloads\OCR-Engine\ops\page_010_clahe_6.tess.tile086.tess.txt,491,False,,,"ャ シ ー\n\nに 逸 に\n\nョ ー\n\nマ\n\nn R に\n\na ~,\n\n④\n\nコ _ー~_縄ー\n\nに 】\n\n}滸] L\n\nは ッ ー ニ ー\n\n0\n\nル J\n\n_'ぜ藁揶 ~ o\n\n臼\n\nト\n\nJ\n\n①\n\nuus ー_\n\nーー_\n\nユ\n\nォ\n\nョ a\n\n.〟・~ い\n\n・ゝ-\n\na e\n\nさ ま\n\n啓 で を み\n\nー 一\n\n申」]_璽\n\nSY①⑥④①④④0⑥⑥A ん\n\nー い ー ン ー ネ ー\n"
page_010_clahe_6.tess.tile087.png,C:\Users\User\Downloads\OCR-Engine\ops\page_010_clahe_6.tess.tile087.png,121211,True,,,
page_010_clahe_6.tess.tile087.tess.txt,C:\Users\User\Downloads\OCR-Engine\ops\page_010_clahe_6.tess.tile087.tess.txt,238,False,,,` 罰\n\nト a\n\n縄~_′~ )\n\nー シ ー ョ ド\n\n[②0\n\nト ーーー ー ー\n\n_r\n\n① m\n\nむ g ミ ー ョ\n\n|\n\nャ ー\n\nm\n\nド L\n\nに 」\n\n⑧ _' す\n\nー ト ー 一\n\nよ う\n\nラ ー ト\n\naT 談 詠\n
page_010_clahe_6.tess.tiled.psm11.clean.txt,C:\Users\User\Downloads\OCR-Engine\ops\page_010_clahe_6.tess.tiled.psm11.clean.txt,2520,False,,,"4. 轍 出Values of Exports( 輸入 )Imports3 華【 ま .11 俸R朱 入 主 要 國 別 累ports and Iimports by P0...ー...ー艶入)佐5 $1( 下 舌 国 l109 でg 沼 変| 累 年 比 軽ountrics,1081 to190835( 輝自 )Exhportst TRIーョ 暗1 傳? 磋」 ョ|ー}山( 下 舌 国 lt T"
page_010_clahe_6.tess.tiled.psm11.normalized.txt,C:\Users\User\Downloads\OCR-Engine\ops\page_010_clahe_6.tess.tiled.psm11.normalized.txt,3437,False,,,"|\n④. 轍 出\nValues of Exports\n( 輸\n入 )\nImports\n③ 華\n【 ま . ①\n① 俸\nR\n朱 入 主 要 國 別 累\nports and Iimports by P0…ー…ー\n艶入)\n佐\n⑤ $ ①\n( 下 舌 国 l\n①0⑨ で\ng 沼 変\n| 累 年 比 軽\nountrics, ①0⑧① to ⑲0⑧③⑤\n( 輝\n自 )\nExhports\nt TRI\nー\nョ 暗"
page_010_clahe_6.tess.tiled.psm11.normalized.txt.ollama.suggested.txt,C:\Users\User\Downloads\OCR-Engine\ops\page_010_clahe_6.tess.tiled.psm11.normalized.txt.ollama.suggested.txt,3453,False,,,"|\n④. 轍 出\nValues of Exports\n( 輸\n入 )\nImports\n③ 華\nError: unknown flag: --prompt\n① 俸\nR\n朱 入 主 要 國 別 累\nports and Iimports by P0…ー…ー\n艶入)\n佐\n⑤ $ ①\n( 下 舌 国 l\n①0⑨ で\ng 沼 変\n| 累 年 比 軽\nountrics, ①0⑧① to ⑲0⑧③⑤\n( 輝\n自 "
page_010_clahe_6.tess.tiled.psm11.txt,C:\Users\User\Downloads\OCR-Engine\ops\page_010_clahe_6.tess.tiled.psm11.txt,4073,False,,,"|\n④. 轍 出\n\nValues of Exports\n\n( 輸\n\n入 )\n\nImports\n\n③ 華\n\n【 ま . ①\n\n① 俸\n\nR\n朱 入 主 要 國 別 累\n\nports and Iimports by P0…ー…ー\n\n艶入)\n\n佐\n\n⑤ $ ①\n\n( 下 舌 国 l\n\n①0⑨ で\n\ng 沼 変\n| 累 年 比 軽\n\nountrics, ①0⑧① to ⑲0⑧③⑤\n\n( 輝\n\n自 )\n\nE"
page_010_clahe_7.clean.txt,C:\Users\User\Downloads\OCR-Engine\ops\page_010_clahe_7.clean.txt,0,False,,,
page_010_clahe_7.png,C:\Users\User\Downloads\OCR-Engine\ops\page_010_clahe_7.png,14153395,True,,,
page_010_clahe_7.rapid.txt,C:\Users\User\Downloads\OCR-Engine\ops\page_010_clahe_7.rapid.txt,0,False,,,
page_010_clahe_7.tess.tile000.png,C:\Users\User\Downloads\OCR-Engine\ops\page_010_clahe_7.tess.tile000.png,23325,True,,,
page_010_clahe_7.tess.tile000.tess.txt,C:\Users\User\Downloads\OCR-Engine\ops\page_010_clahe_7.tess.tile000.tess.txt,0,False,,,
page_010_clahe_7.tess.tile001.png,C:\Users\User\Downloads\OCR-Engine\ops\page_010_clahe_7.tess.tile001.png,73511,True,,,
page_010_clahe_7.tess.tile001.tess.txt,C:\Users\User\Downloads\OCR-Engine\ops\page_010_clahe_7.tess.tile001.tess.txt,0,False,,,
page_010_clahe_7.tess.tile002.png,C:\Users\User\Downloads\OCR-Engine\ops\page_010_clahe_7.tess.tile002.png,29805,True,,,
page_010_clahe_7.tess.tile002.tess.txt,C:\Users\User\Downloads\OCR-Engine\ops\page_010_clahe_7.tess.tile002.tess.txt,0,False,,,
page_010_clahe_7.tess.tile003.png,C:\Users\User\Downloads\OCR-Engine\ops\page_010_clahe_7.tess.tile003.png,31672,True,,,
page_010_clahe_7.tess.tile003.tess.txt,C:\Users\User\Downloads\OCR-Engine\ops\page_010_clahe_7.tess.tile003.tess.txt,0,False,,,
page_010_clahe_7.tess.tile004.png,C:\Users\User\Downloads\OCR-Engine\ops\page_010_clahe_7.tess.tile004.png,31995,True,,,
page_010_clahe_7.tess.tile004.tess.txt,C:\Users\User\Downloads\OCR-Engine\ops\page_010_clahe_7.tess.tile004.tess.txt,0,False,,,
page_010_clahe_7.tess.tile005.png,C:\Users\User\Downloads\OCR-Engine\ops\page_010_clahe_7.tess.tile005.png,79280,True,,,
page_010_clahe_7.tess.tile005.tess.txt,C:\Users\User\Downloads\OCR-Engine\ops\page_010_clahe_7.tess.tile005.tess.txt,0,False,,,
page_010_clahe_7.tess.tile006.png,C:\Users\User\Downloads\OCR-Engine\ops\page_010_clahe_7.tess.tile006.png,29490,True,,,
page_010_clahe_7.tess.tile006.tess.txt,C:\Users\User\Downloads\OCR-Engine\ops\page_010_clahe_7.tess.tile006.tess.txt,0,False,,,
page_010_clahe_7.tess.tile007.png,C:\Users\User\Downloads\OCR-Engine\ops\page_010_clahe_7.tess.tile007.png,31280,True,,,
page_010_clahe_7.tess.tile007.tess.txt,C:\Users\User\Downloads\OCR-Engine\ops\page_010_clahe_7.tess.tile007.tess.txt,0,False,,,
page_010_clahe_7.tess.tile008.png,C:\Users\User\Downloads\OCR-Engine\ops\page_010_clahe_7.tess.tile008.png,31044,True,,,
page_010_clahe_7.tess.tile008.tess.txt,C:\Users\User\Downloads\OCR-Engine\ops\page_010_clahe_7.tess.tile008.tess.txt,0,False,,,
page_010_clahe_7.tess.tile009.png,C:\Users\User\Downloads\OCR-Engine\ops\page_010_clahe_7.tess.tile009.png,43753,True,,,
page_010_clahe_7.tess.tile009.tess.txt,C:\Users\User\Downloads\OCR-Engine\ops\page_010_clahe_7.tess.tile009.tess.txt,0,False,,,
page_010_clahe_7.tess.tile010.png,C:\Users\User\Downloads\OCR-Engine\ops\page_010_clahe_7.tess.tile010.png,13791,True,,,
page_010_clahe_7.tess.tile010.tess.txt,C:\Users\User\Downloads\OCR-Engine\ops\page_010_clahe_7.tess.tile010.tess.txt,0,False,,,
page_010_clahe_7.tess.tile011.png,C:\Users\User\Downloads\OCR-Engine\ops\page_010_clahe_7.tess.tile011.png,52245,True,,,
page_010_clahe_7.tess.tile011.tess.txt,C:\Users\User\Downloads\OCR-Engine\ops\page_010_clahe_7.tess.tile011.tess.txt,0,False,,,
page_010_clahe_7.tess.tile012.png,C:\Users\User\Downloads\OCR-Engine\ops\page_010_clahe_7.tess.tile012.png,101284,True,,,
page_010_clahe_7.tess.tile012.tess.txt,C:\Users\User\Downloads\OCR-Engine\ops\page_010_clahe_7.tess.tile012.tess.txt,0,False,,,
page_010_clahe_7.tess.tile013.png,C:\Users\User\Downloads\OCR-Engine\ops\page_010_clahe_7.tess.tile013.png,5335,True,,,
page_010_clahe_7.tess.tile013.tess.txt,C:\Users\User\Downloads\OCR-Engine\ops\page_010_clahe_7.tess.tile013.tess.txt,0,False,,,
page_010_clahe_7.tess.tile014.png,C:\Users\User\Downloads\OCR-Engine\ops\page_010_clahe_7.tess.tile014.png,6917,True,,,
page_010_clahe_7.tess.tile014.tess.txt,C:\Users\User\Downloads\OCR-Engine\ops\page_010_clahe_7.tess.tile014.tess.txt,9,False,,,と メ\n
page_010_clahe_7.tess.tile015.png,C:\Users\User\Downloads\OCR-Engine\ops\page_010_clahe_7.tess.tile015.png,7930,True,,,
page_010_clahe_7.tess.tile015.tess.txt,C:\Users\User\Downloads\OCR-Engine\ops\page_010_clahe_7.tess.tile015.tess.txt,0,False,,,
page_010_clahe_7.tess.tile016.png,C:\Users\User\Downloads\OCR-Engine\ops\page_010_clahe_7.tess.tile016.png,130240,True,,,
page_010_clahe_7.tess.tile016.tess.txt,C:\Users\User\Downloads\OCR-Engine\ops\page_010_clahe_7.tess.tile016.tess.txt,9,False,,,③ ①\n
page_010_clahe_7.tess.tile017.png,C:\Users\User\Downloads\OCR-Engine\ops\page_010_clahe_7.tess.tile017.png,227738,True,,,
page_010_clahe_7.tess.tile017.tess.txt,C:\Users\User\Downloads\OCR-Engine\ops\page_010_clahe_7.tess.tile017.tess.txt,143,False,,,ー ニ ーーーーーーーーー=\n\n④. 轍 出\n\nValuecs of Exports\n\n( 軸\n\n入 )\n\nImports\n\n& ④\n\n[④. ①\n\n① 値\n\nR\n
page_010_clahe_7.tess.tile018.png,C:\Users\User\Downloads\OCR-Engine\ops\page_010_clahe_7.tess.tile018.png,284727,True,,,
page_010_clahe_7.tess.tile018.tess.txt,C:\Users\User\Downloads\OCR-Engine\ops\page_010_clahe_7.tess.tile018.tess.txt,160,False,,,ー 一 ー\n\n曲 入 主 要 國 別 累\n\nports and Imports by F0…囁「i'\n\n鴨入)\n\n値\n\nR\n\n【(F⑧mHil\n\nま\n\n[\n\n⑲ で\n\nt =縄鱒; _\n
page_010_clahe_7.tess.tile019.png,C:\Users\User\Downloads\OCR-Engine\ops\page_010_clahe_7.tess.tile019.png,250042,True,,,
page_010_clahe_7.tess.tile019.tess.txt,C:\Users\User\Downloads\OCR-Engine\ops\page_010_clahe_7.tess.tile019.tess.txt,124,False,,,"] 累 年 比 較\n\nountrics, ①0⑧① {0 ⑲0①⑤\n\n( 輝\n\n自 )\n\nExhorts\n\nt =縄鱒; ョ\n\n① 傳\n\n? 磋\n"
page_010_clahe_7.tess.tile020.png,C:\Users\User\Downloads\OCR-Engine\ops\page_010_clahe_7.tess.tile020.png,84026,True,,,
page_010_clahe_7.tess.tile020.tess.txt,C:\Users\User\Downloads\OCR-Engine\ops\page_010_clahe_7.tess.tile020.tess.txt,9,False,,,」 ョ\n
page_010_clahe_7.tess.tile021.png,C:\Users\User\Downloads\OCR-Engine\ops\page_010_clahe_7.tess.tile021.png,19085,True,,,
page_010_clahe_7.tess.tile021.tess.txt,C:\Users\User\Downloads\OCR-Engine\ops\page_010_clahe_7.tess.tile021.tess.txt,0,False,,,
page_010_clahe_7.tess.tile022.png,C:\Users\User\Downloads\OCR-Engine\ops\page_010_clahe_7.tess.tile022.png,67840,True,,,
page_010_clahe_7.tess.tile022.tess.txt,C:\Users\User\Downloads\OCR-Engine\ops\page_010_clahe_7.tess.tile022.tess.txt,8,False,,,「ー\n
page_010_clahe_7.tess.tile023.png,C:\Users\User\Downloads\OCR-Engine\ops\page_010_clahe_7.tess.tile023.png,103680,True,,,
page_010_clahe_7.tess.tile023.tess.txt,C:\Users\User\Downloads\OCR-Engine\ops\page_010_clahe_7.tess.tile023.tess.txt,0,False,,,
page_010_clahe_7.tess.tile024.png,C:\Users\User\Downloads\OCR-Engine\ops\page_010_clahe_7.tess.tile024.png,5335,True,,,
page_010_clahe_7.tess.tile024.tess.txt,C:\Users\User\Downloads\OCR-Engine\ops\page_010_clahe_7.tess.tile024.tess.txt,0,False,,,
page_010_clahe_7.tess.tile025.png,C:\Users\User\Downloads\OCR-Engine\ops\page_010_clahe_7.tess.tile025.png,5335,True,,,
page_010_clahe_7.tess.tile025.tess.txt,C:\Users\User\Downloads\OCR-Engine\ops\page_010_clahe_7.tess.tile025.tess.txt,0,False,,,
page_010_clahe_7.tess.tile026.png,C:\Users\User\Downloads\OCR-Engine\ops\page_010_clahe_7.tess.tile026.png,5335,True,,,
page_010_clahe_7.tess.tile026.tess.txt,C:\Users\User\Downloads\OCR-Engine\ops\page_010_clahe_7.tess.tile026.tess.txt,0,False,,,
page_010_clahe_7.tess.tile027.png,C:\Users\User\Downloads\OCR-Engine\ops\page_010_clahe_7.tess.tile027.png,153614,True,,,
page_010_clahe_7.tess.tile027.tess.txt,C:\Users\User\Downloads\OCR-Engine\ops\page_010_clahe_7.tess.tile027.tess.txt,8,False,,,ー『\n
page_010_clahe_7.tess.tile028.png,C:\Users\User\Downloads\OCR-Engine\ops\page_010_clahe_7.tess.tile028.png,214498,True,,,
page_010_clahe_7.tess.tile028.tess.txt,C:\Users\User\Downloads\OCR-Engine\ops\page_010_clahe_7.tess.tile028.tess.txt,5,False,,,崎\n
page_010_clahe_7.tess.tile029.png,C:\Users\User\Downloads\OCR-Engine\ops\page_010_clahe_7.tess.tile029.png,521784,True,,,
page_010_clahe_7.tess.tile029.tess.txt,C:\Users\User\Downloads\OCR-Engine\ops\page_010_clahe_7.tess.tile029.tess.txt,352,False,,,【( 乱 R\n\nt TRIW①\n\n【 ま $ ①\n\n⑲③⑤\n\nす\n\n① ① 【\n\nォ xn\n\n市 濁 民 国 Chinn\n\n藤\n\n聴 Kussia\n\n葉 合 削 t tttuin\n\nよ\n\nFPx F\n\nに |\n\n鐵 (ermany\n\n) 老 工 代 紗 崎 り . ⑤ 入\n\n北\n\n志 (Nhcrs\n\n⑲③④\n\nH\n\nせ ト ォ\n\n|\n\n`ーーー〝\n\n. 軸 臺 屋 畿 {“hina\n\n本 mn\n
page_010_clahe_7.tess.tile030.png,C:\Users\User\Downloads\OCR-Engine\ops\page_010_clahe_7.tess.tile030.png,406118,True,,,
page_010_clahe_7.tess.tile030.tess.txt,C:\Users\User\Downloads\OCR-Engine\ops\page_010_clahe_7.tess.tile030.tess.txt,241,False,,,]\n\nt TRIW①\n\nSxlortas\n\n① ③\n\n① 借\n\n② 俸\n\nioft\n\nR\n\nE\n\nい エ ミ\n\n(\n\nu\n\nで t て は\n\nい は\n\nk\n\nA た す で\n\nCTt せ ト\n\n( 払 い モ り 鱒【 {\n\n貝 で\n\n⑪\n\n{ 0\n\nLWR F\n\nー`\n
page_010_clahe_7.tess.tile031.png,C:\Users\User\Downloads\OCR-Engine\ops\page_010_clahe_7.tess.tile031.png,105204,True,,,
page_010_clahe_7.tess.tile031.tess.txt,C:\Users\User\Downloads\OCR-Engine\ops\page_010_clahe_7.tess.tile031.tess.txt,5,False,,,‥\n
page_010_clahe_7.tess.tile032.png,C:\Users\User\Downloads\OCR-Engine\ops\page_010_clahe_7.tess.tile032.png,14000,True,,,
page_010_clahe_7.tess.tile032.tess.txt,C:\Users\User\Downloads\OCR-Engine\ops\page_010_clahe_7.tess.tile032.tess.txt,0,False,,,
page_010_clahe_7.tess.tile033.png,C:\Users\User\Downloads\OCR-Engine\ops\page_010_clahe_7.tess.tile033.png,94609,True,,,
page_010_clahe_7.tess.tile033.tess.txt,C:\Users\User\Downloads\OCR-Engine\ops\page_010_clahe_7.tess.tile033.tess.txt,0,False,,,
page_010_clahe_7.tess.tile034.png,C:\Users\User\Downloads\OCR-Engine\ops\page_010_clahe_7.tess.tile034.png,99952,True,,,
page_010_clahe_7.tess.tile034.tess.txt,C:\Users\User\Downloads\OCR-Engine\ops\page_010_clahe_7.tess.tile034.tess.txt,0,False,,,
page_010_clahe_7.tess.tile035.png,C:\Users\User\Downloads\OCR-Engine\ops\page_010_clahe_7.tess.tile035.png,5459,True,,,
page_010_clahe_7.tess.tile035.tess.txt,C:\Users\User\Downloads\OCR-Engine\ops\page_010_clahe_7.tess.tile035.tess.txt,0,False,,,
page_010_clahe_7.tess.tile036.png,C:\Users\User\Downloads\OCR-Engine\ops\page_010_clahe_7.tess.tile036.png,9399,True,,,
page_010_clahe_7.tess.tile036.tess.txt,C:\Users\User\Downloads\OCR-Engine\ops\page_010_clahe_7.tess.tile036.tess.txt,0,False,,,
page_010_clahe_7.tess.tile037.png,C:\Users\User\Downloads\OCR-Engine\ops\page_010_clahe_7.tess.tile037.png,5591,True,,,
page_010_clahe_7.tess.tile037.tess.txt,C:\Users\User\Downloads\OCR-Engine\ops\page_010_clahe_7.tess.tile037.tess.txt,0,False,,,
page_010_clahe_7.tess.tile038.png,C:\Users\User\Downloads\OCR-Engine\ops\page_010_clahe_7.tess.tile038.png,152779,True,,,
page_010_clahe_7.tess.tile038.tess.txt,C:\Users\User\Downloads\OCR-Engine\ops\page_010_clahe_7.tess.tile038.tess.txt,6,False,,,ー]\n
page_010_clahe_7.tess.tile039.png,C:\Users\User\Downloads\OCR-Engine\ops\page_010_clahe_7.tess.tile039.png,136465,True,,,
page_010_clahe_7.tess.tile039.tess.txt,C:\Users\User\Downloads\OCR-Engine\ops\page_010_clahe_7.tess.tile039.tess.txt,28,False,,,閾\n\n国 国 国 國 団\n
page_010_clahe_7.tess.tile040.png,C:\Users\User\Downloads\OCR-Engine\ops\page_010_clahe_7.tess.tile040.png,545464,True,,,
page_010_clahe_7.tess.tile040.tess.txt,C:\Users\User\Downloads\OCR-Engine\ops\page_010_clahe_7.tess.tile040.tess.txt,309,False,,,① J W\n\nせ ト ォ\n\nー\n\nH\n\n本 mn\n\n車 華 医 岡 China\n\n目\n\n耀 Russi\n\n|\n\n芳 吉 対 (.Iiikiin\n\n[\n\nfryt\n\n①\n\n希\n\n鯱費驚~Usん W\n\n|\n\nl\n\n坂\n\n他 (fhcrs\n\n⑲③③\n\n囁\n\nネ mn\n\n=新{\n\n囁髏轟鱒me\n\n鞭 RKuxsin\n\nl\n\n` 荊 江 利 CLiitan\n\n弓\n
page_010_clahe_7.tess.tile041.png,C:\Users\User\Downloads\OCR-Engine\ops\page_010_clahe_7.tess.tile041.png,366035,True,,,
page_010_clahe_7.tess.tile041.tess.txt,C:\Users\User\Downloads\OCR-Engine\ops\page_010_clahe_7.tess.tile041.tess.txt,261,False,,,A た す で\n\nCTt せ ト\n\nに\n\nP rom\n\nE\n\n貝 で\n\nい c\n\nぽ さ\n\n{ 0\n\nLWR F\n\naa\n\n詞\n\nL\n\nG\n\n④ ら\n\n川\n\n① t\n\nャ e\n\nト ④\n\n①\n\nk P\n\nk RLet+e を\n\n』 す ゃ\n\nES A\n\nB\n\nr\n\nら\n\na E\n\nA e れ\n\nW\n
page_010_clahe_7.tess.tile042.png,C:\Users\User\Downloads\OCR-Engine\ops\page_010_clahe_7.tess.tile042.png,94345,True,,,
page_010_clahe_7.tess.tile042.tess.txt,C:\Users\User\Downloads\OCR-Engine\ops\page_010_clahe_7.tess.tile042.tess.txt,10,False,,,目\n\n|\n
page_010_clahe_7.tess.tile043.png,C:\Users\User\Downloads\OCR-Engine\ops\page_010_clahe_7.tess.tile043.png,11955,True,,,
page_010_clahe_7.tess.tile043.tess.txt,C:\Users\User\Downloads\OCR-Engine\ops\page_010_clahe_7.tess.tile043.tess.txt,0,False,,,
page_010_clahe_7.tess.tile044.png,C:\Users\User\Downloads\OCR-Engine\ops\page_010_clahe_7.tess.tile044.png,120792,True,,,
page_010_clahe_7.tess.tile044.tess.txt,C:\Users\User\Downloads\OCR-Engine\ops\page_010_clahe_7.tess.tile044.tess.txt,10,False,,,|\n\n縄\n
page_010_clahe_7.tess.tile045.png,C:\Users\User\Downloads\OCR-Engine\ops\page_010_clahe_7.tess.tile045.png,120522,True,,,
page_010_clahe_7.tess.tile045.tess.txt,C:\Users\User\Downloads\OCR-Engine\ops\page_010_clahe_7.tess.tile045.tess.txt,8,False,,,|\n\n|\n
page_010_clahe_7.tess.tile046.png,C:\Users\User\Downloads\OCR-Engine\ops\page_010_clahe_7.tess.tile046.png,11729,True,,,
page_010_clahe_7.tess.tile046.tess.txt,C:\Users\User\Downloads\OCR-Engine\ops\page_010_clahe_7.tess.tile046.tess.txt,0,False,,,
page_010_clahe_7.tess.tile047.png,C:\Users\User\Downloads\OCR-Engine\ops\page_010_clahe_7.tess.tile047.png,9679,True,,,
page_010_clahe_7.tess.tile047.tess.txt,C:\Users\User\Downloads\OCR-Engine\ops\page_010_clahe_7.tess.tile047.tess.txt,0,False,,,
page_010_clahe_7.tess.tile048.png,C:\Users\User\Downloads\OCR-Engine\ops\page_010_clahe_7.tess.tile048.png,13080,True,,,
page_010_clahe_7.tess.tile048.tess.txt,C:\Users\User\Downloads\OCR-Engine\ops\page_010_clahe_7.tess.tile048.tess.txt,0,False,,,
page_010_clahe_7.tess.tile049.png,C:\Users\User\Downloads\OCR-Engine\ops\page_010_clahe_7.tess.tile049.png,165083,True,,,
page_010_clahe_7.tess.tile049.tess.txt,C:\Users\User\Downloads\OCR-Engine\ops\page_010_clahe_7.tess.tile049.tess.txt,8,False,,,ー縄\n
page_010_clahe_7.tess.tile050.png,C:\Users\User\Downloads\OCR-Engine\ops\page_010_clahe_7.tess.tile050.png,157471,True,,,
page_010_clahe_7.tess.tile050.tess.txt,C:\Users\User\Downloads\OCR-Engine\ops\page_010_clahe_7.tess.tile050.tess.txt,7,False,,,川 |\n
page_010_clahe_7.tess.tile051.png,C:\Users\User\Downloads\OCR-Engine\ops\page_010_clahe_7.tess.tile051.png,609573,True,,,
page_010_clahe_7.tess.tile051.tess.txt,C:\Users\User\Downloads\OCR-Engine\ops\page_010_clahe_7.tess.tile051.tess.txt,338,False,,,Y 奇 病 隠 に i\n\n蓋\n\n軸 Ruxsin\n\n` 荊 江 利 CLiitan ー\n\n迷 Gernany\n\n① ゃ\n\n北 梨 付 紫 国 は ⑤. A ー\n\n他 UOthcrs\n\n0\n\n|\n\nー\n\n囁\n\n本 m\n\n田 華 馬 国 Chins\n\n` 慄\n\n纂 Russh\n\n唇 英 宮 相 Cldcin 映\n\n拷\n\n・ 蝉\n\n礫 Gcmuany\n\n・ 学 来 舌 紫 崎 U S ん 計 | ー\n
page_010_clahe_7.tess.tile052.png,C:\Users\User\Downloads\OCR-Engine\ops\page_010_clahe_7.tess.tile052.png,377744,True,,,
page_010_clahe_7.tess.tile052.tess.txt,C:\Users\User\Downloads\OCR-Engine\ops\page_010_clahe_7.tess.tile052.tess.txt,214,False,,,f\n\nrr\n\n0\n\nc f\n\nド\n\naa\n\ng\n\nm\n\nP が\n\n志\n\nik①\n\nば\n\n[\n\nれ マ す\n\na\n\nに ゃ\n\nes\n\nし R cg S\n\nも\n\nョ a\n\npa\n\n酬 ま\n\n【 ぼ\n\nCg①\n\nョ ュ\n\n計 | |\n\n睦\n
page_010_clahe_7.tess.tile053.png,C:\Users\User\Downloads\OCR-Engine\ops\page_010_clahe_7.tess.tile053.png,105567,True,,,
page_010_clahe_7.tess.tile053.tess.txt,C:\Users\User\Downloads\OCR-Engine\ops\page_010_clahe_7.tess.tile053.tess.txt,10,False,,,W\n\n川\n
page_010_clahe_7.tess.tile054.png,C:\Users\User\Downloads\OCR-Engine\ops\page_010_clahe_7.tess.tile054.png,11837,True,,,
page_010_clahe_7.tess.tile054.tess.txt,C:\Users\User\Downloads\OCR-Engine\ops\page_010_clahe_7.tess.tile054.tess.txt,0,False,,,
page_010_clahe_7.tess.tile055.png,C:\Users\User\Downloads\OCR-Engine\ops\page_010_clahe_7.tess.tile055.png,123099,True,,,
page_010_clahe_7.tess.tile055.tess.txt,C:\Users\User\Downloads\OCR-Engine\ops\page_010_clahe_7.tess.tile055.tess.txt,0,False,,,
page_010_clahe_7.tess.tile056.png,C:\Users\User\Downloads\OCR-Engine\ops\page_010_clahe_7.tess.tile056.png,118737,True,,,
page_010_clahe_7.tess.tile056.tess.txt,C:\Users\User\Downloads\OCR-Engine\ops\page_010_clahe_7.tess.tile056.tess.txt,0,False,,,
page_010_clahe_7.tess.tile057.png,C:\Users\User\Downloads\OCR-Engine\ops\page_010_clahe_7.tess.tile057.png,12680,True,,,
page_010_clahe_7.tess.tile057.tess.txt,C:\Users\User\Downloads\OCR-Engine\ops\page_010_clahe_7.tess.tile057.tess.txt,0,False,,,
page_010_clahe_7.tess.tile058.png,C:\Users\User\Downloads\OCR-Engine\ops\page_010_clahe_7.tess.tile058.png,7327,True,,,
page_010_clahe_7.tess.tile058.tess.txt,C:\Users\User\Downloads\OCR-Engine\ops\page_010_clahe_7.tess.tile058.tess.txt,0,False,,,
page_010_clahe_7.tess.tile059.png,C:\Users\User\Downloads\OCR-Engine\ops\page_010_clahe_7.tess.tile059.png,8045,True,,,
page_010_clahe_7.tess.tile059.tess.txt,C:\Users\User\Downloads\OCR-Engine\ops\page_010_clahe_7.tess.tile059.tess.txt,0,False,,,
page_010_clahe_7.tess.tile060.png,C:\Users\User\Downloads\OCR-Engine\ops\page_010_clahe_7.tess.tile060.png,165053,True,,,
page_010_clahe_7.tess.tile060.tess.txt,C:\Users\User\Downloads\OCR-Engine\ops\page_010_clahe_7.tess.tile060.tess.txt,10,False,,,③0⑥0\n
page_010_clahe_7.tess.tile061.png,C:\Users\User\Downloads\OCR-Engine\ops\page_010_clahe_7.tess.tile061.png,186231,True,,,
page_010_clahe_7.tess.tile061.tess.txt,C:\Users\User\Downloads\OCR-Engine\ops\page_010_clahe_7.tess.tile061.tess.txt,24,False,,,旭 旧 目\n\n川 門\n
page_010_clahe_7.tess.tile062.png,C:\Users\User\Downloads\OCR-Engine\ops\page_010_clahe_7.tess.tile062.png,616536,True,,,
page_010_clahe_7.tess.tile062.tess.txt,C:\Users\User\Downloads\OCR-Engine\ops\page_010_clahe_7.tess.tile062.tess.txt,457,False,,,~鱒 囁 〝 a が P\n\nト っ\n\n: 蝉\n\n礫 Gcmuany\n\n| ー\n\n鵠賽驚ー り ふ ん ま\n\n田\n\n萱\n\n共\n\n他 (thcrs\n\n⑲③①\n\n目\n\nー\n\nー\n\n本 amumn\n\ne + 栄 渚 民 國 China -\n\n⑯\n\nー\n\n! t\n\nー\n\n藤\n\n羅 Russia\n\nD L‥\n\nr 蔵 貝 利 L Rrittin 幽\n\n` 覇\n\n|\n\n鴨 Gcnnany\n\nし 不 米 代 細 
page_010_clahe_7.tess.tile063.png,C:\Users\User\Downloads\OCR-Engine\ops\page_010_clahe_7.tess.tile063.png,443552,True,,,
page_010_clahe_7.tess.tile063.tess.txt,C:\Users\User\Downloads\OCR-Engine\ops\page_010_clahe_7.tess.tile063.tess.txt,281,False,,,ョ ま\n\n)\n\nT\n\nhetAe\n\nェ k\n\nネ キ\n\nm\n\nョ セ\n\nR\n\n⑲es\n\nn が )\n\n途\n\nRrre\n\nむ\n\nPtSRFM\n\ne\n\nI r rr や\n\nト\n\nョ\n\n口\n\nPC 誠\n\n欧 迦\n\n⑧\n\nm\n\n口 |\n\nい\n\nョ も\n\nー\n\nL\n\n_ー‡`\n\n①\n\nI00\n\n?Q\n\n弧\n\nF 、\n
page_010_clahe_7.tess.tile064.png,C:\Users\User\Downloads\OCR-Engine\ops\page_010_clahe_7.tess.tile064.png,123267,True,,,
page_010_clahe_7.tess.tile064.tess.txt,C:\Users\User\Downloads\OCR-Engine\ops\page_010_clahe_7.tess.tile064.tess.txt,17,False,,,相\n\nW\n\n言\n
page_010_clahe_7.tess.tile065.png,C:\Users\User\Downloads\OCR-Engine\ops\page_010_clahe_7.tess.tile065.png,5025,True,,,
page_010_clahe_7.tess.tile065.tess.txt,C:\Users\User\Downloads\OCR-Engine\ops\page_010_clahe_7.tess.tile065.tess.txt,0,False,,,
page_010_clahe_7.tess.tile066.png,C:\Users\User\Downloads\OCR-Engine\ops\page_010_clahe_7.tess.tile066.png,94375,True,,,
page_010_clahe_7.tess.tile066.tess.txt,C:\Users\User\Downloads\OCR-Engine\ops\page_010_clahe_7.tess.tile066.tess.txt,7,False,,,ョ a\n
page_010_clahe_7.tess.tile067.png,C:\Users\User\Downloads\OCR-Engine\ops\page_010_clahe_7.tess.tile067.png,107250,True,,,
page_010_clahe_7.tess.tile067.tess.txt,C:\Users\User\Downloads\OCR-Engine\ops\page_010_clahe_7.tess.tile067.tess.txt,21,False,,,ョ\n\nョ a\n\n」\n
page_010_clahe_7.tess.tile068.png,C:\Users\User\Downloads\OCR-Engine\ops\page_010_clahe_7.tess.tile068.png,27362,True,,,
page_010_clahe_7.tess.tile068.tess.txt,C:\Users\User\Downloads\OCR-Engine\ops\page_010_clahe_7.tess.tile068.tess.txt,0,False,,,
page_010_clahe_7.tess.tile069.png,C:\Users\User\Downloads\OCR-Engine\ops\page_010_clahe_7.tess.tile069.png,22816,True,,,
page_010_clahe_7.tess.tile069.tess.txt,C:\Users\User\Downloads\OCR-Engine\ops\page_010_clahe_7.tess.tile069.tess.txt,0,False,,,
page_010_clahe_7.tess.tile070.png,C:\Users\User\Downloads\OCR-Engine\ops\page_010_clahe_7.tess.tile070.png,28228,True,,,
page_010_clahe_7.tess.tile070.tess.txt,C:\Users\User\Downloads\OCR-Engine\ops\page_010_clahe_7.tess.tile070.tess.txt,0,False,,,
page_010_clahe_7.tess.tile071.png,C:\Users\User\Downloads\OCR-Engine\ops\page_010_clahe_7.tess.tile071.png,146511,True,,,
page_010_clahe_7.tess.tile071.tess.txt,C:\Users\User\Downloads\OCR-Engine\ops\page_010_clahe_7.tess.tile071.tess.txt,42,False,,,③0⑥\n\nー ー ニ ーーー 一 一\n
page_010_clahe_7.tess.tile072.png,C:\Users\User\Downloads\OCR-Engine\ops\page_010_clahe_7.tess.tile072.png,120592,True,,,
page_010_clahe_7.tess.tile072.tess.txt,C:\Users\User\Downloads\OCR-Engine\ops\page_010_clahe_7.tess.tile072.tess.txt,74,False,,,皿\n\n?\n\nI\n\n⑤\n\n‥\n\nー\n\nー ー\n\n國 謀 詞 談 談 田\n
page_010_clahe_7.tess.tile073.png,C:\Users\User\Downloads\OCR-Engine\ops\page_010_clahe_7.tess.tile073.png,196976,True,,,
page_010_clahe_7.tess.tile073.tess.txt,C:\Users\User\Downloads\OCR-Engine\ops\page_010_clahe_7.tess.tile073.tess.txt,281,False,,,0 L ①\n\nL a\n\nW\n\nP\n\nい\n\n化\n\n他 (Nthcrs\n\n0\n\n⑤0 ③0 ID\n\n①0 ⑳\n\nMNiillinn\n\nNiltnn\n\n圃 ge ー ー ペ ー ュ ュ ーーー ニ ー ー シ ニ ー ニ ー ニ ーーーーー て ーー、 こ ニ レ ニ ニ ー ニ ュ ニ ー ニ ー シ ー て\n
page_010_clahe_7.tess.tile074.png,C:\Users\User\Downloads\OCR-Engine\ops\page_010_clahe_7.tess.tile074.png,159399,True,,,
page_010_clahe_7.tess.tile074.tess.txt,C:\Users\User\Downloads\OCR-Engine\ops\page_010_clahe_7.tess.tile074.tess.txt,255,False,,,い t\n\nョ ー ま\n\nい k\n\nI0 ③0 ⑤\n\n| 叩\n\nQ\n\nWfinn\n\nー ニ =ーーーー\n\nー シ ー ー ュ ーー ニ ー ニ ー ニ ー ピ ニ ニ = ニ : と ー に つ ニ ニ ド ー ニ ー ニ ニ ーー =ーー デ ニ ー ニ ー ド\n
page_010_clahe_7.tess.tile075.png,C:\Users\User\Downloads\OCR-Engine\ops\page_010_clahe_7.tess.tile075.png,87901,True,,,
page_010_clahe_7.tess.tile075.tess.txt,C:\Users\User\Downloads\OCR-Engine\ops\page_010_clahe_7.tess.tile075.tess.txt,7,False,,,① |\n
page_010_clahe_7.tess.tile076.png,C:\Users\User\Downloads\OCR-Engine\ops\page_010_clahe_7.tess.tile076.png,11106,True,,,
page_010_clahe_7.tess.tile076.tess.txt,C:\Users\User\Downloads\OCR-Engine\ops\page_010_clahe_7.tess.tile076.tess.txt,0,False,,,
page_010_clahe_7.tess.tile077.png,C:\Users\User\Downloads\OCR-Engine\ops\page_010_clahe_7.tess.tile077.png,9918,True,,,
page_010_clahe_7.tess.tile077.tess.txt,C:\Users\User\Downloads\OCR-Engine\ops\page_010_clahe_7.tess.tile077.tess.txt,5,False,,,ォ\n
page_010_clahe_7.tess.tile078.png,C:\Users\User\Downloads\OCR-Engine\ops\page_010_clahe_7.tess.tile078.png,13933,True,,,
page_010_clahe_7.tess.tile078.tess.txt,C:\Users\User\Downloads\OCR-Engine\ops\page_010_clahe_7.tess.tile078.tess.txt,0,False,,,
page_010_clahe_7.tess.tile079.png,C:\Users\User\Downloads\OCR-Engine\ops\page_010_clahe_7.tess.tile079.png,7622,True,,,
page_010_clahe_7.tess.tile079.tess.txt,C:\Users\User\Downloads\OCR-Engine\ops\page_010_clahe_7.tess.tile079.tess.txt,14,False,,,里\n\nR 」\n
page_010_clahe_7.tess.tile080.png,C:\Users\User\Downloads\OCR-Engine\ops\page_010_clahe_7.tess.tile080.png,8297,True,,,
page_010_clahe_7.tess.tile080.tess.txt,C:\Users\User\Downloads\OCR-Engine\ops\page_010_clahe_7.tess.tile080.tess.txt,0,False,,,
page_010_clahe_7.tess.tile081.png,C:\Users\User\Downloads\OCR-Engine\ops\page_010_clahe_7.tess.tile081.png,15873,True,,,
page_010_clahe_7.tess.tile081.tess.txt,C:\Users\User\Downloads\OCR-Engine\ops\page_010_clahe_7.tess.tile081.tess.txt,0,False,,,
page_010_clahe_7.tess.tile082.png,C:\Users\User\Downloads\OCR-Engine\ops\page_010_clahe_7.tess.tile082.png,7372,True,,,
page_010_clahe_7.tess.tile082.tess.txt,C:\Users\User\Downloads\OCR-Engine\ops\page_010_clahe_7.tess.tile082.tess.txt,0,False,,,
page_010_clahe_7.tess.tile083.png,C:\Users\User\Downloads\OCR-Engine\ops\page_010_clahe_7.tess.tile083.png,17456,True,,,
page_010_clahe_7.tess.tile083.tess.txt,C:\Users\User\Downloads\OCR-Engine\ops\page_010_clahe_7.tess.tile083.tess.txt,10,False,,,ピ\n\n#\n
page_010_clahe_7.tess.tile084.png,C:\Users\User\Downloads\OCR-Engine\ops\page_010_clahe_7.tess.tile084.png,15189,True,,,
page_010_clahe_7.tess.tile084.tess.txt,C:\Users\User\Downloads\OCR-Engine\ops\page_010_clahe_7.tess.tile084.tess.txt,0,False,,,
page_010_clahe_7.tess.tile085.png,C:\Users\User\Downloads\OCR-Engine\ops\page_010_clahe_7.tess.tile085.png,93008,True,,,
page_010_clahe_7.tess.tile085.tess.txt,C:\Users\User\Downloads\OCR-Engine\ops\page_010_clahe_7.tess.tile085.tess.txt,117,False,,,ー'~・ ノ共】\n\nー蝿L\n\nビ デ `\n\nー_\n\n・_績\n\nキ ー ド\n\nl\n\n】\n\nこ ド\n\n和 *\n\n〕\n
page_010_clahe_7.tess.tile086.png,C:\Users\User\Downloads\OCR-Engine\ops\page_010_clahe_7.tess.tile086.png,234296,True,,,
page_010_clahe_7.tess.tile086.tess.txt,C:\Users\User\Downloads\OCR-Engine\ops\page_010_clahe_7.tess.tile086.tess.txt,357,False,,,ト ー\n\n打 ョ ョ ー 一 ー\n\na ー ネト\n\n楊 ォ\n\n・'~轟 em+\n\nkot\n\nl\n\nー鱒{L ]\n\nデ ー 】\n\nト ー A\n\n】`\n\nュ ュ\n\nョ ー ョ\n\n_~ー\n\na e\n\nョ a\n\nC\n\n`ー~ ‥\n\n」】\n\n啓 み る\n\nる YC① d ょ 汀 ③③ 向 | 綱\n\nーー\n\n翼_\n\nー S の t い せ か m ッ m ペ\n\nS\n\n降 池 )\n\nwPs\n
page_010_clahe_7.tess.tile087.png,C:\Users\User\Downloads\OCR-Engine\ops\page_010_clahe_7.tess.tile087.png,117634,True,,,
page_010_clahe_7.tess.tile087.tess.txt,C:\Users\User\Downloads\OCR-Engine\ops\page_010_clahe_7.tess.tile087.tess.txt,197,False,,,"C ペ デ\n\n〝{\n\nぱー\n\n`ー S マ ー\n\nー′\n\n和\n\n` 閲 に\n\nに s ネ ー ョ\n\nャ キ\n\n[ 報 ①\n\nPee\n\nに 」\n\nー\n\nーー ー 一\n\nF\n\nド S\n\n…蝿 ,ーー\n"
page_010_clahe_7.tess.tiled.psm11.clean.txt,C:\Users\User\Downloads\OCR-Engine\ops\page_010_clahe_7.tess.tiled.psm11.clean.txt,2860,False,,,"と メ31ー ニ ーーーーーーーーー4. 轍 出Valuecs of Exports( 軸入 )Imports&44.11 値Rー 一 ー曲 入 主 要 國 別 累ports and Imports by F0...囁「i'鴨入)値R【(F8mHilま19 でt =縄鱒; _] 累 年 比 較ountrics,1081 019015( 輝自 )Exhortst =縄鱒; ョ1 傳? 磋」 ョ「ーー"
page_010_clahe_7.tess.tiled.psm11.normalized.txt,C:\Users\User\Downloads\OCR-Engine\ops\page_010_clahe_7.tess.tiled.psm11.normalized.txt,3782,False,,,"と メ\n③ ①\nー ニ ーーーーーーーーー=\n④. 轍 出\nValuecs of Exports\n( 軸\n入 )\nImports\n& ④\n[④. ①\n① 値\nR\nー 一 ー\n曲 入 主 要 國 別 累\nports and Imports by F0…囁「i'\n鴨入)\n値\nR\n【(F⑧mHil\nま\n[\n⑲ で\nt =縄鱒; _\n] 累 年 比 較\nountrics, ①0⑧① {0 ⑲0①⑤\n( 輝"
page_010_clahe_7.tess.tiled.psm11.normalized.txt.ollama.suggested.txt,C:\Users\User\Downloads\OCR-Engine\ops\page_010_clahe_7.tess.tiled.psm11.normalized.txt.ollama.suggested.txt,3775,False,,,"と メ\n③ ①\nError: unknown flag: --prompt\n④. 轍 出\nValuecs of Exports\n( 軸\n入 )\nImports\n& ④\n[④. ①\n① 値\nR\nー 一 ー\n曲 入 主 要 國 別 累\nports and Imports by F0…囁「i'\n鴨入)\n値\nR\n【(F⑧mHil\nま\n[\n⑲ で\nt =縄鱒; _\n] 累 年 比 較\nountrics, ①"
page_010_clahe_7.tess.tiled.psm11.txt,C:\Users\User\Downloads\OCR-Engine\ops\page_010_clahe_7.tess.tiled.psm11.txt,4456,False,,,と メ\n③ ①\nー ニ ーーーーーーーーー=\n\n④. 轍 出\n\nValuecs of Exports\n\n( 軸\n\n入 )\n\nImports\n\n& ④\n\n[④. ①\n\n① 値\n\nR\nー 一 ー\n\n曲 入 主 要 國 別 累\n\nports and Imports by F0…囁「i'\n\n鴨入)\n\n値\n\nR\n\n【(F⑧mHil\n\nま\n\n[\n\n⑲ で\n\nt =縄鱒; _\n] 累 年 比 較\n\nountri
page_010_clahe_8.clean.txt,C:\Users\User\Downloads\OCR-Engine\ops\page_010_clahe_8.clean.txt,0,False,,,
page_010_clahe_8.png,C:\Users\User\Downloads\OCR-Engine\ops\page_010_clahe_8.png,10354930,True,,,
page_010_clahe_8.rapid.txt,C:\Users\User\Downloads\OCR-Engine\ops\page_010_clahe_8.rapid.txt,0,False,,,
page_010_clahe_8.tess.tile000.png,C:\Users\User\Downloads\OCR-Engine\ops\page_010_clahe_8.tess.tile000.png,23484,True,,,
page_010_clahe_8.tess.tile000.tess.txt,C:\Users\User\Downloads\OCR-Engine\ops\page_010_clahe_8.tess.tile000.tess.txt,0,False,,,
page_010_clahe_8.tess.tile001.png,C:\Users\User\Downloads\OCR-Engine\ops\page_010_clahe_8.tess.tile001.png,62299,True,,,
page_010_clahe_8.tess.tile001.tess.txt,C:\Users\User\Downloads\OCR-Engine\ops\page_010_clahe_8.tess.tile001.tess.txt,0,False,,,
page_010_clahe_8.tess.tile002.png,C:\Users\User\Downloads\OCR-Engine\ops\page_010_clahe_8.tess.tile002.png,25107,True,,,
page_010_clahe_8.tess.tile002.tess.txt,C:\Users\User\Downloads\OCR-Engine\ops\page_010_clahe_8.tess.tile002.tess.txt,0,False,,,
page_010_clahe_8.tess.tile003.png,C:\Users\User\Downloads\OCR-Engine\ops\page_010_clahe_8.tess.tile003.png,23020,True,,,
page_010_clahe_8.tess.tile003.tess.txt,C:\Users\User\Downloads\OCR-Engine\ops\page_010_clahe_8.tess.tile003.tess.txt,0,False,,,
page_010_clahe_8.tess.tile004.png,C:\Users\User\Downloads\OCR-Engine\ops\page_010_clahe_8.tess.tile004.png,25777,True,,,
page_010_clahe_8.tess.tile004.tess.txt,C:\Users\User\Downloads\OCR-Engine\ops\page_010_clahe_8.tess.tile004.tess.txt,0,False,,,
page_010_clahe_8.tess.tile005.png,C:\Users\User\Downloads\OCR-Engine\ops\page_010_clahe_8.tess.tile005.png,70746,True,,,
page_010_clahe_8.tess.tile005.tess.txt,C:\Users\User\Downloads\OCR-Engine\ops\page_010_clahe_8.tess.tile005.tess.txt,0,False,,,
page_010_clahe_8.tess.tile006.png,C:\Users\User\Downloads\OCR-Engine\ops\page_010_clahe_8.tess.tile006.png,22654,True,,,
page_010_clahe_8.tess.tile006.tess.txt,C:\Users\User\Downloads\OCR-Engine\ops\page_010_clahe_8.tess.tile006.tess.txt,0,False,,,
page_010_clahe_8.tess.tile007.png,C:\Users\User\Downloads\OCR-Engine\ops\page_010_clahe_8.tess.tile007.png,27054,True,,,
page_010_clahe_8.tess.tile007.tess.txt,C:\Users\User\Downloads\OCR-Engine\ops\page_010_clahe_8.tess.tile007.tess.txt,0,False,,,
page_010_clahe_8.tess.tile008.png,C:\Users\User\Downloads\OCR-Engine\ops\page_010_clahe_8.tess.tile008.png,25520,True,,,
page_010_clahe_8.tess.tile008.tess.txt,C:\Users\User\Downloads\OCR-Engine\ops\page_010_clahe_8.tess.tile008.tess.txt,0,False,,,
page_010_clahe_8.tess.tile009.png,C:\Users\User\Downloads\OCR-Engine\ops\page_010_clahe_8.tess.tile009.png,36884,True,,,
page_010_clahe_8.tess.tile009.tess.txt,C:\Users\User\Downloads\OCR-Engine\ops\page_010_clahe_8.tess.tile009.tess.txt,0,False,,,
page_010_clahe_8.tess.tile010.png,C:\Users\User\Downloads\OCR-Engine\ops\page_010_clahe_8.tess.tile010.png,13955,True,,,
page_010_clahe_8.tess.tile010.tess.txt,C:\Users\User\Downloads\OCR-Engine\ops\page_010_clahe_8.tess.tile010.tess.txt,0,False,,,
page_010_clahe_8.tess.tile011.png,C:\Users\User\Downloads\OCR-Engine\ops\page_010_clahe_8.tess.tile011.png,51938,True,,,
page_010_clahe_8.tess.tile011.tess.txt,C:\Users\User\Downloads\OCR-Engine\ops\page_010_clahe_8.tess.tile011.tess.txt,0,False,,,
page_010_clahe_8.tess.tile012.png,C:\Users\User\Downloads\OCR-Engine\ops\page_010_clahe_8.tess.tile012.png,85298,True,,,
page_010_clahe_8.tess.tile012.tess.txt,C:\Users\User\Downloads\OCR-Engine\ops\page_010_clahe_8.tess.tile012.tess.txt,0,False,,,
page_010_clahe_8.tess.tile013.png,C:\Users\User\Downloads\OCR-Engine\ops\page_010_clahe_8.tess.tile013.png,5335,True,,,
page_010_clahe_8.tess.tile013.tess.txt,C:\Users\User\Downloads\OCR-Engine\ops\page_010_clahe_8.tess.tile013.tess.txt,0,False,,,
page_010_clahe_8.tess.tile014.png,C:\Users\User\Downloads\OCR-Engine\ops\page_010_clahe_8.tess.tile014.png,5537,True,,,
page_010_clahe_8.tess.tile014.tess.txt,C:\Users\User\Downloads\OCR-Engine\ops\page_010_clahe_8.tess.tile014.tess.txt,0,False,,,
page_010_clahe_8.tess.tile015.png,C:\Users\User\Downloads\OCR-Engine\ops\page_010_clahe_8.tess.tile015.png,5535,True,,,
page_010_clahe_8.tess.tile015.tess.txt,C:\Users\User\Downloads\OCR-Engine\ops\page_010_clahe_8.tess.tile015.tess.txt,0,False,,,
page_010_clahe_8.tess.tile016.png,C:\Users\User\Downloads\OCR-Engine\ops\page_010_clahe_8.tess.tile016.png,102407,True,,,
page_010_clahe_8.tess.tile016.tess.txt,C:\Users\User\Downloads\OCR-Engine\ops\page_010_clahe_8.tess.tile016.tess.txt,9,False,,,③ ①\n
page_010_clahe_8.tess.tile017.png,C:\Users\User\Downloads\OCR-Engine\ops\page_010_clahe_8.tess.tile017.png,175175,True,,,
page_010_clahe_8.tess.tile017.tess.txt,C:\Users\User\Downloads\OCR-Engine\ops\page_010_clahe_8.tess.tile017.tess.txt,100,False,,,④. 轍 出\n\nValues of Exports\n\n( 輸\n\n入 )\n\nImports\n\n③ 華\n\n? 蓋\n\n① 値\n\n~\n
page_010_clahe_8.tess.tile018.png,C:\Users\User\Downloads\OCR-Engine\ops\page_010_clahe_8.tess.tile018.png,221646,True,,,
page_010_clahe_8.tess.tile018.tess.txt,C:\Users\User\Downloads\OCR-Engine\ops\page_010_clahe_8.tess.tile018.tess.txt,122,False,,,朱 入 主 要 國 別 累\n\nPorts and Imports by F0…囁「iー\n\n趙入)\n\n佐\n\n陳 け\n\n① 0 長\n\n通 曹\n
page_010_clahe_8.tess.tile019.png,C:\Users\User\Downloads\OCR-Engine\ops\page_010_clahe_8.tess.tile019.png,194958,True,,,
page_010_clahe_8.tess.tile019.tess.txt,C:\Users\User\Downloads\OCR-Engine\ops\page_010_clahe_8.tess.tile019.tess.txt,121,False,,,"| 累 年 比 軽\n\nountrics, ①0⑧① {0 ①0⑧⑤\n\n( 輝\n\n自 )\n\nExhports\n\n⑪\n\nョ\n\n① 傳\n\n? 磋\n"
page_010_clahe_8.tess.tile020.png,C:\Users\User\Downloads\OCR-Engine\ops\page_010_clahe_8.tess.tile020.png,63954,True,,,
page_010_clahe_8.tess.tile020.tess.txt,C:\Users\User\Downloads\OCR-Engine\ops\page_010_clahe_8.tess.tile020.tess.txt,9,False,,,」 ョ\n
page_010_clahe_8.tess.tile021.png,C:\Users\User\Downloads\OCR-Engine\ops\page_010_clahe_8.tess.tile021.png,19494,True,,,
page_010_clahe_8.tess.tile021.tess.txt,C:\Users\User\Downloads\OCR-Engine\ops\page_010_clahe_8.tess.tile021.tess.txt,0,False,,,
page_010_clahe_8.tess.tile022.png,C:\Users\User\Downloads\OCR-Engine\ops\page_010_clahe_8.tess.tile022.png,67853,True,,,
page_010_clahe_8.tess.tile022.tess.txt,C:\Users\User\Downloads\OCR-Engine\ops\page_010_clahe_8.tess.tile022.tess.txt,6,False,,,「{\n
page_010_clahe_8.tess.tile023.png,C:\Users\User\Downloads\OCR-Engine\ops\page_010_clahe_8.tess.tile023.png,89670,True,,,
page_010_clahe_8.tess.tile023.tess.txt,C:\Users\User\Downloads\OCR-Engine\ops\page_010_clahe_8.tess.tile023.tess.txt,0,False,,,
page_010_clahe_8.tess.tile024.png,C:\Users\User\Downloads\OCR-Engine\ops\page_010_clahe_8.tess.tile024.png,5335,True,,,
page_010_clahe_8.tess.tile024.tess.txt,C:\Users\User\Downloads\OCR-Engine\ops\page_010_clahe_8.tess.tile024.tess.txt,0,False,,,
page_010_clahe_8.tess.tile025.png,C:\Users\User\Downloads\OCR-Engine\ops\page_010_clahe_8.tess.tile025.png,5335,True,,,
page_010_clahe_8.tess.tile025.tess.txt,C:\Users\User\Downloads\OCR-Engine\ops\page_010_clahe_8.tess.tile025.tess.txt,0,False,,,
page_010_clahe_8.tess.tile026.png,C:\Users\User\Downloads\OCR-Engine\ops\page_010_clahe_8.tess.tile026.png,5335,True,,,
page_010_clahe_8.tess.tile026.tess.txt,C:\Users\User\Downloads\OCR-Engine\ops\page_010_clahe_8.tess.tile026.tess.txt,0,False,,,
page_010_clahe_8.tess.tile027.png,C:\Users\User\Downloads\OCR-Engine\ops\page_010_clahe_8.tess.tile027.png,118166,True,,,
page_010_clahe_8.tess.tile027.tess.txt,C:\Users\User\Downloads\OCR-Engine\ops\page_010_clahe_8.tess.tile027.tess.txt,6,False,,,ー}\n
page_010_clahe_8.tess.tile028.png,C:\Users\User\Downloads\OCR-Engine\ops\page_010_clahe_8.tess.tile028.png,135291,True,,,
page_010_clahe_8.tess.tile028.tess.txt,C:\Users\User\Downloads\OCR-Engine\ops\page_010_clahe_8.tess.tile028.tess.txt,5,False,,,山\n
page_010_clahe_8.tess.tile029.png,C:\Users\User\Downloads\OCR-Engine\ops\page_010_clahe_8.tess.tile029.png,401273,True,,,
page_010_clahe_8.tess.tile029.tess.txt,C:\Users\User\Downloads\OCR-Engine\ops\page_010_clahe_8.tess.tile029.tess.txt,355,False,,,( 下 乙 Rl\n\nt TRI\n\n⑤ $ ①\n\n⑲③⑤\n\n⑨\n\nl\n\nI ① 【\n\n旨\n\n赤 Jammn\n\nて\n\n[\n\n中 薇 民 国 China\n\n懸\n\n聴 Kussia\n\n葺 合 判 (t Imtuin\n\nに |\n\n鐵 Gerntany\n\n」 北 米 合 流 國 け ⑤ 九\n\n北\n\n慕 (Nhcrs\n\n惟\n\n⑲③④\n\nH\n\n本 mn\n\n[ ォ\n\n|\n\nI M ①\n\n患 臺 屋 團 れ hin 
page_010_clahe_8.tess.tile030.png,C:\Users\User\Downloads\OCR-Engine\ops\page_010_clahe_8.tess.tile030.png,329922,True,,,
page_010_clahe_8.tess.tile030.tess.txt,C:\Users\User\Downloads\OCR-Engine\ops\page_010_clahe_8.tess.tile030.tess.txt,221,False,,,]\n\nExhports\n\nt TRI\n\n① ③\n\n① 傾\n\n② 儘\n\ni し\n\n① ま 随\n\nRm\n\nい に エ も\n\nrjh\n\nCr\n\n用\n\n」\n\nL は\n\nr\n\nv\n\nド さ\n\nPd\n\nP 〝{\n\nエ レ r キ キ に\n\nToai l\n\nW F\n
page_010_clahe_8.tess.tile031.png,C:\Users\User\Downloads\OCR-Engine\ops\page_010_clahe_8.tess.tile031.png,76048,True,,,
page_010_clahe_8.tess.tile031.tess.txt,C:\Users\User\Downloads\OCR-Engine\ops\page_010_clahe_8.tess.tile031.tess.txt,8,False,,,誰ー\n
page_010_clahe_8.tess.tile032.png,C:\Users\User\Downloads\OCR-Engine\ops\page_010_clahe_8.tess.tile032.png,14297,True,,,
page_010_clahe_8.tess.tile032.tess.txt,C:\Users\User\Downloads\OCR-Engine\ops\page_010_clahe_8.tess.tile032.tess.txt,0,False,,,
page_010_clahe_8.tess.tile033.png,C:\Users\User\Downloads\OCR-Engine\ops\page_010_clahe_8.tess.tile033.png,90333,True,,,
page_010_clahe_8.tess.tile033.tess.txt,C:\Users\User\Downloads\OCR-Engine\ops\page_010_clahe_8.tess.tile033.tess.txt,0,False,,,
page_010_clahe_8.tess.tile034.png,C:\Users\User\Downloads\OCR-Engine\ops\page_010_clahe_8.tess.tile034.png,85432,True,,,
page_010_clahe_8.tess.tile034.tess.txt,C:\Users\User\Downloads\OCR-Engine\ops\page_010_clahe_8.tess.tile034.tess.txt,0,False,,,
page_010_clahe_8.tess.tile035.png,C:\Users\User\Downloads\OCR-Engine\ops\page_010_clahe_8.tess.tile035.png,5335,True,,,
page_010_clahe_8.tess.tile035.tess.txt,C:\Users\User\Downloads\OCR-Engine\ops\page_010_clahe_8.tess.tile035.tess.txt,0,False,,,
page_010_clahe_8.tess.tile036.png,C:\Users\User\Downloads\OCR-Engine\ops\page_010_clahe_8.tess.tile036.png,6180,True,,,
page_010_clahe_8.tess.tile036.tess.txt,C:\Users\User\Downloads\OCR-Engine\ops\page_010_clahe_8.tess.tile036.tess.txt,0,False,,,
page_010_clahe_8.tess.tile037.png,C:\Users\User\Downloads\OCR-Engine\ops\page_010_clahe_8.tess.tile037.png,5335,True,,,
page_010_clahe_8.tess.tile037.tess.txt,C:\Users\User\Downloads\OCR-Engine\ops\page_010_clahe_8.tess.tile037.tess.txt,0,False,,,
page_010_clahe_8.tess.tile038.png,C:\Users\User\Downloads\OCR-Engine\ops\page_010_clahe_8.tess.tile038.png,121159,True,,,
page_010_clahe_8.tess.tile038.tess.txt,C:\Users\User\Downloads\OCR-Engine\ops\page_010_clahe_8.tess.tile038.tess.txt,5,False,,,邱\n
page_010_clahe_8.tess.tile039.png,C:\Users\User\Downloads\OCR-Engine\ops\page_010_clahe_8.tess.tile039.png,76259,True,,,
page_010_clahe_8.tess.tile039.tess.txt,C:\Users\User\Downloads\OCR-Engine\ops\page_010_clahe_8.tess.tile039.tess.txt,16,False,,,閾\n\n| | | |\n
page_010_clahe_8.tess.tile040.png,C:\Users\User\Downloads\OCR-Engine\ops\page_010_clahe_8.tess.tile040.png,428550,True,,,
page_010_clahe_8.tess.tile040.tess.txt,C:\Users\User\Downloads\OCR-Engine\ops\page_010_clahe_8.tess.tile040.tess.txt,319,False,,,① J W\n\nH\n\n本 mn\n\n[ ォ\n\n市 華 民 国 China\n\n[\n\n羅 Russi\n\n|\n\n茂 向 利 岳 .①iikiin\n\nFg\n\n判\n\n迷 Gcnnany\n\n食 来 合 絣 崎 U. ⑤ ん\n\n|\n\n弐\n\n他 (thcrs\n\n⑲③③\n\n囁\n\n本 mn\n\n山 す ま\n\n中驚轟債L…m\n\n臓 Ruzsin\n\nl\n\n` 苑 杏 利 CLintain\n\nh 園\n
page_010_clahe_8.tess.tile041.png,C:\Users\User\Downloads\OCR-Engine\ops\page_010_clahe_8.tess.tile041.png,299865,True,,,
page_010_clahe_8.tess.tile041.tess.txt,C:\Users\User\Downloads\OCR-Engine\ops\page_010_clahe_8.tess.tile041.tess.txt,267,False,,,PJ\n\nに な\n\nEre\n\nSoet 種\n\nD\n\nM た で す で\n\n啓\n\n⑧LPn\n\nLta\n\n詞\n\nャ ェ セ\n\n}f _' _~'\n\nョ\n\nョ す\n\nY\n\nト ④\n\nW\n\nす ゃ る\n\n[ 哉 は く た\n\nmaW\n\nB\n\nYN ⑧\n\nS 啓\n\nb 旭 す ⑧ Eymte\n\nき TT k\n\n」\n
page_010_clahe_8.tess.tile042.png,C:\Users\User\Downloads\OCR-Engine\ops\page_010_clahe_8.tess.tile042.png,68371,True,,,
page_010_clahe_8.tess.tile042.tess.txt,C:\Users\User\Downloads\OCR-Engine\ops\page_010_clahe_8.tess.tile042.tess.txt,10,False,,,目\n\n|\n
page_010_clahe_8.tess.tile043.png,C:\Users\User\Downloads\OCR-Engine\ops\page_010_clahe_8.tess.tile043.png,12292,True,,,
page_010_clahe_8.tess.tile043.tess.txt,C:\Users\User\Downloads\OCR-Engine\ops\page_010_clahe_8.tess.tile043.tess.txt,0,False,,,
page_010_clahe_8.tess.tile044.png,C:\Users\User\Downloads\OCR-Engine\ops\page_010_clahe_8.tess.tile044.png,108338,True,,,
page_010_clahe_8.tess.tile044.tess.txt,C:\Users\User\Downloads\OCR-Engine\ops\page_010_clahe_8.tess.tile044.tess.txt,10,False,,,|\n\n′\n
page_010_clahe_8.tess.tile045.png,C:\Users\User\Downloads\OCR-Engine\ops\page_010_clahe_8.tess.tile045.png,101914,True,,,
page_010_clahe_8.tess.tile045.tess.txt,C:\Users\User\Downloads\OCR-Engine\ops\page_010_clahe_8.tess.tile045.tess.txt,8,False,,,|\n\n|\n
page_010_clahe_8.tess.tile046.png,C:\Users\User\Downloads\OCR-Engine\ops\page_010_clahe_8.tess.tile046.png,7787,True,,,
page_010_clahe_8.tess.tile046.tess.txt,C:\Users\User\Downloads\OCR-Engine\ops\page_010_clahe_8.tess.tile046.tess.txt,0,False,,,
page_010_clahe_8.tess.tile047.png,C:\Users\User\Downloads\OCR-Engine\ops\page_010_clahe_8.tess.tile047.png,6331,True,,,
page_010_clahe_8.tess.tile047.tess.txt,C:\Users\User\Downloads\OCR-Engine\ops\page_010_clahe_8.tess.tile047.tess.txt,0,False,,,
page_010_clahe_8.tess.tile048.png,C:\Users\User\Downloads\OCR-Engine\ops\page_010_clahe_8.tess.tile048.png,8327,True,,,
page_010_clahe_8.tess.tile048.tess.txt,C:\Users\User\Downloads\OCR-Engine\ops\page_010_clahe_8.tess.tile048.tess.txt,0,False,,,
page_010_clahe_8.tess.tile049.png,C:\Users\User\Downloads\OCR-Engine\ops\page_010_clahe_8.tess.tile049.png,127017,True,,,
page_010_clahe_8.tess.tile049.tess.txt,C:\Users\User\Downloads\OCR-Engine\ops\page_010_clahe_8.tess.tile049.tess.txt,5,False,,,雛\n
page_010_clahe_8.tess.tile050.png,C:\Users\User\Downloads\OCR-Engine\ops\page_010_clahe_8.tess.tile050.png,91149,True,,,
page_010_clahe_8.tess.tile050.tess.txt,C:\Users\User\Downloads\OCR-Engine\ops\page_010_clahe_8.tess.tile050.tess.txt,5,False,,,川\n
page_010_clahe_8.tess.tile051.png,C:\Users\User\Downloads\OCR-Engine\ops\page_010_clahe_8.tess.tile051.png,480970,True,,,
page_010_clahe_8.tess.tile051.tess.txt,C:\Users\User\Downloads\OCR-Engine\ops\page_010_clahe_8.tess.tile051.tess.txt,386,False,,,"ド 華 疱 隆 aini\n\n蓋\n\n帖 Russin\n\n` 苑 杏 利 CLiintain 目\n\n翁\n\n逸 Germany\n\n`\n\n`\n\nn\n\n北 木 付 素 国 り . S A\n\n炊\n\n仙 UOKhcrs\n\n⑲①②\n\n目\n\n本 Jum\n\n‥_""\n\nリ ①\n\n: 田 華 與 国 China\n\nに a り\n\n` 恍\n\n羅 Russh\n\n計」竺 英 宋 含 CLiDikin\n\n| '{\n\n蝉\n\n礫 Cc"
page_010_clahe_8.tess.tile052.png,C:\Users\User\Downloads\OCR-Engine\ops\page_010_clahe_8.tess.tile052.png,313693,True,,,
page_010_clahe_8.tess.tile052.tess.txt,C:\Users\User\Downloads\OCR-Engine\ops\page_010_clahe_8.tess.tile052.tess.txt,153,False,,,Y e\n\nf。 K ト\n\nert\n\n欅璽鵬朧蘆縄臀\n\n[\n\nぱ\n\n志\n\nA け A\n\nS\n\nCre\n\nS 迦 す\n\n|\n\nU\n\nu\n\n【'「ー\n\n計 | |\n\n見\n
page_010_clahe_8.tess.tile053.png,C:\Users\User\Downloads\OCR-Engine\ops\page_010_clahe_8.tess.tile053.png,71926,True,,,
page_010_clahe_8.tess.tile053.tess.txt,C:\Users\User\Downloads\OCR-Engine\ops\page_010_clahe_8.tess.tile053.tess.txt,10,False,,,W\n\n‥\n
page_010_clahe_8.tess.tile054.png,C:\Users\User\Downloads\OCR-Engine\ops\page_010_clahe_8.tess.tile054.png,12102,True,,,
page_010_clahe_8.tess.tile054.tess.txt,C:\Users\User\Downloads\OCR-Engine\ops\page_010_clahe_8.tess.tile054.tess.txt,0,False,,,
page_010_clahe_8.tess.tile055.png,C:\Users\User\Downloads\OCR-Engine\ops\page_010_clahe_8.tess.tile055.png,105140,True,,,
page_010_clahe_8.tess.tile055.tess.txt,C:\Users\User\Downloads\OCR-Engine\ops\page_010_clahe_8.tess.tile055.tess.txt,0,False,,,
page_010_clahe_8.tess.tile056.png,C:\Users\User\Downloads\OCR-Engine\ops\page_010_clahe_8.tess.tile056.png,97272,True,,,
page_010_clahe_8.tess.tile056.tess.txt,C:\Users\User\Downloads\OCR-Engine\ops\page_010_clahe_8.tess.tile056.tess.txt,0,False,,,
page_010_clahe_8.tess.tile057.png,C:\Users\User\Downloads\OCR-Engine\ops\page_010_clahe_8.tess.tile057.png,7878,True,,,
page_010_clahe_8.tess.tile057.tess.txt,C:\Users\User\Downloads\OCR-Engine\ops\page_010_clahe_8.tess.tile057.tess.txt,0,False,,,
page_010_clahe_8.tess.tile058.png,C:\Users\User\Downloads\OCR-Engine\ops\page_010_clahe_8.tess.tile058.png,5358,True,,,
page_010_clahe_8.tess.tile058.tess.txt,C:\Users\User\Downloads\OCR-Engine\ops\page_010_clahe_8.tess.tile058.tess.txt,0,False,,,
page_010_clahe_8.tess.tile059.png,C:\Users\User\Downloads\OCR-Engine\ops\page_010_clahe_8.tess.tile059.png,6041,True,,,
page_010_clahe_8.tess.tile059.tess.txt,C:\Users\User\Downloads\OCR-Engine\ops\page_010_clahe_8.tess.tile059.tess.txt,0,False,,,
page_010_clahe_8.tess.tile060.png,C:\Users\User\Downloads\OCR-Engine\ops\page_010_clahe_8.tess.tile060.png,125905,True,,,
page_010_clahe_8.tess.tile060.tess.txt,C:\Users\User\Downloads\OCR-Engine\ops\page_010_clahe_8.tess.tile060.tess.txt,10,False,,,③0⑥0\n
page_010_clahe_8.tess.tile061.png,C:\Users\User\Downloads\OCR-Engine\ops\page_010_clahe_8.tess.tile061.png,113590,True,,,
page_010_clahe_8.tess.tile061.tess.txt,C:\Users\User\Downloads\OCR-Engine\ops\page_010_clahe_8.tess.tile061.tess.txt,16,False,,,日\n\n川 川\n
page_010_clahe_8.tess.tile062.png,C:\Users\User\Downloads\OCR-Engine\ops\page_010_clahe_8.tess.tile062.png,489378,True,,,
page_010_clahe_8.tess.tile062.tess.txt,C:\Users\User\Downloads\OCR-Engine\ops\page_010_clahe_8.tess.tile062.tess.txt,492,False,,,b⑧ra コ ① ミ | C 」 啓 に k に 紺\n\n蝉\n\n邉 Gcrmuany\n\n| _{\n\n北 来 食 宙 鋼 U. S ん\n\n(\n\n共\n\n他 (thcrs\n\n⑲③①\n\n日\n\nよ お k 旭\n\nー\n\nー\n\nす\n\n本 hhmm\n\n①\n\n` 巾 潜 民 岡 China 、\n\n⑯ 芋\n\n⑭。\n\n茂\n\n載 Russi\n\n⑧\n\nェ F が\n\n` 茉 貢 刑 QLBrikn ESy\n\n` 蝉\n\n鶴 Gc
page_010_clahe_8.tess.tile063.png,C:\Users\User\Downloads\OCR-Engine\ops\page_010_clahe_8.tess.tile063.png,370854,True,,,
page_010_clahe_8.tess.tile063.tess.txt,C:\Users\User\Downloads\OCR-Engine\ops\page_010_clahe_8.tess.tile063.tess.txt,303,False,,,"ーー_「{\n\nL\n\n①\n\nh y\n\n① ま\n\nよ ド k 糾 向\n\nv\n\nーj…\n\n⑪〟囁.・茸\n\naS が が r\n\nは\n\nて e\n\n[ K\n\n【 い\n\n『 ,'\n\nR {」ー'\n\nゃ ナ が り\n\n( 約\n\n幽 |\n\nョ ⑧ に\n\nュ ①\n\n① や す ま\n\n山\n\nI0 ③0 ⑤0\n\nI\n\n?\n\n弧\n\n①\n"
page_010_clahe_8.tess.tile064.png,C:\Users\User\Downloads\OCR-Engine\ops\page_010_clahe_8.tess.tile064.png,85859,True,,,
page_010_clahe_8.tess.tile064.tess.txt,C:\Users\User\Downloads\OCR-Engine\ops\page_010_clahe_8.tess.tile064.tess.txt,17,False,,,相\n\nW\n\n言\n
page_010_clahe_8.tess.tile065.png,C:\Users\User\Downloads\OCR-Engine\ops\page_010_clahe_8.tess.tile065.png,5025,True,,,
page_010_clahe_8.tess.tile065.tess.txt,C:\Users\User\Downloads\OCR-Engine\ops\page_010_clahe_8.tess.tile065.tess.txt,0,False,,,
page_010_clahe_8.tess.tile066.png,C:\Users\User\Downloads\OCR-Engine\ops\page_010_clahe_8.tess.tile066.png,83906,True,,,
page_010_clahe_8.tess.tile066.tess.txt,C:\Users\User\Downloads\OCR-Engine\ops\page_010_clahe_8.tess.tile066.tess.txt,7,False,,,ョ a\n
page_010_clahe_8.tess.tile067.png,C:\Users\User\Downloads\OCR-Engine\ops\page_010_clahe_8.tess.tile067.png,89174,True,,,
page_010_clahe_8.tess.tile067.tess.txt,C:\Users\User\Downloads\OCR-Engine\ops\page_010_clahe_8.tess.tile067.tess.txt,16,False,,,け\n\nョ ュ\n
page_010_clahe_8.tess.tile068.png,C:\Users\User\Downloads\OCR-Engine\ops\page_010_clahe_8.tess.tile068.png,20064,True,,,
page_010_clahe_8.tess.tile068.tess.txt,C:\Users\User\Downloads\OCR-Engine\ops\page_010_clahe_8.tess.tile068.tess.txt,0,False,,,
page_010_clahe_8.tess.tile069.png,C:\Users\User\Downloads\OCR-Engine\ops\page_010_clahe_8.tess.tile069.png,16606,True,,,
page_010_clahe_8.tess.tile069.tess.txt,C:\Users\User\Downloads\OCR-Engine\ops\page_010_clahe_8.tess.tile069.tess.txt,0,False,,,
page_010_clahe_8.tess.tile070.png,C:\Users\User\Downloads\OCR-Engine\ops\page_010_clahe_8.tess.tile070.png,23598,True,,,
page_010_clahe_8.tess.tile070.tess.txt,C:\Users\User\Downloads\OCR-Engine\ops\page_010_clahe_8.tess.tile070.tess.txt,0,False,,,
page_010_clahe_8.tess.tile071.png,C:\Users\User\Downloads\OCR-Engine\ops\page_010_clahe_8.tess.tile071.png,118963,True,,,
page_010_clahe_8.tess.tile071.tess.txt,C:\Users\User\Downloads\OCR-Engine\ops\page_010_clahe_8.tess.tile071.tess.txt,40,False,,,③0⑥0\n\nー ニ ーー 一 一 一\n
page_010_clahe_8.tess.tile072.png,C:\Users\User\Downloads\OCR-Engine\ops\page_010_clahe_8.tess.tile072.png,89034,True,,,
page_010_clahe_8.tess.tile072.tess.txt,C:\Users\User\Downloads\OCR-Engine\ops\page_010_clahe_8.tess.tile072.tess.txt,39,False,,,I\n\n?\n\nI\n\n⑤\n\nし\n\nー\n\n0\n
page_010_clahe_8.tess.tile073.png,C:\Users\User\Downloads\OCR-Engine\ops\page_010_clahe_8.tess.tile073.png,153594,True,,,
page_010_clahe_8.tess.tile073.tess.txt,C:\Users\User\Downloads\OCR-Engine\ops\page_010_clahe_8.tess.tile073.tess.txt,244,False,,,談 d 0 し こ\n\nし T\n\nし K\n\n他 (胸ブ\n\n0\n\n⑤0 ③0 ID\n\n①0 ⑳\n\nANiillinn\n\nNMilfnn\n\nー ニ ー ニ ー= ニ ュ ー 一 ー ニ ーー ニ ーーーーー デ ー 、 ニ ニ シ ニ ニ ー - ニ ー ー ー ー て\n
page_010_clahe_8.tess.tile074.png,C:\Users\User\Downloads\OCR-Engine\ops\page_010_clahe_8.tess.tile074.png,126190,True,,,
page_010_clahe_8.tess.tile074.tess.txt,C:\Users\User\Downloads\OCR-Engine\ops\page_010_clahe_8.tess.tile074.tess.txt,77,False,,,弁~ ~\n\n喪 e\n\nュ す ャ ①\n\nI 腑 目 l\n\nI\n\n?Ul\n\n①\n\ninn\n
page_010_clahe_8.tess.tile075.png,C:\Users\User\Downloads\OCR-Engine\ops\page_010_clahe_8.tess.tile075.png,68842,True,,,
page_010_clahe_8.tess.tile075.tess.txt,C:\Users\User\Downloads\OCR-Engine\ops\page_010_clahe_8.tess.tile075.tess.txt,5,False,,,ー\n
page_010_clahe_8.tess.tile076.png,C:\Users\User\Downloads\OCR-Engine\ops\page_010_clahe_8.tess.tile076.png,11492,True,,,
page_010_clahe_8.tess.tile076.tess.txt,C:\Users\User\Downloads\OCR-Engine\ops\page_010_clahe_8.tess.tile076.tess.txt,0,False,,,
page_010_clahe_8.tess.tile077.png,C:\Users\User\Downloads\OCR-Engine\ops\page_010_clahe_8.tess.tile077.png,9829,True,,,
page_010_clahe_8.tess.tile077.tess.txt,C:\Users\User\Downloads\OCR-Engine\ops\page_010_clahe_8.tess.tile077.tess.txt,0,False,,,
page_010_clahe_8.tess.tile078.png,C:\Users\User\Downloads\OCR-Engine\ops\page_010_clahe_8.tess.tile078.png,14531,True,,,
page_010_clahe_8.tess.tile078.tess.txt,C:\Users\User\Downloads\OCR-Engine\ops\page_010_clahe_8.tess.tile078.tess.txt,0,False,,,
page_010_clahe_8.tess.tile079.png,C:\Users\User\Downloads\OCR-Engine\ops\page_010_clahe_8.tess.tile079.png,7460,True,,,
page_010_clahe_8.tess.tile079.tess.txt,C:\Users\User\Downloads\OCR-Engine\ops\page_010_clahe_8.tess.tile079.tess.txt,0,False,,,
page_010_clahe_8.tess.tile080.png,C:\Users\User\Downloads\OCR-Engine\ops\page_010_clahe_8.tess.tile080.png,8112,True,,,
page_010_clahe_8.tess.tile080.tess.txt,C:\Users\User\Downloads\OCR-Engine\ops\page_010_clahe_8.tess.tile080.tess.txt,0,False,,,
page_010_clahe_8.tess.tile081.png,C:\Users\User\Downloads\OCR-Engine\ops\page_010_clahe_8.tess.tile081.png,16411,True,,,
page_010_clahe_8.tess.tile081.tess.txt,C:\Users\User\Downloads\OCR-Engine\ops\page_010_clahe_8.tess.tile081.tess.txt,0,False,,,
page_010_clahe_8.tess.tile082.png,C:\Users\User\Downloads\OCR-Engine\ops\page_010_clahe_8.tess.tile082.png,7572,True,,,
page_010_clahe_8.tess.tile082.tess.txt,C:\Users\User\Downloads\OCR-Engine\ops\page_010_clahe_8.tess.tile082.tess.txt,0,False,,,
page_010_clahe_8.tess.tile083.png,C:\Users\User\Downloads\OCR-Engine\ops\page_010_clahe_8.tess.tile083.png,18142,True,,,
page_010_clahe_8.tess.tile083.tess.txt,C:\Users\User\Downloads\OCR-Engine\ops\page_010_clahe_8.tess.tile083.tess.txt,10,False,,,ピ\n\nf\n
page_010_clahe_8.tess.tile084.png,C:\Users\User\Downloads\OCR-Engine\ops\page_010_clahe_8.tess.tile084.png,15737,True,,,
page_010_clahe_8.tess.tile084.tess.txt,C:\Users\User\Downloads\OCR-Engine\ops\page_010_clahe_8.tess.tile084.tess.txt,0,False,,,
page_010_clahe_8.tess.tile085.png,C:\Users\User\Downloads\OCR-Engine\ops\page_010_clahe_8.tess.tile085.png,99094,True,,,
page_010_clahe_8.tess.tile085.tess.txt,C:\Users\User\Downloads\OCR-Engine\ops\page_010_clahe_8.tess.tile085.tess.txt,98,False,,,ー 丘 ゃ 体\n\nー ノ舞】\n\nー『L\n\nビ デ `\n\nー_\n\n・~績\n\n`一〕ゞ\n\n⑧\n
page_010_clahe_8.tess.tile086.png,C:\Users\User\Downloads\OCR-Engine\ops\page_010_clahe_8.tess.tile086.png,254005,True,,,
page_010_clahe_8.tess.tile086.tess.txt,C:\Users\User\Downloads\OCR-Engine\ops\page_010_clahe_8.tess.tile086.tess.txt,390,False,,,"キ ー\n\nF ゃ p ・'」-】\n\na 〈p\n\n_}\n\nサ_""ー{ ス ャ\n\nー ン\n\nた\n\nh\n\nー滸]L ]\n\nテ ー ′\n\n麟誰ヰ幇 e\n\n】 ~\n\nョ ー ョ\n\n】 縄\n\n・~-\n\nT て\n\nョ a\n\nC\n\n`ー~い\n\nに 【 槻\n\nヱ ら _.L_比 鯛 を を C そ\n\nキ ャ ー ョ ン ェ ネ ー\n\nーー~ー\n\nす E A\n\nU い T g に\n\nM⑧\n\nbactSW に 相\n\nー"
page_010_clahe_8.tess.tile087.png,C:\Users\User\Downloads\OCR-Engine\ops\page_010_clahe_8.tess.tile087.png,128247,True,,,
page_010_clahe_8.tess.tile087.tess.txt,C:\Users\User\Downloads\OCR-Engine\ops\page_010_clahe_8.tess.tile087.tess.txt,225,False,,,"p\n\n・・_;\n\nー 詞\n\nw\n\nた a\n\n防\n\ne\n\nー シ ー ー ー ド ト\n\nー ー =\n\nー′\n\nむ s ー ョ\n\nャ ャ\n\n[ 報 ①\n\nPee\n\n~_ー`\n\nレ 上\n\n岸_}_\n\n託\n\nラ ー ョ\n\n…出 ,ーー\n"
page_010_clahe_8.tess.tiled.psm11.clean.txt,C:\Users\User\Downloads\OCR-Engine\ops\page_010_clahe_8.tess.tiled.psm11.clean.txt,2628,False,,,"314. 轍 出Values of Exports( 輸入 )Imports3 華? 蓋1 値~朱 入 主 要 國 別 累Ports and Imports by F0...囁「iー趙入)佐陳 け10 長通 曹| 累 年 比 軽ountrics,1081 01085( 輝自 )Exhports11ョ1 傳? 磋」 ョ「{ー}山( 下 乙 Rlt TRI5 $119359lI1 【旨赤 Jammnて"
page_010_clahe_8.tess.tiled.psm11.normalized.txt,C:\Users\User\Downloads\OCR-Engine\ops\page_010_clahe_8.tess.tiled.psm11.normalized.txt,3517,False,,,"③ ①\n④. 轍 出\nValues of Exports\n( 輸\n入 )\nImports\n③ 華\n? 蓋\n① 値\n~\n朱 入 主 要 國 別 累\nPorts and Imports by F0…囁「iー\n趙入)\n佐\n陳 け\n① 0 長\n通 曹\n| 累 年 比 軽\nountrics, ①0⑧① {0 ①0⑧⑤\n( 輝\n自 )\nExhports\n⑪\nョ\n① 傳\n? 磋\n」 ョ\n「{\nー}\n山\n( 下 "
page_010_clahe_8.tess.tiled.psm11.normalized.txt.ollama.suggested.txt,C:\Users\User\Downloads\OCR-Engine\ops\page_010_clahe_8.tess.tiled.psm11.normalized.txt.ollama.suggested.txt,3510,False,,,"③ ①\n④. 轍 出\nValues of Exports\n( 輸\n入 )\nImports\n③ 華\n? 蓋\n① 値\n~\n朱 入 主 要 國 別 累\nError: unknown flag: --prompt\n趙入)\n佐\n陳 け\n① 0 長\n通 曹\n| 累 年 比 軽\nountrics, ①0⑧① {0 ①0⑧⑤\n( 輝\n自 )\nExhports\n⑪\nョ\n① 傳\n? 磋\n」 ョ\n「{\nー}\n山\n( 下"
page_010_clahe_8.tess.tiled.psm11.txt,C:\Users\User\Downloads\OCR-Engine\ops\page_010_clahe_8.tess.tiled.psm11.txt,4143,False,,,"③ ①\n④. 轍 出\n\nValues of Exports\n\n( 輸\n\n入 )\n\nImports\n\n③ 華\n\n? 蓋\n\n① 値\n\n~\n朱 入 主 要 國 別 累\n\nPorts and Imports by F0…囁「iー\n\n趙入)\n\n佐\n\n陳 け\n\n① 0 長\n\n通 曹\n| 累 年 比 軽\n\nountrics, ①0⑧① {0 ①0⑧⑤\n\n( 輝\n\n自 )\n\nExhports\n\n⑪\n\nョ\n\n① 傳"
page_010_clahe_9.clean.txt,C:\Users\User\Downloads\OCR-Engine\ops\page_010_clahe_9.clean.txt,0,False,,,
page_010_clahe_9.png,C:\Users\User\Downloads\OCR-Engine\ops\page_010_clahe_9.png,10138037,True,,,
page_010_clahe_9.rapid.txt,C:\Users\User\Downloads\OCR-Engine\ops\page_010_clahe_9.rapid.txt,0,False,,,
page_010_clahe_9.tess.tile000.png,C:\Users\User\Downloads\OCR-Engine\ops\page_010_clahe_9.tess.tile000.png,22718,True,,,
page_010_clahe_9.tess.tile000.tess.txt,C:\Users\User\Downloads\OCR-Engine\ops\page_010_clahe_9.tess.tile000.tess.txt,0,False,,,
page_010_clahe_9.tess.tile001.png,C:\Users\User\Downloads\OCR-Engine\ops\page_010_clahe_9.tess.tile001.png,59556,True,,,
page_010_clahe_9.tess.tile001.tess.txt,C:\Users\User\Downloads\OCR-Engine\ops\page_010_clahe_9.tess.tile001.tess.txt,0,False,,,
page_010_clahe_9.tess.tile002.png,C:\Users\User\Downloads\OCR-Engine\ops\page_010_clahe_9.tess.tile002.png,23709,True,,,
page_010_clahe_9.tess.tile002.tess.txt,C:\Users\User\Downloads\OCR-Engine\ops\page_010_clahe_9.tess.tile002.tess.txt,0,False,,,
page_010_clahe_9.tess.tile003.png,C:\Users\User\Downloads\OCR-Engine\ops\page_010_clahe_9.tess.tile003.png,21742,True,,,
page_010_clahe_9.tess.tile003.tess.txt,C:\Users\User\Downloads\OCR-Engine\ops\page_010_clahe_9.tess.tile003.tess.txt,0,False,,,
page_010_clahe_9.tess.tile004.png,C:\Users\User\Downloads\OCR-Engine\ops\page_010_clahe_9.tess.tile004.png,24470,True,,,
page_010_clahe_9.tess.tile004.tess.txt,C:\Users\User\Downloads\OCR-Engine\ops\page_010_clahe_9.tess.tile004.tess.txt,0,False,,,
page_010_clahe_9.tess.tile005.png,C:\Users\User\Downloads\OCR-Engine\ops\page_010_clahe_9.tess.tile005.png,67472,True,,,
page_010_clahe_9.tess.tile005.tess.txt,C:\Users\User\Downloads\OCR-Engine\ops\page_010_clahe_9.tess.tile005.tess.txt,0,False,,,
page_010_clahe_9.tess.tile006.png,C:\Users\User\Downloads\OCR-Engine\ops\page_010_clahe_9.tess.tile006.png,21672,True,,,
page_010_clahe_9.tess.tile006.tess.txt,C:\Users\User\Downloads\OCR-Engine\ops\page_010_clahe_9.tess.tile006.tess.txt,0,False,,,
page_010_clahe_9.tess.tile007.png,C:\Users\User\Downloads\OCR-Engine\ops\page_010_clahe_9.tess.tile007.png,26039,True,,,
page_010_clahe_9.tess.tile007.tess.txt,C:\Users\User\Downloads\OCR-Engine\ops\page_010_clahe_9.tess.tile007.tess.txt,0,False,,,
page_010_clahe_9.tess.tile008.png,C:\Users\User\Downloads\OCR-Engine\ops\page_010_clahe_9.tess.tile008.png,24390,True,,,
page_010_clahe_9.tess.tile008.tess.txt,C:\Users\User\Downloads\OCR-Engine\ops\page_010_clahe_9.tess.tile008.tess.txt,0,False,,,
page_010_clahe_9.tess.tile009.png,C:\Users\User\Downloads\OCR-Engine\ops\page_010_clahe_9.tess.tile009.png,34862,True,,,
page_010_clahe_9.tess.tile009.tess.txt,C:\Users\User\Downloads\OCR-Engine\ops\page_010_clahe_9.tess.tile009.tess.txt,0,False,,,
page_010_clahe_9.tess.tile010.png,C:\Users\User\Downloads\OCR-Engine\ops\page_010_clahe_9.tess.tile010.png,13334,True,,,
page_010_clahe_9.tess.tile010.tess.txt,C:\Users\User\Downloads\OCR-Engine\ops\page_010_clahe_9.tess.tile010.tess.txt,0,False,,,
page_010_clahe_9.tess.tile011.png,C:\Users\User\Downloads\OCR-Engine\ops\page_010_clahe_9.tess.tile011.png,49152,True,,,
page_010_clahe_9.tess.tile011.tess.txt,C:\Users\User\Downloads\OCR-Engine\ops\page_010_clahe_9.tess.tile011.tess.txt,0,False,,,
page_010_clahe_9.tess.tile012.png,C:\Users\User\Downloads\OCR-Engine\ops\page_010_clahe_9.tess.tile012.png,81448,True,,,
page_010_clahe_9.tess.tile012.tess.txt,C:\Users\User\Downloads\OCR-Engine\ops\page_010_clahe_9.tess.tile012.tess.txt,0,False,,,
page_010_clahe_9.tess.tile013.png,C:\Users\User\Downloads\OCR-Engine\ops\page_010_clahe_9.tess.tile013.png,5335,True,,,
page_010_clahe_9.tess.tile013.tess.txt,C:\Users\User\Downloads\OCR-Engine\ops\page_010_clahe_9.tess.tile013.tess.txt,0,False,,,
page_010_clahe_9.tess.tile014.png,C:\Users\User\Downloads\OCR-Engine\ops\page_010_clahe_9.tess.tile014.png,5547,True,,,
page_010_clahe_9.tess.tile014.tess.txt,C:\Users\User\Downloads\OCR-Engine\ops\page_010_clahe_9.tess.tile014.tess.txt,0,False,,,
page_010_clahe_9.tess.tile015.png,C:\Users\User\Downloads\OCR-Engine\ops\page_010_clahe_9.tess.tile015.png,5532,True,,,
page_010_clahe_9.tess.tile015.tess.txt,C:\Users\User\Downloads\OCR-Engine\ops\page_010_clahe_9.tess.tile015.tess.txt,0,False,,,
page_010_clahe_9.tess.tile016.png,C:\Users\User\Downloads\OCR-Engine\ops\page_010_clahe_9.tess.tile016.png,99413,True,,,
page_010_clahe_9.tess.tile016.tess.txt,C:\Users\User\Downloads\OCR-Engine\ops\page_010_clahe_9.tess.tile016.tess.txt,3,False,,,|\n
page_010_clahe_9.tess.tile017.png,C:\Users\User\Downloads\OCR-Engine\ops\page_010_clahe_9.tess.tile017.png,168871,True,,,
page_010_clahe_9.tess.tile017.tess.txt,C:\Users\User\Downloads\OCR-Engine\ops\page_010_clahe_9.tess.tile017.tess.txt,100,False,,,④. 轍 出\n\nValues of Exports\n\n( 輸\n\n入 )\n\nImports\n\n③ 華\n\n? 蓋\n\n① 値\n\nR\n
page_010_clahe_9.tess.tile018.png,C:\Users\User\Downloads\OCR-Engine\ops\page_010_clahe_9.tess.tile018.png,212641,True,,,
page_010_clahe_9.tess.tile018.tess.txt,C:\Users\User\Downloads\OCR-Engine\ops\page_010_clahe_9.tess.tile018.tess.txt,126,False,,,朱 入 主 要 國 別 累\n\nports and Iimports by F0…ー…ー\n\n艶入)\n\n佐\n\n陳 は\n\n①0⑨ で\n\ng 逢 夏\n
page_010_clahe_9.tess.tile019.png,C:\Users\User\Downloads\OCR-Engine\ops\page_010_clahe_9.tess.tile019.png,187966,True,,,
page_010_clahe_9.tess.tile019.tess.txt,C:\Users\User\Downloads\OCR-Engine\ops\page_010_clahe_9.tess.tile019.tess.txt,130,False,,,"| 累 年 比 軽\n\nountrics, ①0⑧① {0 ①0⑧⑤\n\n( 輝\n\n自 )\n\nExhports\n\nt TRI\n\nー\n\nョ\n\n① 傳\n\n? 磋\n"
page_010_clahe_9.tess.tile020.png,C:\Users\User\Downloads\OCR-Engine\ops\page_010_clahe_9.tess.tile020.png,61420,True,,,
page_010_clahe_9.tess.tile020.tess.txt,C:\Users\User\Downloads\OCR-Engine\ops\page_010_clahe_9.tess.tile020.tess.txt,9,False,,,」 ョ\n
page_010_clahe_9.tess.tile021.png,C:\Users\User\Downloads\OCR-Engine\ops\page_010_clahe_9.tess.tile021.png,18642,True,,,
page_010_clahe_9.tess.tile021.tess.txt,C:\Users\User\Downloads\OCR-Engine\ops\page_010_clahe_9.tess.tile021.tess.txt,0,False,,,
page_010_clahe_9.tess.tile022.png,C:\Users\User\Downloads\OCR-Engine\ops\page_010_clahe_9.tess.tile022.png,64794,True,,,
page_010_clahe_9.tess.tile022.tess.txt,C:\Users\User\Downloads\OCR-Engine\ops\page_010_clahe_9.tess.tile022.tess.txt,8,False,,,「ー\n
page_010_clahe_9.tess.tile023.png,C:\Users\User\Downloads\OCR-Engine\ops\page_010_clahe_9.tess.tile023.png,85749,True,,,
page_010_clahe_9.tess.tile023.tess.txt,C:\Users\User\Downloads\OCR-Engine\ops\page_010_clahe_9.tess.tile023.tess.txt,0,False,,,
page_010_clahe_9.tess.tile024.png,C:\Users\User\Downloads\OCR-Engine\ops\page_010_clahe_9.tess.tile024.png,5335,True,,,
page_010_clahe_9.tess.tile024.tess.txt,C:\Users\User\Downloads\OCR-Engine\ops\page_010_clahe_9.tess.tile024.tess.txt,0,False,,,
page_010_clahe_9.tess.tile025.png,C:\Users\User\Downloads\OCR-Engine\ops\page_010_clahe_9.tess.tile025.png,5335,True,,,
page_010_clahe_9.tess.tile025.tess.txt,C:\Users\User\Downloads\OCR-Engine\ops\page_010_clahe_9.tess.tile025.tess.txt,0,False,,,
page_010_clahe_9.tess.tile026.png,C:\Users\User\Downloads\OCR-Engine\ops\page_010_clahe_9.tess.tile026.png,5335,True,,,
page_010_clahe_9.tess.tile026.tess.txt,C:\Users\User\Downloads\OCR-Engine\ops\page_010_clahe_9.tess.tile026.tess.txt,0,False,,,
page_010_clahe_9.tess.tile027.png,C:\Users\User\Downloads\OCR-Engine\ops\page_010_clahe_9.tess.tile027.png,115000,True,,,
page_010_clahe_9.tess.tile027.tess.txt,C:\Users\User\Downloads\OCR-Engine\ops\page_010_clahe_9.tess.tile027.tess.txt,6,False,,,ー}\n
page_010_clahe_9.tess.tile028.png,C:\Users\User\Downloads\OCR-Engine\ops\page_010_clahe_9.tess.tile028.png,130897,True,,,
page_010_clahe_9.tess.tile028.tess.txt,C:\Users\User\Downloads\OCR-Engine\ops\page_010_clahe_9.tess.tile028.tess.txt,5,False,,,岡\n
page_010_clahe_9.tess.tile029.png,C:\Users\User\Downloads\OCR-Engine\ops\page_010_clahe_9.tess.tile029.png,388332,True,,,
page_010_clahe_9.tess.tile029.tess.txt,C:\Users\User\Downloads\OCR-Engine\ops\page_010_clahe_9.tess.tile029.tess.txt,333,False,,,( 下 舌 国 l\n\nt TRI\n\n⑤ $ ①\n\n⑲③⑤\n\n⑨\n\nI ① |\n\nて i\n\nJmmn\n\n田 澱 民 国 Chinn\n\n聴 Kussia\n\n董 合 判 t ttmtun\n\nし り\n\n鐵 Germtuany\n\n」 兄 米 口 沼 國 り ⑤ 九\n\n北\n\n愁 (Nhcrs\n\n惟\n\n⑲③④\n\nH\n\n本 mn\n\n[ ォ\n\n|\n\nI ① ①\n\n志 壊 尺 團 れ hin ュ a\n
page_010_clahe_9.tess.tile030.png,C:\Users\User\Downloads\OCR-Engine\ops\page_010_clahe_9.tess.tile030.png,323098,True,,,
page_010_clahe_9.tess.tile030.tess.txt,C:\Users\User\Downloads\OCR-Engine\ops\page_010_clahe_9.tess.tile030.tess.txt,222,False,,,]\n\nExhports\n\nt TRI\n\n① ③ ⑤\n\n① 価\n\n② 傾\n\ni し\n\nr\n\nRK\n\n囃)“才翻`\n\nゃ 湯 宇\n\nrB\n\nCr\n\nI に ⑧\n\nL は\n\nn\n\n⑨ ド\n\nさ\n\nEd\n\nPJ 〝{\n\n旭\n\n~*「\n\nR\n\nY\n\nWR F\n
page_010_clahe_9.tess.tile031.png,C:\Users\User\Downloads\OCR-Engine\ops\page_010_clahe_9.tess.tile031.png,73627,True,,,
page_010_clahe_9.tess.tile031.tess.txt,C:\Users\User\Downloads\OCR-Engine\ops\page_010_clahe_9.tess.tile031.tess.txt,9,False,,,{縄ー\n
page_010_clahe_9.tess.tile032.png,C:\Users\User\Downloads\OCR-Engine\ops\page_010_clahe_9.tess.tile032.png,13525,True,,,
page_010_clahe_9.tess.tile032.tess.txt,C:\Users\User\Downloads\OCR-Engine\ops\page_010_clahe_9.tess.tile032.tess.txt,0,False,,,
page_010_clahe_9.tess.tile033.png,C:\Users\User\Downloads\OCR-Engine\ops\page_010_clahe_9.tess.tile033.png,85827,True,,,
page_010_clahe_9.tess.tile033.tess.txt,C:\Users\User\Downloads\OCR-Engine\ops\page_010_clahe_9.tess.tile033.tess.txt,0,False,,,
page_010_clahe_9.tess.tile034.png,C:\Users\User\Downloads\OCR-Engine\ops\page_010_clahe_9.tess.tile034.png,81177,True,,,
page_010_clahe_9.tess.tile034.tess.txt,C:\Users\User\Downloads\OCR-Engine\ops\page_010_clahe_9.tess.tile034.tess.txt,0,False,,,
page_010_clahe_9.tess.tile035.png,C:\Users\User\Downloads\OCR-Engine\ops\page_010_clahe_9.tess.tile035.png,5335,True,,,
page_010_clahe_9.tess.tile035.tess.txt,C:\Users\User\Downloads\OCR-Engine\ops\page_010_clahe_9.tess.tile035.tess.txt,0,False,,,
page_010_clahe_9.tess.tile036.png,C:\Users\User\Downloads\OCR-Engine\ops\page_010_clahe_9.tess.tile036.png,6136,True,,,
page_010_clahe_9.tess.tile036.tess.txt,C:\Users\User\Downloads\OCR-Engine\ops\page_010_clahe_9.tess.tile036.tess.txt,0,False,,,
page_010_clahe_9.tess.tile037.png,C:\Users\User\Downloads\OCR-Engine\ops\page_010_clahe_9.tess.tile037.png,5335,True,,,
page_010_clahe_9.tess.tile037.tess.txt,C:\Users\User\Downloads\OCR-Engine\ops\page_010_clahe_9.tess.tile037.tess.txt,0,False,,,
page_010_clahe_9.tess.tile038.png,C:\Users\User\Downloads\OCR-Engine\ops\page_010_clahe_9.tess.tile038.png,117164,True,,,
page_010_clahe_9.tess.tile038.tess.txt,C:\Users\User\Downloads\OCR-Engine\ops\page_010_clahe_9.tess.tile038.tess.txt,5,False,,,邱\n
page_010_clahe_9.tess.tile039.png,C:\Users\User\Downloads\OCR-Engine\ops\page_010_clahe_9.tess.tile039.png,74708,True,,,
page_010_clahe_9.tess.tile039.tess.txt,C:\Users\User\Downloads\OCR-Engine\ops\page_010_clahe_9.tess.tile039.tess.txt,14,False,,,閾\n\n| | |\n
page_010_clahe_9.tess.tile040.png,C:\Users\User\Downloads\OCR-Engine\ops\page_010_clahe_9.tess.tile040.png,415801,True,,,
page_010_clahe_9.tess.tile040.tess.txt,C:\Users\User\Downloads\OCR-Engine\ops\page_010_clahe_9.tess.tile040.tess.txt,303,False,,,[ ォ\n\nI\n\nH\n\n本 mn\n\n巾 華 民 岡 China\n\n[\n\n羅 Russi+\n\n蓋 向 利 岳 .①iikiin\n\n|\n\n判\n\n迷 Gcnnany\n\n①\n\n食 来 向 絣 國 U. S ん\n\nM\n\n北\n\n他 (thcra\n\n⑲③③\n\n囁\n\nネ mn\n\n]~ー\n\n中ー轟鷹LmM\n\n喪 Russin\n\nl\n\n` 苑 杏 利 CLintain\n\n圃\n
page_010_clahe_9.tess.tile041.png,C:\Users\User\Downloads\OCR-Engine\ops\page_010_clahe_9.tess.tile041.png,293622,True,,,
page_010_clahe_9.tess.tile041.tess.txt,C:\Users\User\Downloads\OCR-Engine\ops\page_010_clahe_9.tess.tile041.tess.txt,281,False,,,PJ\n\nい さ\n\nド ね\n\nい +\n\nroam\n\nu n\n\nし た す で _窃\n\naea\n\n① F\n\n詞\n\nO に\n\nff ・' ー~'\n\nB\n\nョ す\n\n` で\n\nト ④\n\n⑮\n\n日\n\nす ネ\n\nし ゃ\n\n[ 哉 は く た も\n\nku a\n\nB\n\nA\n\nい 旭 す ⑧ mte\n\nド t ェ\n\n弐\n
page_010_clahe_9.tess.tile042.png,C:\Users\User\Downloads\OCR-Engine\ops\page_010_clahe_9.tess.tile042.png,66023,True,,,
page_010_clahe_9.tess.tile042.tess.txt,C:\Users\User\Downloads\OCR-Engine\ops\page_010_clahe_9.tess.tile042.tess.txt,10,False,,,目\n\n|\n
page_010_clahe_9.tess.tile043.png,C:\Users\User\Downloads\OCR-Engine\ops\page_010_clahe_9.tess.tile043.png,11697,True,,,
page_010_clahe_9.tess.tile043.tess.txt,C:\Users\User\Downloads\OCR-Engine\ops\page_010_clahe_9.tess.tile043.tess.txt,0,False,,,
page_010_clahe_9.tess.tile044.png,C:\Users\User\Downloads\OCR-Engine\ops\page_010_clahe_9.tess.tile044.png,103094,True,,,
page_010_clahe_9.tess.tile044.tess.txt,C:\Users\User\Downloads\OCR-Engine\ops\page_010_clahe_9.tess.tile044.tess.txt,12,False,,,|\n\n} 』\n
page_010_clahe_9.tess.tile045.png,C:\Users\User\Downloads\OCR-Engine\ops\page_010_clahe_9.tess.tile045.png,97218,True,,,
page_010_clahe_9.tess.tile045.tess.txt,C:\Users\User\Downloads\OCR-Engine\ops\page_010_clahe_9.tess.tile045.tess.txt,8,False,,,|\n\n|\n
page_010_clahe_9.tess.tile046.png,C:\Users\User\Downloads\OCR-Engine\ops\page_010_clahe_9.tess.tile046.png,7796,True,,,
page_010_clahe_9.tess.tile046.tess.txt,C:\Users\User\Downloads\OCR-Engine\ops\page_010_clahe_9.tess.tile046.tess.txt,0,False,,,
page_010_clahe_9.tess.tile047.png,C:\Users\User\Downloads\OCR-Engine\ops\page_010_clahe_9.tess.tile047.png,6247,True,,,
page_010_clahe_9.tess.tile047.tess.txt,C:\Users\User\Downloads\OCR-Engine\ops\page_010_clahe_9.tess.tile047.tess.txt,0,False,,,
page_010_clahe_9.tess.tile048.png,C:\Users\User\Downloads\OCR-Engine\ops\page_010_clahe_9.tess.tile048.png,8222,True,,,
page_010_clahe_9.tess.tile048.tess.txt,C:\Users\User\Downloads\OCR-Engine\ops\page_010_clahe_9.tess.tile048.tess.txt,0,False,,,
page_010_clahe_9.tess.tile049.png,C:\Users\User\Downloads\OCR-Engine\ops\page_010_clahe_9.tess.tile049.png,123249,True,,,
page_010_clahe_9.tess.tile049.tess.txt,C:\Users\User\Downloads\OCR-Engine\ops\page_010_clahe_9.tess.tile049.tess.txt,5,False,,,雛\n
page_010_clahe_9.tess.tile050.png,C:\Users\User\Downloads\OCR-Engine\ops\page_010_clahe_9.tess.tile050.png,88970,True,,,
page_010_clahe_9.tess.tile050.tess.txt,C:\Users\User\Downloads\OCR-Engine\ops\page_010_clahe_9.tess.tile050.tess.txt,5,False,,,川\n
page_010_clahe_9.tess.tile051.png,C:\Users\User\Downloads\OCR-Engine\ops\page_010_clahe_9.tess.tile051.png,465214,True,,,
page_010_clahe_9.tess.tile051.tess.txt,C:\Users\User\Downloads\OCR-Engine\ops\page_010_clahe_9.tess.tile051.tess.txt,362,False,,,ド 華 疱 隆 n\n\n奪\n\n喪 Russin\n\n` 苑 杏 利 CLiintain 目\n\nに\n\n逸 Cerinany\n\n①\n\n北 木 代 素 国 り . ⑤ A\n\n炊\n\n他 OKhcrs\n\n⑲①②\n\n目\n\n本 Juum\n\nコ ①\n\nー 田 華 踏 国 China\n\nに a り\n\n` 悔\n\n羅 Russh\n\nE r\n\n|\n\n孝〟言 英 宮 刑 CLliikin\n\n凸\n\n蝉\n\n邉 Ccmuany\n\n圃
page_010_clahe_9.tess.tile052.png,C:\Users\User\Downloads\OCR-Engine\ops\page_010_clahe_9.tess.tile052.png,309144,True,,,
page_010_clahe_9.tess.tile052.tess.txt,C:\Users\User\Downloads\OCR-Engine\ops\page_010_clahe_9.tess.tile052.tess.txt,179,False,,,①\n\n|\n\n約 決\n\n* な\n\nf F セ\n\nrr\n\nの け Aeed さ S\n\n[\n\nぱ\n\n地\n\nマ イ と マ ①\n\nS\n\nCre\n\n④\n\nし |\n\n|\n\nu\n\nー_「{\n\n計 | |\n\n目\n
page_010_clahe_9.tess.tile053.png,C:\Users\User\Downloads\OCR-Engine\ops\page_010_clahe_9.tess.tile053.png,69093,True,,,
page_010_clahe_9.tess.tile053.tess.txt,C:\Users\User\Downloads\OCR-Engine\ops\page_010_clahe_9.tess.tile053.tess.txt,20,False,,,‥\n\n|\n\nーー\n
page_010_clahe_9.tess.tile054.png,C:\Users\User\Downloads\OCR-Engine\ops\page_010_clahe_9.tess.tile054.png,11355,True,,,
page_010_clahe_9.tess.tile054.tess.txt,C:\Users\User\Downloads\OCR-Engine\ops\page_010_clahe_9.tess.tile054.tess.txt,0,False,,,
page_010_clahe_9.tess.tile055.png,C:\Users\User\Downloads\OCR-Engine\ops\page_010_clahe_9.tess.tile055.png,100566,True,,,
page_010_clahe_9.tess.tile055.tess.txt,C:\Users\User\Downloads\OCR-Engine\ops\page_010_clahe_9.tess.tile055.tess.txt,0,False,,,
page_010_clahe_9.tess.tile056.png,C:\Users\User\Downloads\OCR-Engine\ops\page_010_clahe_9.tess.tile056.png,93356,True,,,
page_010_clahe_9.tess.tile056.tess.txt,C:\Users\User\Downloads\OCR-Engine\ops\page_010_clahe_9.tess.tile056.tess.txt,0,False,,,
page_010_clahe_9.tess.tile057.png,C:\Users\User\Downloads\OCR-Engine\ops\page_010_clahe_9.tess.tile057.png,7807,True,,,
page_010_clahe_9.tess.tile057.tess.txt,C:\Users\User\Downloads\OCR-Engine\ops\page_010_clahe_9.tess.tile057.tess.txt,0,False,,,
page_010_clahe_9.tess.tile058.png,C:\Users\User\Downloads\OCR-Engine\ops\page_010_clahe_9.tess.tile058.png,5358,True,,,
page_010_clahe_9.tess.tile058.tess.txt,C:\Users\User\Downloads\OCR-Engine\ops\page_010_clahe_9.tess.tile058.tess.txt,0,False,,,
page_010_clahe_9.tess.tile059.png,C:\Users\User\Downloads\OCR-Engine\ops\page_010_clahe_9.tess.tile059.png,6058,True,,,
page_010_clahe_9.tess.tile059.tess.txt,C:\Users\User\Downloads\OCR-Engine\ops\page_010_clahe_9.tess.tile059.tess.txt,0,False,,,
page_010_clahe_9.tess.tile060.png,C:\Users\User\Downloads\OCR-Engine\ops\page_010_clahe_9.tess.tile060.png,122197,True,,,
page_010_clahe_9.tess.tile060.tess.txt,C:\Users\User\Downloads\OCR-Engine\ops\page_010_clahe_9.tess.tile060.tess.txt,7,False,,,③00\n
page_010_clahe_9.tess.tile061.png,C:\Users\User\Downloads\OCR-Engine\ops\page_010_clahe_9.tess.tile061.png,110345,True,,,
page_010_clahe_9.tess.tile061.tess.txt,C:\Users\User\Downloads\OCR-Engine\ops\page_010_clahe_9.tess.tile061.tess.txt,24,False,,,旧 目 目\n\n川 門\n
page_010_clahe_9.tess.tile062.png,C:\Users\User\Downloads\OCR-Engine\ops\page_010_clahe_9.tess.tile062.png,473968,True,,,
page_010_clahe_9.tess.tile062.tess.txt,C:\Users\User\Downloads\OCR-Engine\ops\page_010_clahe_9.tess.tile062.tess.txt,480,False,,,"唇 k コ ① | C ョ | `・】・{'…'"" | e\n\n蝉\n\n凸\n\n磯 Gcrmuany\n\n}\n\nす 食 木 向 枝 綱 り ⑤ ん ま\n\n共\n\n他 (thcrs\n\n⑲③①\n\n日\n\nネ m\n\nよ す Maldy\n\n|\n\n|\n\n⑯\n\n・ 梨 蕃 民 国 China 、\n\n①\n\nれ\n\n茂\n\n羅 Russia\n\nU Lゝ\n\n` 茉 安 利 CLBrikiin 鮑\n\nは\n\n鶏 Gcnnany\n\n~ー"
page_010_clahe_9.tess.tile063.png,C:\Users\User\Downloads\OCR-Engine\ops\page_010_clahe_9.tess.tile063.png,361371,True,,,
page_010_clahe_9.tess.tile063.tess.txt,C:\Users\User\Downloads\OCR-Engine\ops\page_010_clahe_9.tess.tile063.tess.txt,278,False,,,"ma |\n\nーー_「†\n\nL\n\nh\n\n①\n\nよ お k 粗\n\nC\n\nー]〕'\n\n⑪ い ① ・'縄麟 R\n\nは\n\nて e\n\n` n\n\n【 い\n\nノ~縄\n\n,・\n\nーー」'\n\nな y\n\n( デ ネ ュ\n\n幽 |\n\n''''''''\n\nrrt」\n\nMGOS\n\n|\n\nl ③0 ⑤0\n\nI\n\n?\n\n弧\n\n①\n"
page_010_clahe_9.tess.tile064.png,C:\Users\User\Downloads\OCR-Engine\ops\page_010_clahe_9.tess.tile064.png,83868,True,,,
page_010_clahe_9.tess.tile064.tess.txt,C:\Users\User\Downloads\OCR-Engine\ops\page_010_clahe_9.tess.tile064.tess.txt,17,False,,,相\n\nW\n\n言\n
page_010_clahe_9.tess.tile065.png,C:\Users\User\Downloads\OCR-Engine\ops\page_010_clahe_9.tess.tile065.png,4921,True,,,
page_010_clahe_9.tess.tile065.tess.txt,C:\Users\User\Downloads\OCR-Engine\ops\page_010_clahe_9.tess.tile065.tess.txt,0,False,,,
page_010_clahe_9.tess.tile066.png,C:\Users\User\Downloads\OCR-Engine\ops\page_010_clahe_9.tess.tile066.png,79741,True,,,
page_010_clahe_9.tess.tile066.tess.txt,C:\Users\User\Downloads\OCR-Engine\ops\page_010_clahe_9.tess.tile066.tess.txt,7,False,,,ョ a\n
page_010_clahe_9.tess.tile067.png,C:\Users\User\Downloads\OCR-Engine\ops\page_010_clahe_9.tess.tile067.png,85115,True,,,
page_010_clahe_9.tess.tile067.tess.txt,C:\Users\User\Downloads\OCR-Engine\ops\page_010_clahe_9.tess.tile067.tess.txt,20,False,,,ョ ュ\n\n⑪ く\n
page_010_clahe_9.tess.tile068.png,C:\Users\User\Downloads\OCR-Engine\ops\page_010_clahe_9.tess.tile068.png,19161,True,,,
page_010_clahe_9.tess.tile068.tess.txt,C:\Users\User\Downloads\OCR-Engine\ops\page_010_clahe_9.tess.tile068.tess.txt,0,False,,,
page_010_clahe_9.tess.tile069.png,C:\Users\User\Downloads\OCR-Engine\ops\page_010_clahe_9.tess.tile069.png,15777,True,,,
page_010_clahe_9.tess.tile069.tess.txt,C:\Users\User\Downloads\OCR-Engine\ops\page_010_clahe_9.tess.tile069.tess.txt,0,False,,,
page_010_clahe_9.tess.tile070.png,C:\Users\User\Downloads\OCR-Engine\ops\page_010_clahe_9.tess.tile070.png,22745,True,,,
page_010_clahe_9.tess.tile070.tess.txt,C:\Users\User\Downloads\OCR-Engine\ops\page_010_clahe_9.tess.tile070.tess.txt,0,False,,,
page_010_clahe_9.tess.tile071.png,C:\Users\User\Downloads\OCR-Engine\ops\page_010_clahe_9.tess.tile071.png,114760,True,,,
page_010_clahe_9.tess.tile071.tess.txt,C:\Users\User\Downloads\OCR-Engine\ops\page_010_clahe_9.tess.tile071.tess.txt,22,False,,,③00\n\nー ニ ー\n
page_010_clahe_9.tess.tile072.png,C:\Users\User\Downloads\OCR-Engine\ops\page_010_clahe_9.tess.tile072.png,85223,True,,,
page_010_clahe_9.tess.tile072.tess.txt,C:\Users\User\Downloads\OCR-Engine\ops\page_010_clahe_9.tess.tile072.tess.txt,47,False,,,皿\n\n⑳0\n\nI\n\n⑤D\n\nし\n\nー\n\n⑧\n
page_010_clahe_9.tess.tile073.png,C:\Users\User\Downloads\OCR-Engine\ops\page_010_clahe_9.tess.tile073.png,146374,True,,,
page_010_clahe_9.tess.tile073.tess.txt,C:\Users\User\Downloads\OCR-Engine\ops\page_010_clahe_9.tess.tile073.tess.txt,240,False,,,し に\n\nL 綱 a\n\nl\n\n(~ ~\n\n他 (thcra\n\n0\n\n⑤0 ③0 I\n\nI 叩 恥\n\nMiillinn\n\nNMilfnon\n\nュ ニ シ ー ニ ー ニ ー ョ m ニ ュ ー ーー ニ ーーーーー デ ー ニ ニ と ニ ニ ー コ ー で ー テ て\n
page_010_clahe_9.tess.tile074.png,C:\Users\User\Downloads\OCR-Engine\ops\page_010_clahe_9.tess.tile074.png,121412,True,,,
page_010_clahe_9.tess.tile074.tess.txt,C:\Users\User\Downloads\OCR-Engine\ops\page_010_clahe_9.tess.tile074.tess.txt,236,False,,,(~ ~\n\nー い れ て も で れ\n\nー\n\nI 叩 ⑤0\n\nI\n\n?0l\n\nR\n\ninn\n\nュ ー シ ー ー ー ッ ー ニ ー ニ ーー ニ ニ ニ と ニ コ に つ コ ー ニ ー デ ー ニ ー ニ ー ー ド マ ラ ー ド ー\n
page_010_clahe_9.tess.tile075.png,C:\Users\User\Downloads\OCR-Engine\ops\page_010_clahe_9.tess.tile075.png,65546,True,,,
page_010_clahe_9.tess.tile075.tess.txt,C:\Users\User\Downloads\OCR-Engine\ops\page_010_clahe_9.tess.tile075.tess.txt,5,False,,,ー\n
page_010_clahe_9.tess.tile076.png,C:\Users\User\Downloads\OCR-Engine\ops\page_010_clahe_9.tess.tile076.png,11031,True,,,
page_010_clahe_9.tess.tile076.tess.txt,C:\Users\User\Downloads\OCR-Engine\ops\page_010_clahe_9.tess.tile076.tess.txt,0,False,,,
page_010_clahe_9.tess.tile077.png,C:\Users\User\Downloads\OCR-Engine\ops\page_010_clahe_9.tess.tile077.png,9238,True,,,
page_010_clahe_9.tess.tile077.tess.txt,C:\Users\User\Downloads\OCR-Engine\ops\page_010_clahe_9.tess.tile077.tess.txt,0,False,,,
page_010_clahe_9.tess.tile078.png,C:\Users\User\Downloads\OCR-Engine\ops\page_010_clahe_9.tess.tile078.png,13903,True,,,
page_010_clahe_9.tess.tile078.tess.txt,C:\Users\User\Downloads\OCR-Engine\ops\page_010_clahe_9.tess.tile078.tess.txt,0,False,,,
page_010_clahe_9.tess.tile079.png,C:\Users\User\Downloads\OCR-Engine\ops\page_010_clahe_9.tess.tile079.png,7064,True,,,
page_010_clahe_9.tess.tile079.tess.txt,C:\Users\User\Downloads\OCR-Engine\ops\page_010_clahe_9.tess.tile079.tess.txt,0,False,,,
page_010_clahe_9.tess.tile080.png,C:\Users\User\Downloads\OCR-Engine\ops\page_010_clahe_9.tess.tile080.png,7719,True,,,
page_010_clahe_9.tess.tile080.tess.txt,C:\Users\User\Downloads\OCR-Engine\ops\page_010_clahe_9.tess.tile080.tess.txt,0,False,,,
page_010_clahe_9.tess.tile081.png,C:\Users\User\Downloads\OCR-Engine\ops\page_010_clahe_9.tess.tile081.png,15713,True,,,
page_010_clahe_9.tess.tile081.tess.txt,C:\Users\User\Downloads\OCR-Engine\ops\page_010_clahe_9.tess.tile081.tess.txt,0,False,,,
page_010_clahe_9.tess.tile082.png,C:\Users\User\Downloads\OCR-Engine\ops\page_010_clahe_9.tess.tile082.png,7354,True,,,
page_010_clahe_9.tess.tile082.tess.txt,C:\Users\User\Downloads\OCR-Engine\ops\page_010_clahe_9.tess.tile082.tess.txt,0,False,,,
page_010_clahe_9.tess.tile083.png,C:\Users\User\Downloads\OCR-Engine\ops\page_010_clahe_9.tess.tile083.png,17004,True,,,
page_010_clahe_9.tess.tile083.tess.txt,C:\Users\User\Downloads\OCR-Engine\ops\page_010_clahe_9.tess.tile083.tess.txt,10,False,,,ピ\n\nf\n
page_010_clahe_9.tess.tile084.png,C:\Users\User\Downloads\OCR-Engine\ops\page_010_clahe_9.tess.tile084.png,14657,True,,,
page_010_clahe_9.tess.tile084.tess.txt,C:\Users\User\Downloads\OCR-Engine\ops\page_010_clahe_9.tess.tile084.tess.txt,0,False,,,
page_010_clahe_9.tess.tile085.png,C:\Users\User\Downloads\OCR-Engine\ops\page_010_clahe_9.tess.tile085.png,94738,True,,,
page_010_clahe_9.tess.tile085.tess.txt,C:\Users\User\Downloads\OCR-Engine\ops\page_010_clahe_9.tess.tile085.tess.txt,114,False,,,に 進 誌 言 ③\n\nー い c ノ轟】\n\na 縄L\n\n亡〆\n\nー_\n\n・_謂\n\n〕{\n\nま 湯 顕 あ る\n
page_010_clahe_9.tess.tile086.png,C:\Users\User\Downloads\OCR-Engine\ops\page_010_clahe_9.tess.tile086.png,242510,True,,,
page_010_clahe_9.tess.tile086.tess.txt,C:\Users\User\Downloads\OCR-Engine\ops\page_010_clahe_9.tess.tile086.tess.txt,367,False,,,R p ーー」・{]\n\na 〈′\n\n翼 〇\n\nャ ー\n\nで\n\n④\n\nー ン\n\n0\n\n丁稗'~翡; ー滸‡L 進\n\nテ ー ′\n\n麟雛準幇 い\n\nー\n\nョ ー ョ\n\n・ゝ-\n\nt\n\nォ\n\nョ a\n\nC\n\n`ー~【ー\n\nD\n\n旭\n\nに 【 槻\n\nキ 一出 .\n\n燗\n\n_._比 綱 そ る ま\n\n一~\n\nー… 5・鹸 「]離~“ ・~“ご'〝`;'\n\n寸 ー\n
page_010_clahe_9.tess.tile087.png,C:\Users\User\Downloads\OCR-Engine\ops\page_010_clahe_9.tess.tile087.png,121952,True,,,
page_010_clahe_9.tess.tile087.tess.txt,C:\Users\User\Downloads\OCR-Engine\ops\page_010_clahe_9.tess.tile087.tess.txt,236,False,,,"は す さ\n\nト a\n\nが e aa\n\nな a コ\n\nC②⑧\n\n`ー に\n\nー択\n\n君\n\nと g ミ ー ョ\n\nャ て\n\n[ 報 ①\n\nPee\n\nに 記 」\n\nレ 上\n\n⑧ m U Ru\n\nー ト ー 一\n\nF\n\nラ ー ョ\n\n〟甜 ,ー鸞\n"
page_010_clahe_9.tess.tiled.psm11.clean.txt,C:\Users\User\Downloads\OCR-Engine\ops\page_010_clahe_9.tess.tiled.psm11.clean.txt,2748,False,,,"4. 轍 出Values of Exports( 輸入 )Imports3 華? 蓋1 値R朱 入 主 要 國 別 累ports and Iimports by F0...ー...ー艶入)佐陳 は109 でg 逢 夏| 累 年 比 軽ountrics,1081 01085( 輝自 )Exhportst TRIーョ1 傳? 磋」 ョ「ーー}岡( 下 舌 国 lt TRI5 $119359I1 |て "
page_010_clahe_9.tess.tiled.psm11.normalized.txt,C:\Users\User\Downloads\OCR-Engine\ops\page_010_clahe_9.tess.tiled.psm11.normalized.txt,3641,False,,,"|\n④. 轍 出\nValues of Exports\n( 輸\n入 )\nImports\n③ 華\n? 蓋\n① 値\nR\n朱 入 主 要 國 別 累\nports and Iimports by F0…ー…ー\n艶入)\n佐\n陳 は\n①0⑨ で\ng 逢 夏\n| 累 年 比 軽\nountrics, ①0⑧① {0 ①0⑧⑤\n( 輝\n自 )\nExhports\nt TRI\nー\nョ\n① 傳\n? 磋\n」 ョ\n「ー\nー}\n"
page_010_clahe_9.tess.tiled.psm11.normalized.txt.ollama.suggested.txt,C:\Users\User\Downloads\OCR-Engine\ops\page_010_clahe_9.tess.tiled.psm11.normalized.txt.ollama.suggested.txt,3634,False,,,"|\n④. 轍 出\nValues of Exports\n( 輸\n入 )\nImports\n③ 華\n? 蓋\n① 値\nR\n朱 入 主 要 國 別 累\nError: unknown flag: --prompt\n艶入)\n佐\n陳 は\n①0⑨ で\ng 逢 夏\n| 累 年 比 軽\nountrics, ①0⑧① {0 ①0⑧⑤\n( 輝\n自 )\nExhports\nt TRI\nー\nョ\n① 傳\n? 磋\n」 ョ\n「ー\nー}"
page_010_clahe_9.tess.tiled.psm11.txt,C:\Users\User\Downloads\OCR-Engine\ops\page_010_clahe_9.tess.tiled.psm11.txt,4263,False,,,"|\n④. 轍 出\n\nValues of Exports\n\n( 輸\n\n入 )\n\nImports\n\n③ 華\n\n? 蓋\n\n① 値\n\nR\n朱 入 主 要 國 別 累\n\nports and Iimports by F0…ー…ー\n\n艶入)\n\n佐\n\n陳 は\n\n①0⑨ で\n\ng 逢 夏\n| 累 年 比 軽\n\nountrics, ①0⑧① {0 ①0⑧⑤\n\n( 輝\n\n自 )\n\nExhports\n\nt TRI\n\nー\n"
page_010_pre2x.png,C:\Users\User\Downloads\OCR-Engine\ops\page_010_pre2x.png,10178695,True,,,
page_010_pre3x.png,C:\Users\User\Downloads\OCR-Engine\ops\page_010_pre3x.png,19471506,True,,,
page_010_sample.orig.png,C:\Users\User\Downloads\OCR-Engine\ops\page_010_sample.orig.png,47892524,True,,,
page_010_sample.png,C:\Users\User\Downloads\OCR-Engine\ops\page_010_sample.png,20225055,True,,,
page_010_sample.resized.png,C:\Users\User\Downloads\OCR-Engine\ops\page_010_sample.resized.png,20225055,True,,,
